variant,variant_label,method,domain,tau,fit_scope,metric,value,primary_value,delta_vs_primary,n_test,primary_n_test,n_quarters
bins20,"HistogramBinning(20), primary filters",binning20,Sports,1w,per_domain,brier,0.17098802483907358,0.16784867923381336,0.0031393456052602187,1501.0,1501.0,2.0
bins20,"HistogramBinning(20), primary filters",binning20,Politics,1w,per_domain,brier,0.1736006836512327,0.16777555856168286,0.005825125089549854,414.0,414.0,2.0
bins20,"HistogramBinning(20), primary filters",binning20,Finance,1w,per_domain,brier,0.13154509678166995,0.13014291369745568,0.0014021830842142757,660.0,660.0,4.0
bins20,"HistogramBinning(20), primary filters",binning20,Weather,1w,per_domain,brier,0.1732631726902009,0.159922142227559,0.0133410304626419,135.0,135.0,4.0
bins20,"HistogramBinning(20), primary filters",binning20,Entertainment,1w,per_domain,brier,0.15651953557818382,0.15270525125620746,0.0038142843219763634,1134.0,1134.0,4.0
bins20,"HistogramBinning(20), primary filters",binning20,ALL,1w,per_domain,brier,0.16030883294739842,0.15662110196151688,0.0036877309858815432,3844.0,3844.0,4.0
bins20,"HistogramBinning(20), primary filters",binning20,Sports,1w,pooled,brier,0.1605535569444957,0.15960710249927113,0.0009464544452245649,1697.0,1697.0,4.0
bins20,"HistogramBinning(20), primary filters",binning20,Crypto,1w,pooled,brier,0.16917716997212434,0.17208522950804964,-0.0029080595359252948,89.0,89.0,4.0
bins20,"HistogramBinning(20), primary filters",binning20,Politics,1w,pooled,brier,0.17935947160868407,0.18035574622583916,-0.0009962746171550962,699.0,699.0,4.0
bins20,"HistogramBinning(20), primary filters",binning20,Finance,1w,pooled,brier,0.1305687696108314,0.1300226399574315,0.000546129653399896,660.0,660.0,4.0
bins20,"HistogramBinning(20), primary filters",binning20,Weather,1w,pooled,brier,0.1559208023394277,0.15751158709308866,-0.001590784753660951,135.0,135.0,4.0
bins20,"HistogramBinning(20), primary filters",binning20,Entertainment,1w,pooled,brier,0.15067949874319195,0.15106396014593174,-0.00038446140273978857,1134.0,1134.0,4.0
bins20,"HistogramBinning(20), primary filters",binning20,ALL,1w,pooled,brier,0.15654365037393508,0.1564619488931354,8.170148079969519e-05,4414.0,4414.0,4.0
bins20,"HistogramBinning(20), primary filters",binning20,Sports,1w,per_domain,ece,0.059813023047211006,0.02776293861383324,0.03205008443337777,1501.0,1501.0,2.0
bins20,"HistogramBinning(20), primary filters",binning20,Politics,1w,per_domain,ece,0.09759488622688997,0.07069835109176426,0.026896535135125715,414.0,414.0,2.0
bins20,"HistogramBinning(20), primary filters",binning20,Finance,1w,per_domain,ece,0.07785109810229687,0.07397828643551725,0.0038728116667796214,660.0,660.0,4.0
bins20,"HistogramBinning(20), primary filters",binning20,Weather,1w,per_domain,ece,0.13900940623162844,0.12933708267041596,0.009672323561212476,135.0,135.0,4.0
bins20,"HistogramBinning(20), primary filters",binning20,Entertainment,1w,per_domain,ece,0.08240562643763936,0.07575882058409109,0.006646805853548279,1134.0,1134.0,4.0
bins20,"HistogramBinning(20), primary filters",binning20,ALL,1w,per_domain,ece,0.04905086711347755,0.03810972168007484,0.010941145433402709,3844.0,3844.0,4.0
bins20,"HistogramBinning(20), primary filters",binning20,Sports,1w,pooled,ece,0.05389047067253313,0.052338846624632014,0.001551624047901115,1697.0,1697.0,4.0
bins20,"HistogramBinning(20), primary filters",binning20,Crypto,1w,pooled,ece,0.2413882140517439,0.24585450451254398,-0.004466290460800076,63.0,63.0,2.0
bins20,"HistogramBinning(20), primary filters",binning20,Politics,1w,pooled,ece,0.1008562152541451,0.0991795209596372,0.0016766942945079105,699.0,699.0,4.0
bins20,"HistogramBinning(20), primary filters",binning20,Finance,1w,pooled,ece,0.08142916875166904,0.07273894939713701,0.008690219354532028,660.0,660.0,4.0
bins20,"HistogramBinning(20), primary filters",binning20,Weather,1w,pooled,ece,0.15452588712419665,0.12606694664475146,0.028458940479445194,135.0,135.0,4.0
bins20,"HistogramBinning(20), primary filters",binning20,Entertainment,1w,pooled,ece,0.06354862117270564,0.05968811770010932,0.0038605034725963244,1134.0,1134.0,4.0
bins20,"HistogramBinning(20), primary filters",binning20,ALL,1w,pooled,ece,0.040425770583754864,0.036133466936540154,0.00429230364721471,4414.0,4414.0,4.0
bins20,"HistogramBinning(20), primary filters",binning20,Sports,1w,per_domain,log_loss,0.5815260132636413,0.5159929323641413,0.06553308089949994,1501.0,1501.0,2.0
bins20,"HistogramBinning(20), primary filters",binning20,Politics,1w,per_domain,log_loss,0.5718834791205023,0.5085392441553426,0.06334423496515973,414.0,414.0,2.0
bins20,"HistogramBinning(20), primary filters",binning20,Finance,1w,per_domain,log_loss,0.410709326703196,0.4054887805652072,0.00522054613798878,660.0,660.0,4.0
bins20,"HistogramBinning(20), primary filters",binning20,Weather,1w,per_domain,log_loss,0.753815804002802,0.5551517747686544,0.1986640292341476,135.0,135.0,4.0
bins20,"HistogramBinning(20), primary filters",binning20,Entertainment,1w,per_domain,log_loss,0.5316337564923613,0.4889459181104882,0.04268783838187312,1134.0,1134.0,4.0
bins20,"HistogramBinning(20), primary filters",binning20,ALL,1w,per_domain,log_loss,0.5424912266627051,0.4896132659893306,0.052877960673374524,3844.0,3844.0,4.0
bins20,"HistogramBinning(20), primary filters",binning20,Sports,1w,pooled,log_loss,0.48225913232877704,0.4809878821337483,0.001271250195028717,1697.0,1697.0,4.0
bins20,"HistogramBinning(20), primary filters",binning20,Crypto,1w,pooled,log_loss,0.5112321766442842,0.5160020913197026,-0.00476991467541843,89.0,89.0,4.0
bins20,"HistogramBinning(20), primary filters",binning20,Politics,1w,pooled,log_loss,0.5742138908385266,0.5463258623511119,0.027888028487414673,699.0,699.0,4.0
bins20,"HistogramBinning(20), primary filters",binning20,Finance,1w,pooled,log_loss,0.409183686139807,0.40634233978027934,0.0028413463595276522,660.0,660.0,4.0
bins20,"HistogramBinning(20), primary filters",binning20,Weather,1w,pooled,log_loss,0.4760548456499649,0.4766218076015445,-0.0005669619515795699,135.0,135.0,4.0
bins20,"HistogramBinning(20), primary filters",binning20,Entertainment,1w,pooled,log_loss,0.47062643286189787,0.46585155445192417,0.004774878409973704,1134.0,1134.0,4.0
bins20,"HistogramBinning(20), primary filters",binning20,ALL,1w,pooled,log_loss,0.48330039258264973,0.4768572611965397,0.006443131386110024,4414.0,4414.0,4.0
bins20,"HistogramBinning(20), primary filters",binning20,Sports,24h,per_domain,brier,0.1967993814111263,0.19703021121609482,-0.00023082980496852423,8056.0,8056.0,2.0
bins20,"HistogramBinning(20), primary filters",binning20,Crypto,24h,per_domain,brier,0.21134747560128034,0.21233016925139203,-0.0009826936501116934,1255.0,1255.0,3.0
bins20,"HistogramBinning(20), primary filters",binning20,Politics,24h,per_domain,brier,0.1794062329404753,0.18020867162256524,-0.0008024386820899287,850.0,850.0,2.0
bins20,"HistogramBinning(20), primary filters",binning20,Finance,24h,per_domain,brier,0.14260578391266113,0.14326308111442515,-0.0006572972017640233,5042.0,5042.0,13.0
bins20,"HistogramBinning(20), primary filters",binning20,Weather,24h,per_domain,brier,0.16580124375424488,0.16605783433408103,-0.0002565905798361523,19253.0,19253.0,14.0
bins20,"HistogramBinning(20), primary filters",binning20,Entertainment,24h,per_domain,brier,0.1526653047470039,0.15123346929857076,0.0014318354484331441,2124.0,2124.0,6.0
bins20,"HistogramBinning(20), primary filters",binning20,ALL,24h,per_domain,brier,0.17054682920442304,0.17079253534854275,-0.0002457061441197006,36580.0,36580.0,14.0
bins20,"HistogramBinning(20), primary filters",binning20,Sports,24h,pooled,brier,0.19175168199900147,0.1934175716892497,-0.0016658896902482234,8523.0,8523.0,7.0
bins20,"HistogramBinning(20), primary filters",binning20,Crypto,24h,pooled,brier,0.18923528722855393,0.1935705019518548,-0.0043352147233008675,1810.0,1810.0,7.0
bins20,"HistogramBinning(20), primary filters",binning20,Politics,24h,pooled,brier,0.16885359171620937,0.17205270520534185,-0.003199113489132488,1181.0,1181.0,12.0
bins20,"HistogramBinning(20), primary filters",binning20,Finance,24h,pooled,brier,0.14210323655880025,0.143101887557777,-0.0009986509989767522,5282.0,5282.0,14.0
bins20,"HistogramBinning(20), primary filters",binning20,Weather,24h,pooled,brier,0.16547154002817097,0.16648284390006104,-0.001011303871890079,19253.0,19253.0,14.0
bins20,"HistogramBinning(20), primary filters",binning20,Entertainment,24h,pooled,brier,0.14703820496973766,0.150379589865875,-0.003341384896137334,2297.0,2297.0,12.0
bins20,"HistogramBinning(20), primary filters",binning20,ALL,24h,pooled,brier,0.16821548948676424,0.16973439468256946,-0.0015189051958052202,38346.0,38346.0,14.0
bins20,"HistogramBinning(20), primary filters",binning20,Sports,24h,per_domain,ece,0.03280697212673769,0.032369369695811084,0.00043760243092660217,8056.0,8056.0,2.0
bins20,"HistogramBinning(20), primary filters",binning20,Crypto,24h,per_domain,ece,0.09607775682039774,0.09166339541153079,0.004414361408866946,1255.0,1255.0,3.0
bins20,"HistogramBinning(20), primary filters",binning20,Politics,24h,per_domain,ece,0.07897762171006083,0.06732872355497445,0.011648898155086379,850.0,850.0,2.0
bins20,"HistogramBinning(20), primary filters",binning20,Finance,24h,per_domain,ece,0.05532573291548746,0.049525661217858175,0.005800071697629285,5042.0,5042.0,13.0
bins20,"HistogramBinning(20), primary filters",binning20,Weather,24h,per_domain,ece,0.030783346894432188,0.028259122505836218,0.00252422438859597,19253.0,19253.0,14.0
bins20,"HistogramBinning(20), primary filters",binning20,Entertainment,24h,per_domain,ece,0.0611698913865234,0.062050468110091336,-0.0008805767235679357,2124.0,2124.0,6.0
bins20,"HistogramBinning(20), primary filters",binning20,ALL,24h,per_domain,ece,0.03011755447985986,0.02718690414792961,0.0029306503319302506,36580.0,36580.0,14.0
bins20,"HistogramBinning(20), primary filters",binning20,Sports,24h,pooled,ece,0.022409793692251184,0.025189667085482446,-0.002779873393231262,8507.0,8507.0,4.0
bins20,"HistogramBinning(20), primary filters",binning20,Crypto,24h,pooled,ece,0.07948636573618133,0.07921721179236617,0.0002691539438151591,1809.0,1809.0,6.0
bins20,"HistogramBinning(20), primary filters",binning20,Politics,24h,pooled,ece,0.0582850821840174,0.059668302688659636,-0.0013832205046422352,1128.0,1128.0,4.0
bins20,"HistogramBinning(20), primary filters",binning20,Finance,24h,pooled,ece,0.05092099270311253,0.04576491229599999,0.0051560804071125385,5282.0,5282.0,14.0
bins20,"HistogramBinning(20), primary filters",binning20,Weather,24h,pooled,ece,0.03158392759095349,0.028399483469221186,0.0031844441217323063,19253.0,19253.0,14.0
bins20,"HistogramBinning(20), primary filters",binning20,Entertainment,24h,pooled,ece,0.048722524041342676,0.04828980393860398,0.00043272010273869704,2278.0,2278.0,9.0
bins20,"HistogramBinning(20), primary filters",binning20,ALL,24h,pooled,ece,0.02446646837451223,0.02400371003095071,0.0004627583435615201,38346.0,38346.0,14.0
bins20,"HistogramBinning(20), primary filters",binning20,Sports,24h,per_domain,log_loss,0.6041796224552937,0.5823686799300497,0.02181094252524396,8056.0,8056.0,2.0
bins20,"HistogramBinning(20), primary filters",binning20,Crypto,24h,per_domain,log_loss,0.6461868399306971,0.623023297642623,0.023163542288074157,1255.0,1255.0,3.0
bins20,"HistogramBinning(20), primary filters",binning20,Politics,24h,per_domain,log_loss,0.544602036002296,0.5345568981773706,0.010045137824925332,850.0,850.0,2.0
bins20,"HistogramBinning(20), primary filters",binning20,Finance,24h,per_domain,log_loss,0.4631160658301,0.45542283389917615,0.007693231930923861,5042.0,5042.0,13.0
bins20,"HistogramBinning(20), primary filters",binning20,Weather,24h,per_domain,log_loss,0.5023922879908612,0.5025966412453713,-0.00020435325451007014,19253.0,19253.0,14.0
bins20,"HistogramBinning(20), primary filters",binning20,Entertainment,24h,per_domain,log_loss,0.5515230572244962,0.505051318376101,0.04647173884839528,2124.0,2124.0,6.0
bins20,"HistogramBinning(20), primary filters",binning20,ALL,24h,per_domain,log_loss,0.5281621692554147,0.5186794354881453,0.00948273376726938,36580.0,36580.0,14.0
bins20,"HistogramBinning(20), primary filters",binning20,Sports,24h,pooled,log_loss,0.5628281400943491,0.5672316626548161,-0.004403522560466944,8523.0,8523.0,7.0
bins20,"HistogramBinning(20), primary filters",binning20,Crypto,24h,pooled,log_loss,0.5658799481054108,0.5792410082659237,-0.013361060160512972,1810.0,1810.0,7.0
bins20,"HistogramBinning(20), primary filters",binning20,Politics,24h,pooled,log_loss,0.5086348300449356,0.5186605036613231,-0.01002567361638751,1181.0,1181.0,12.0
bins20,"HistogramBinning(20), primary filters",binning20,Finance,24h,pooled,log_loss,0.45577121597665843,0.45710402952004786,-0.0013328135433894328,5282.0,5282.0,14.0
bins20,"HistogramBinning(20), primary filters",binning20,Weather,24h,pooled,log_loss,0.501283138302887,0.503432886139897,-0.002149747837010052,19253.0,19253.0,14.0
bins20,"HistogramBinning(20), primary filters",binning20,Entertainment,24h,pooled,log_loss,0.4594829799402526,0.4682783970589175,-0.008795417118664883,2297.0,2297.0,12.0
bins20,"HistogramBinning(20), primary filters",binning20,ALL,24h,pooled,log_loss,0.509465000465106,0.5131730052525167,-0.0037080047874107347,38346.0,38346.0,14.0
bins5,"HistogramBinning(5), primary filters",binning5,Sports,1w,per_domain,brier,0.16719939671133455,0.16784867923381336,-0.0006492825224788112,1501.0,1501.0,2.0
bins5,"HistogramBinning(5), primary filters",binning5,Politics,1w,per_domain,brier,0.167896236683193,0.16777555856168286,0.00012067812151014823,414.0,414.0,2.0
bins5,"HistogramBinning(5), primary filters",binning5,Finance,1w,per_domain,brier,0.13208496267262143,0.13014291369745568,0.0019420489751657555,660.0,660.0,4.0
bins5,"HistogramBinning(5), primary filters",binning5,Weather,1w,per_domain,brier,0.15658828908330155,0.159922142227559,-0.003333853144257437,135.0,135.0,4.0
bins5,"HistogramBinning(5), primary filters",binning5,Entertainment,1w,per_domain,brier,0.1555945007971159,0.15270525125620746,0.0028892495409084396,1134.0,1134.0,4.0
bins5,"HistogramBinning(5), primary filters",binning5,ALL,1w,per_domain,brier,0.15744927022493765,0.15662110196151688,0.0008281682634207754,3844.0,3844.0,4.0
bins5,"HistogramBinning(5), primary filters",binning5,Sports,1w,pooled,brier,0.16527456567352541,0.15960710249927113,0.005667463174254289,1697.0,1697.0,4.0
bins5,"HistogramBinning(5), primary filters",binning5,Crypto,1w,pooled,brier,0.18800635316543945,0.17208522950804964,0.01592112365738982,89.0,89.0,4.0
bins5,"HistogramBinning(5), primary filters",binning5,Politics,1w,pooled,brier,0.1793297357941386,0.18035574622583916,-0.001026010431700558,699.0,699.0,4.0
bins5,"HistogramBinning(5), primary filters",binning5,Finance,1w,pooled,brier,0.13117748763472817,0.1300226399574315,0.0011548476772966776,660.0,660.0,4.0
bins5,"HistogramBinning(5), primary filters",binning5,Weather,1w,pooled,brier,0.1547655339802261,0.15751158709308866,-0.002746053112862551,135.0,135.0,4.0
bins5,"HistogramBinning(5), primary filters",binning5,Entertainment,1w,pooled,brier,0.15527936859079572,0.15106396014593174,0.004215408444863983,1134.0,1134.0,4.0
bins5,"HistogramBinning(5), primary filters",binning5,ALL,1w,pooled,brier,0.15997106515813617,0.1564619488931354,0.003509116265000778,4414.0,4414.0,4.0
bins5,"HistogramBinning(5), primary filters",binning5,Sports,1w,per_domain,ece,0.025426236107658744,0.02776293861383324,-0.002336702506174494,1501.0,1501.0,2.0
bins5,"HistogramBinning(5), primary filters",binning5,Politics,1w,per_domain,ece,0.04706980209367697,0.07069835109176426,-0.023628548998087286,414.0,414.0,2.0
bins5,"HistogramBinning(5), primary filters",binning5,Finance,1w,per_domain,ece,0.06236685661101553,0.07397828643551725,-0.011611429824501723,660.0,660.0,4.0
bins5,"HistogramBinning(5), primary filters",binning5,Weather,1w,per_domain,ece,0.14103102360728118,0.12933708267041596,0.01169394093686521,135.0,135.0,4.0
bins5,"HistogramBinning(5), primary filters",binning5,Entertainment,1w,per_domain,ece,0.060301475137892975,0.07575882058409109,-0.01545734544619811,1134.0,1134.0,4.0
bins5,"HistogramBinning(5), primary filters",binning5,ALL,1w,per_domain,ece,0.0356069985995997,0.03810972168007484,-0.0025027230804751457,3844.0,3844.0,4.0
bins5,"HistogramBinning(5), primary filters",binning5,Sports,1w,pooled,ece,0.043507227019095124,0.052338846624632014,-0.00883161960553689,1697.0,1697.0,4.0
bins5,"HistogramBinning(5), primary filters",binning5,Crypto,1w,pooled,ece,0.24350868425946123,0.24585450451254398,-0.0023458202530827477,63.0,63.0,2.0
bins5,"HistogramBinning(5), primary filters",binning5,Politics,1w,pooled,ece,0.07631393292090974,0.0991795209596372,-0.022865588038727458,699.0,699.0,4.0
bins5,"HistogramBinning(5), primary filters",binning5,Finance,1w,pooled,ece,0.05850877381133095,0.07273894939713701,-0.014230175585806068,660.0,660.0,4.0
bins5,"HistogramBinning(5), primary filters",binning5,Weather,1w,pooled,ece,0.11151763908445265,0.12606694664475146,-0.014549307560298805,135.0,135.0,4.0
bins5,"HistogramBinning(5), primary filters",binning5,Entertainment,1w,pooled,ece,0.05443648077931058,0.05968811770010932,-0.00525163692079874,1134.0,1134.0,4.0
bins5,"HistogramBinning(5), primary filters",binning5,ALL,1w,pooled,ece,0.02822369163161437,0.036133466936540154,-0.007909775304925783,4414.0,4414.0,4.0
bins5,"HistogramBinning(5), primary filters",binning5,Sports,1w,per_domain,log_loss,0.5128660072041852,0.5159929323641413,-0.003126925159956162,1501.0,1501.0,2.0
bins5,"HistogramBinning(5), primary filters",binning5,Politics,1w,per_domain,log_loss,0.5085841586943476,0.5085392441553426,4.49145390050143e-05,414.0,414.0,2.0
bins5,"HistogramBinning(5), primary filters",binning5,Finance,1w,per_domain,log_loss,0.4174749156806334,0.4054887805652072,0.011986135115426177,660.0,660.0,4.0
bins5,"HistogramBinning(5), primary filters",binning5,Weather,1w,per_domain,log_loss,0.4835514113212057,0.5551517747686544,-0.07160036344744869,135.0,135.0,4.0
bins5,"HistogramBinning(5), primary filters",binning5,Entertainment,1w,per_domain,log_loss,0.47676920569216363,0.4889459181104882,-0.012176712418324576,1134.0,1134.0,4.0
bins5,"HistogramBinning(5), primary filters",binning5,ALL,1w,per_domain,log_loss,0.48434830453835487,0.4896132659893306,-0.005264961450975714,3844.0,3844.0,4.0
bins5,"HistogramBinning(5), primary filters",binning5,Sports,1w,pooled,log_loss,0.4960410285967725,0.4809878821337483,0.015053146463024192,1697.0,1697.0,4.0
bins5,"HistogramBinning(5), primary filters",binning5,Crypto,1w,pooled,log_loss,0.5495020510553305,0.5160020913197026,0.033499959735627804,89.0,89.0,4.0
bins5,"HistogramBinning(5), primary filters",binning5,Politics,1w,pooled,log_loss,0.5406230754194551,0.5463258623511119,-0.0057027869316568225,699.0,699.0,4.0
bins5,"HistogramBinning(5), primary filters",binning5,Finance,1w,pooled,log_loss,0.4128665349311809,0.40634233978027934,0.006524195150901579,660.0,660.0,4.0
bins5,"HistogramBinning(5), primary filters",binning5,Weather,1w,pooled,log_loss,0.4674487101786558,0.4766218076015445,-0.009173097422888687,135.0,135.0,4.0
bins5,"HistogramBinning(5), primary filters",binning5,Entertainment,1w,pooled,log_loss,0.47481605792624754,0.46585155445192417,0.008964503474323371,1134.0,1134.0,4.0
bins5,"HistogramBinning(5), primary filters",binning5,ALL,1w,pooled,log_loss,0.4854149833275735,0.4768572611965397,0.008557722131033785,4414.0,4414.0,4.0
bins5,"HistogramBinning(5), primary filters",binning5,Sports,24h,per_domain,brier,0.20010523887931975,0.19703021121609482,0.0030750276632249274,8056.0,8056.0,2.0
bins5,"HistogramBinning(5), primary filters",binning5,Crypto,24h,per_domain,brier,0.21300072813832568,0.21233016925139203,0.0006705588869336532,1255.0,1255.0,3.0
bins5,"HistogramBinning(5), primary filters",binning5,Politics,24h,per_domain,brier,0.1804153804047943,0.18020867162256524,0.0002067087822290592,850.0,850.0,2.0
bins5,"HistogramBinning(5), primary filters",binning5,Finance,24h,per_domain,brier,0.14995092820066352,0.14326308111442515,0.006687847086238374,5042.0,5042.0,13.0
bins5,"HistogramBinning(5), primary filters",binning5,Weather,24h,per_domain,brier,0.1674690051652353,0.16605783433408103,0.0014111708311542737,19253.0,19253.0,14.0
bins5,"HistogramBinning(5), primary filters",binning5,Entertainment,24h,per_domain,brier,0.15358816200240447,0.15123346929857076,0.002354692703833705,2124.0,2124.0,6.0
bins5,"HistogramBinning(5), primary filters",binning5,ALL,24h,per_domain,brier,0.17329883499443963,0.17079253534854275,0.002506299645896881,36580.0,36580.0,14.0
bins5,"HistogramBinning(5), primary filters",binning5,Sports,24h,pooled,brier,0.1981625315210209,0.1934175716892497,0.0047449598317712005,8523.0,8523.0,7.0
bins5,"HistogramBinning(5), primary filters",binning5,Crypto,24h,pooled,brier,0.20590531247051244,0.1935705019518548,0.012334810518657646,1810.0,1810.0,7.0
bins5,"HistogramBinning(5), primary filters",binning5,Politics,24h,pooled,brier,0.17654276306154992,0.17205270520534185,0.004490057856208068,1181.0,1181.0,12.0
bins5,"HistogramBinning(5), primary filters",binning5,Finance,24h,pooled,brier,0.150147059341279,0.143101887557777,0.007045171783502002,5282.0,5282.0,14.0
bins5,"HistogramBinning(5), primary filters",binning5,Weather,24h,pooled,brier,0.16771993491434004,0.16648284390006104,0.0012370910142789904,19253.0,19253.0,14.0
bins5,"HistogramBinning(5), primary filters",binning5,Entertainment,24h,pooled,brier,0.16049236333574757,0.150379589865875,0.010112773469872577,2297.0,2297.0,12.0
bins5,"HistogramBinning(5), primary filters",binning5,ALL,24h,pooled,brier,0.17370689270926867,0.16973439468256946,0.003972498026699217,38346.0,38346.0,14.0
bins5,"HistogramBinning(5), primary filters",binning5,Sports,24h,per_domain,ece,0.03989567651244361,0.032369369695811084,0.007526306816632529,8056.0,8056.0,2.0
bins5,"HistogramBinning(5), primary filters",binning5,Crypto,24h,per_domain,ece,0.08469952664190002,0.09166339541153079,-0.006963868769630774,1255.0,1255.0,3.0
bins5,"HistogramBinning(5), primary filters",binning5,Politics,24h,per_domain,ece,0.05385858235424827,0.06732872355497445,-0.013470141200726177,850.0,850.0,2.0
bins5,"HistogramBinning(5), primary filters",binning5,Finance,24h,per_domain,ece,0.03939032552891248,0.049525661217858175,-0.010135335688945694,5042.0,5042.0,13.0
bins5,"HistogramBinning(5), primary filters",binning5,Weather,24h,per_domain,ece,0.022893595620640632,0.028259122505836218,-0.005365526885195586,19253.0,19253.0,14.0
bins5,"HistogramBinning(5), primary filters",binning5,Entertainment,24h,per_domain,ece,0.049679613413429795,0.062050468110091336,-0.012370854696661542,2124.0,2124.0,6.0
bins5,"HistogramBinning(5), primary filters",binning5,ALL,24h,per_domain,ece,0.027344983870367892,0.02718690414792961,0.00015807972243828128,36580.0,36580.0,14.0
bins5,"HistogramBinning(5), primary filters",binning5,Sports,24h,pooled,ece,0.03090680911867585,0.025189667085482446,0.005717142033193404,8507.0,8507.0,4.0
bins5,"HistogramBinning(5), primary filters",binning5,Crypto,24h,pooled,ece,0.0837183726469756,0.07921721179236617,0.004501160854609429,1809.0,1809.0,6.0
bins5,"HistogramBinning(5), primary filters",binning5,Politics,24h,pooled,ece,0.047864037069935514,0.059668302688659636,-0.011804265618724122,1128.0,1128.0,4.0
bins5,"HistogramBinning(5), primary filters",binning5,Finance,24h,pooled,ece,0.051778255250361276,0.04576491229599999,0.006013342954361282,5282.0,5282.0,14.0
bins5,"HistogramBinning(5), primary filters",binning5,Weather,24h,pooled,ece,0.026964213302885485,0.028399483469221186,-0.001435270166335701,19253.0,19253.0,14.0
bins5,"HistogramBinning(5), primary filters",binning5,Entertainment,24h,pooled,ece,0.05421956331776294,0.04828980393860398,0.005929759379158961,2278.0,2278.0,9.0
bins5,"HistogramBinning(5), primary filters",binning5,ALL,24h,pooled,ece,0.021032896222861384,0.02400371003095071,-0.002970813808089324,38346.0,38346.0,14.0
bins5,"HistogramBinning(5), primary filters",binning5,Sports,24h,per_domain,log_loss,0.5854425058882317,0.5823686799300497,0.0030738259581819527,8056.0,8056.0,2.0
bins5,"HistogramBinning(5), primary filters",binning5,Crypto,24h,per_domain,log_loss,0.6220806705852965,0.623023297642623,-0.0009426270573265061,1255.0,1255.0,3.0
bins5,"HistogramBinning(5), primary filters",binning5,Politics,24h,per_domain,log_loss,0.5353836666087269,0.5345568981773706,0.0008267684313563173,850.0,850.0,2.0
bins5,"HistogramBinning(5), primary filters",binning5,Finance,24h,per_domain,log_loss,0.47034289953193203,0.45542283389917615,0.014920065632755886,5042.0,5042.0,13.0
bins5,"HistogramBinning(5), primary filters",binning5,Weather,24h,per_domain,log_loss,0.5062022803412884,0.5025966412453713,0.003605639095917157,19253.0,19253.0,14.0
bins5,"HistogramBinning(5), primary filters",binning5,Entertainment,24h,per_domain,log_loss,0.48424614727705584,0.505051318376101,-0.020805171099045117,2124.0,2124.0,6.0
bins5,"HistogramBinning(5), primary filters",binning5,ALL,24h,per_domain,log_loss,0.522089458865633,0.5186794354881453,0.0034100233774876365,36580.0,36580.0,14.0
bins5,"HistogramBinning(5), primary filters",binning5,Sports,24h,pooled,log_loss,0.5785402777574191,0.5672316626548161,0.011308615102603059,8523.0,8523.0,7.0
bins5,"HistogramBinning(5), primary filters",binning5,Crypto,24h,pooled,log_loss,0.6066000768728963,0.5792410082659237,0.02735906860697257,1810.0,1810.0,7.0
bins5,"HistogramBinning(5), primary filters",binning5,Politics,24h,pooled,log_loss,0.5297145099511792,0.5186605036613231,0.011054006289856089,1181.0,1181.0,12.0
bins5,"HistogramBinning(5), primary filters",binning5,Finance,24h,pooled,log_loss,0.4716815399273441,0.45710402952004786,0.014577510407296213,5282.0,5282.0,14.0
bins5,"HistogramBinning(5), primary filters",binning5,Weather,24h,pooled,log_loss,0.5065281202103106,0.503432886139897,0.003095234070413566,19253.0,19253.0,14.0
bins5,"HistogramBinning(5), primary filters",binning5,Entertainment,24h,pooled,log_loss,0.4920581146341249,0.4682783970589175,0.023779717575207415,2297.0,2297.0,12.0
bins5,"HistogramBinning(5), primary filters",binning5,ALL,24h,pooled,log_loss,0.5223048830214023,0.5131730052525167,0.009131877768885577,38346.0,38346.0,14.0
price_02_98,"price in [0.02, 0.98], trades >= 10",conformal_mondrian,Sports,1w,per_domain,avg_set_size,1.1797590361445782,1.3317619328226282,-0.15200289667805,2075.0,1697.0,4.0
price_02_98,"price in [0.02, 0.98], trades >= 10",conformal_mondrian,Crypto,1w,per_domain,avg_set_size,1.4036697247706422,1.5168539325842696,-0.11318420781362737,109.0,89.0,4.0
price_02_98,"price in [0.02, 0.98], trades >= 10",conformal_mondrian,Politics,1w,per_domain,avg_set_size,1.1575875486381324,1.3819742489270386,-0.22438670028890617,1028.0,699.0,4.0
price_02_98,"price in [0.02, 0.98], trades >= 10",conformal_mondrian,Finance,1w,per_domain,avg_set_size,1.150174621653085,1.2484848484848485,-0.09831022683176349,859.0,660.0,4.0
price_02_98,"price in [0.02, 0.98], trades >= 10",conformal_mondrian,Weather,1w,per_domain,avg_set_size,1.1736842105263159,1.325925925925926,-0.15224171539961007,190.0,135.0,4.0
price_02_98,"price in [0.02, 0.98], trades >= 10",conformal_mondrian,Entertainment,1w,per_domain,avg_set_size,1.1397557666214382,1.247795414462081,-0.1080396478406429,1474.0,1134.0,4.0
price_02_98,"price in [0.02, 0.98], trades >= 10",conformal_mondrian,ALL,1w,per_domain,avg_set_size,1.16512641673932,1.3092433167195288,-0.1441168999802087,5735.0,4414.0,4.0
price_02_98,"price in [0.02, 0.98], trades >= 10",conformal_marginal,Sports,1w,pooled,avg_set_size,1.2703614457831325,1.4195639363582793,-0.14920249057514678,2075.0,1697.0,4.0
price_02_98,"price in [0.02, 0.98], trades >= 10",conformal_marginal,Crypto,1w,pooled,avg_set_size,1.2844036697247707,1.4382022471910112,-0.15379857746624048,109.0,89.0,4.0
price_02_98,"price in [0.02, 0.98], trades >= 10",conformal_marginal,Politics,1w,pooled,avg_set_size,1.1313229571984436,1.2689556509298998,-0.13763269373145626,1028.0,699.0,4.0
price_02_98,"price in [0.02, 0.98], trades >= 10",conformal_marginal,Finance,1w,pooled,avg_set_size,1.1140861466821885,1.2196969696969697,-0.1056108230147812,859.0,660.0,4.0
price_02_98,"price in [0.02, 0.98], trades >= 10",conformal_marginal,Weather,1w,pooled,avg_set_size,1.1263157894736842,1.2444444444444445,-0.1181286549707603,190.0,135.0,4.0
price_02_98,"price in [0.02, 0.98], trades >= 10",conformal_marginal,Entertainment,1w,pooled,avg_set_size,1.16078697421981,1.2989417989417988,-0.1381548247219888,1474.0,1134.0,4.0
price_02_98,"price in [0.02, 0.98], trades >= 10",conformal_marginal,ALL,1w,pooled,avg_set_size,1.1893635571054926,1.329859537834164,-0.14049598072867142,5735.0,4414.0,4.0
price_02_98,"price in [0.02, 0.98], trades >= 10",binning10,Sports,1w,per_domain,brier,0.13990551242659768,0.16784867923381336,-0.027943166807215675,1841.0,1501.0,2.0
price_02_98,"price in [0.02, 0.98], trades >= 10",platt,Sports,1w,per_domain,brier,0.13478587295603722,0.16353624700929806,-0.028750374053260835,1841.0,1501.0,2.0
price_02_98,"price in [0.02, 0.98], trades >= 10",raw,Sports,1w,per_domain,brier,0.13524964693101574,0.16381505662891402,-0.02856540969789828,1841.0,1501.0,2.0
price_02_98,"price in [0.02, 0.98], trades >= 10",venn_abers,Sports,1w,per_domain,brier,0.137478596911118,0.16650610596557833,-0.029027509054460332,1841.0,1501.0,2.0
price_02_98,"price in [0.02, 0.98], trades >= 10",binning10,Politics,1w,per_domain,brier,0.13059449477880836,0.16777555856168286,-0.0371810637828745,1028.0,414.0,4.0
price_02_98,"price in [0.02, 0.98], trades >= 10",platt,Politics,1w,per_domain,brier,0.12610051978781867,0.16857276829237905,-0.042472248504560384,1028.0,414.0,4.0
price_02_98,"price in [0.02, 0.98], trades >= 10",raw,Politics,1w,per_domain,brier,0.12415856031128406,0.16762705314009657,-0.043468492828812516,1028.0,414.0,4.0
price_02_98,"price in [0.02, 0.98], trades >= 10",venn_abers,Politics,1w,per_domain,brier,0.12427069387006158,0.16689118551162999,-0.042620491641568406,1028.0,414.0,4.0
price_02_98,"price in [0.02, 0.98], trades >= 10",binning10,Finance,1w,per_domain,brier,0.1052974768577983,0.13014291369745568,-0.02484543683965737,859.0,660.0,4.0
price_02_98,"price in [0.02, 0.98], trades >= 10",platt,Finance,1w,per_domain,brier,0.10270663714351201,0.13044317973410594,-0.027736542590593924,859.0,660.0,4.0
price_02_98,"price in [0.02, 0.98], trades >= 10",raw,Finance,1w,per_domain,brier,0.10212700814901049,0.12984621212121208,-0.027719203972201595,859.0,660.0,4.0
price_02_98,"price in [0.02, 0.98], trades >= 10",venn_abers,Finance,1w,per_domain,brier,0.10202188592163947,0.12974604715428498,-0.02772416123264551,859.0,660.0,4.0
price_02_98,"price in [0.02, 0.98], trades >= 10",binning10,Weather,1w,per_domain,brier,0.11047157385845265,0.159922142227559,-0.04945056836910634,190.0,135.0,4.0
price_02_98,"price in [0.02, 0.98], trades >= 10",platt,Weather,1w,per_domain,brier,0.11422146572741558,0.1539078416727541,-0.03968637594533851,190.0,135.0,4.0
price_02_98,"price in [0.02, 0.98], trades >= 10",raw,Weather,1w,per_domain,brier,0.11418263157894737,0.15325629629629625,-0.03907366471734888,190.0,135.0,4.0
price_02_98,"price in [0.02, 0.98], trades >= 10",venn_abers,Weather,1w,per_domain,brier,0.1163874746667946,0.15627387675897905,-0.039886402092184456,190.0,135.0,4.0
price_02_98,"price in [0.02, 0.98], trades >= 10",binning10,Entertainment,1w,per_domain,brier,0.12202323066683231,0.15270525125620746,-0.03068202058937515,1474.0,1134.0,4.0
price_02_98,"price in [0.02, 0.98], trades >= 10",platt,Entertainment,1w,per_domain,brier,0.12046011153720543,0.14910752619243117,-0.028647414655225745,1474.0,1134.0,4.0
price_02_98,"price in [0.02, 0.98], trades >= 10",raw,Entertainment,1w,per_domain,brier,0.12012998643147896,0.1491677248677248,-0.029037738436245852,1474.0,1134.0,4.0
price_02_98,"price in [0.02, 0.98], trades >= 10",venn_abers,Entertainment,1w,per_domain,brier,0.12098948536858305,0.1505033318531912,-0.029513846484608156,1474.0,1134.0,4.0
price_02_98,"price in [0.02, 0.98], trades >= 10",binning10,ALL,1w,per_domain,brier,0.1266913135509731,0.15662110196151688,-0.02992978841054378,5392.0,3844.0,4.0
price_02_98,"price in [0.02, 0.98], trades >= 10",platt,ALL,1w,per_domain,brier,0.12337859989878869,0.15380203558443029,-0.030423435685641598,5392.0,3844.0,4.0
price_02_98,"price in [0.02, 0.98], trades >= 10",raw,ALL,1w,per_domain,brier,0.1229827522255193,0.1537014308012487,-0.030718678575729408,5392.0,3844.0,4.0
price_02_98,"price in [0.02, 0.98], trades >= 10",venn_abers,ALL,1w,per_domain,brier,0.12406107044481866,0.1551557644802177,-0.031094694035399037,5392.0,3844.0,4.0
price_02_98,"price in [0.02, 0.98], trades >= 10",binning10,Sports,1w,pooled,brier,0.13280477803309,0.15960710249927113,-0.026802324466181138,2075.0,1697.0,4.0
price_02_98,"price in [0.02, 0.98], trades >= 10",platt,Sports,1w,pooled,brier,0.13076234548801874,0.1575197735668077,-0.026757428078788975,2075.0,1697.0,4.0
price_02_98,"price in [0.02, 0.98], trades >= 10",raw,Sports,1w,pooled,brier,0.13131498795180724,0.15814731879787855,-0.02683233084607131,2075.0,1697.0,4.0
price_02_98,"price in [0.02, 0.98], trades >= 10",venn_abers,Sports,1w,pooled,brier,0.13319456869518956,0.1604708234903012,-0.027276254795111643,2075.0,1697.0,4.0
price_02_98,"price in [0.02, 0.98], trades >= 10",binning10,Crypto,1w,pooled,brier,0.15293187238142977,0.17208522950804964,-0.019153357126619863,109.0,89.0,4.0
price_02_98,"price in [0.02, 0.98], trades >= 10",platt,Crypto,1w,pooled,brier,0.15006680843295034,0.17175071338633177,-0.021683904953381433,109.0,89.0,4.0
price_02_98,"price in [0.02, 0.98], trades >= 10",raw,Crypto,1w,pooled,brier,0.1416394495412844,0.1629325842696629,-0.021293134728378488,109.0,89.0,4.0
price_02_98,"price in [0.02, 0.98], trades >= 10",venn_abers,Crypto,1w,pooled,brier,0.14485995199805926,0.16633929614948767,-0.02147934415142841,109.0,89.0,4.0
price_02_98,"price in [0.02, 0.98], trades >= 10",binning10,Politics,1w,pooled,brier,0.12784058864267756,0.18035574622583916,-0.05251515758316161,1028.0,699.0,4.0
price_02_98,"price in [0.02, 0.98], trades >= 10",platt,Politics,1w,pooled,brier,0.12641071339603058,0.17943046979528082,-0.053019756399250245,1028.0,699.0,4.0
price_02_98,"price in [0.02, 0.98], trades >= 10",raw,Politics,1w,pooled,brier,0.12415856031128406,0.17683104434907004,-0.05267248403778599,1028.0,699.0,4.0
price_02_98,"price in [0.02, 0.98], trades >= 10",venn_abers,Politics,1w,pooled,brier,0.12520228241931816,0.17838051755578266,-0.0531782351364645,1028.0,699.0,4.0
price_02_98,"price in [0.02, 0.98], trades >= 10",binning10,Finance,1w,pooled,brier,0.10293451677225028,0.1300226399574315,-0.02708812318518121,859.0,660.0,4.0
price_02_98,"price in [0.02, 0.98], trades >= 10",platt,Finance,1w,pooled,brier,0.10095054143802995,0.12837261225446248,-0.027422070816432526,859.0,660.0,4.0
price_02_98,"price in [0.02, 0.98], trades >= 10",raw,Finance,1w,pooled,brier,0.10212700814901049,0.12984621212121208,-0.027719203972201595,859.0,660.0,4.0
price_02_98,"price in [0.02, 0.98], trades >= 10",venn_abers,Finance,1w,pooled,brier,0.1026370956053627,0.13060434887964772,-0.027967253274285023,859.0,660.0,4.0
price_02_98,"price in [0.02, 0.98], trades >= 10",binning10,Weather,1w,pooled,brier,0.11439082230874817,0.15751158709308866,-0.04312076478434049,190.0,135.0,4.0
price_02_98,"price in [0.02, 0.98], trades >= 10",platt,Weather,1w,pooled,brier,0.11671013468029802,0.15634659252949037,-0.039636457849192355,190.0,135.0,4.0
price_02_98,"price in [0.02, 0.98], trades >= 10",raw,Weather,1w,pooled,brier,0.11418263157894737,0.15325629629629625,-0.03907366471734888,190.0,135.0,4.0
price_02_98,"price in [0.02, 0.98], trades >= 10",venn_abers,Weather,1w,pooled,brier,0.11703450864017466,0.15732053131712212,-0.04028602267694746,190.0,135.0,4.0
price_02_98,"price in [0.02, 0.98], trades >= 10",binning10,Entertainment,1w,pooled,brier,0.1209281878722848,0.15106396014593174,-0.03013577227364693,1474.0,1134.0,4.0
price_02_98,"price in [0.02, 0.98], trades >= 10",platt,Entertainment,1w,pooled,brier,0.12069967492463222,0.14974186506455536,-0.029042190139923138,1474.0,1134.0,4.0
price_02_98,"price in [0.02, 0.98], trades >= 10",raw,Entertainment,1w,pooled,brier,0.12012998643147896,0.1491677248677248,-0.029037738436245852,1474.0,1134.0,4.0
price_02_98,"price in [0.02, 0.98], trades >= 10",venn_abers,Entertainment,1w,pooled,brier,0.1212575985145332,0.150752367553419,-0.0294947690388858,1474.0,1134.0,4.0
price_02_98,"price in [0.02, 0.98], trades >= 10",binning10,ALL,1w,pooled,brier,0.1241609012559168,0.1564619488931354,-0.03230104763721858,5735.0,4414.0,4.0
price_02_98,"price in [0.02, 0.98], trades >= 10",platt,ALL,1w,pooled,brier,0.12283210530102567,0.15488417686538059,-0.03205207156435491,5735.0,4414.0,4.0
price_02_98,"price in [0.02, 0.98], trades >= 10",raw,ALL,1w,pooled,brier,0.12241424585876197,0.15451431807884,-0.03210007222007803,5735.0,4414.0,4.0
price_02_98,"price in [0.02, 0.98], trades >= 10",venn_abers,ALL,1w,pooled,brier,0.12380330132771186,0.15636644616805476,-0.032563144840342895,5735.0,4414.0,4.0
price_02_98,"price in [0.02, 0.98], trades >= 10",conformal_mondrian,Sports,1w,per_domain,coverage,0.8881927710843374,0.9057159693576902,-0.017523198273352802,2075.0,1697.0,4.0
price_02_98,"price in [0.02, 0.98], trades >= 10",conformal_mondrian,Crypto,1w,per_domain,coverage,0.9357798165137615,0.9438202247191011,-0.008040408205339578,109.0,89.0,4.0
price_02_98,"price in [0.02, 0.98], trades >= 10",conformal_mondrian,Politics,1w,per_domain,coverage,0.8842412451361867,0.9012875536480687,-0.017046308511881936,1028.0,699.0,4.0
price_02_98,"price in [0.02, 0.98], trades >= 10",conformal_mondrian,Finance,1w,per_domain,coverage,0.9126891734575088,0.9090909090909091,0.0035982643665997127,859.0,660.0,4.0
price_02_98,"price in [0.02, 0.98], trades >= 10",conformal_mondrian,Weather,1w,per_domain,coverage,0.9105263157894737,0.8962962962962963,0.014230019493177481,190.0,135.0,4.0
price_02_98,"price in [0.02, 0.98], trades >= 10",conformal_mondrian,Entertainment,1w,per_domain,coverage,0.8873812754409769,0.8880070546737213,-0.0006257792327444278,1474.0,1134.0,4.0
price_02_98,"price in [0.02, 0.98], trades >= 10",conformal_mondrian,ALL,1w,per_domain,coverage,0.8925893635571055,0.9014499320344359,-0.00886056847733041,5735.0,4414.0,4.0
price_02_98,"price in [0.02, 0.98], trades >= 10",conformal_marginal,Sports,1w,pooled,coverage,0.9185542168674699,0.9263406010606954,-0.007786384193225526,2075.0,1697.0,4.0
price_02_98,"price in [0.02, 0.98], trades >= 10",conformal_marginal,Crypto,1w,pooled,coverage,0.9174311926605505,0.9438202247191011,-0.026389032058550588,109.0,89.0,4.0
price_02_98,"price in [0.02, 0.98], trades >= 10",conformal_marginal,Politics,1w,pooled,coverage,0.8715953307392996,0.8512160228898427,0.020379307849456962,1028.0,699.0,4.0
price_02_98,"price in [0.02, 0.98], trades >= 10",conformal_marginal,Finance,1w,pooled,coverage,0.9045401629802096,0.8984848484848484,0.006055314495361119,859.0,660.0,4.0
price_02_98,"price in [0.02, 0.98], trades >= 10",conformal_marginal,Weather,1w,pooled,coverage,0.8894736842105263,0.8740740740740741,0.015399610136452191,190.0,135.0,4.0
price_02_98,"price in [0.02, 0.98], trades >= 10",conformal_marginal,Entertainment,1w,pooled,coverage,0.8975576662143826,0.9012345679012346,-0.0036769016868519744,1474.0,1134.0,4.0
price_02_98,"price in [0.02, 0.98], trades >= 10",conformal_marginal,ALL,1w,pooled,coverage,0.9016564952048823,0.902582691436339,-0.0009261962314566219,5735.0,4414.0,4.0
price_02_98,"price in [0.02, 0.98], trades >= 10",binning10,Sports,1w,per_domain,ece,0.04615500063672102,0.02776293861383324,0.01839206202288778,1841.0,1501.0,2.0
price_02_98,"price in [0.02, 0.98], trades >= 10",platt,Sports,1w,per_domain,ece,0.03433216477581414,0.04842506010164429,-0.014092895325830149,1841.0,1501.0,2.0
price_02_98,"price in [0.02, 0.98], trades >= 10",raw,Sports,1w,per_domain,ece,0.03762085822922323,0.04882078614257154,-0.011199927913348312,1841.0,1501.0,2.0
price_02_98,"price in [0.02, 0.98], trades >= 10",venn_abers,Sports,1w,per_domain,ece,0.04730509123114782,0.04441822648640734,0.0028868647447404736,1841.0,1501.0,2.0
price_02_98,"price in [0.02, 0.98], trades >= 10",binning10,Politics,1w,per_domain,ece,0.06511732630857248,0.07069835109176426,-0.005581024783191779,1028.0,414.0,4.0
price_02_98,"price in [0.02, 0.98], trades >= 10",platt,Politics,1w,per_domain,ece,0.07055244594475109,0.09986268581086084,-0.029310239866109755,1028.0,414.0,4.0
price_02_98,"price in [0.02, 0.98], trades >= 10",raw,Politics,1w,per_domain,ece,0.06297665369649805,0.0826570048309178,-0.019680351134419752,1028.0,414.0,4.0
price_02_98,"price in [0.02, 0.98], trades >= 10",venn_abers,Politics,1w,per_domain,ece,0.07809250653296723,0.09372962860670729,-0.01563712207374006,1028.0,414.0,4.0
price_02_98,"price in [0.02, 0.98], trades >= 10",binning10,Finance,1w,per_domain,ece,0.06321662590862424,0.07397828643551725,-0.010761660526893008,859.0,660.0,4.0
price_02_98,"price in [0.02, 0.98], trades >= 10",platt,Finance,1w,per_domain,ece,0.06687228956794723,0.08050705457476978,-0.01363476500682255,859.0,660.0,4.0
price_02_98,"price in [0.02, 0.98], trades >= 10",raw,Finance,1w,per_domain,ece,0.06939464493597206,0.07928787878787874,-0.009893233851906685,859.0,660.0,4.0
price_02_98,"price in [0.02, 0.98], trades >= 10",venn_abers,Finance,1w,per_domain,ece,0.06166055638865927,0.0769644279388508,-0.015303871550191535,859.0,660.0,4.0
price_02_98,"price in [0.02, 0.98], trades >= 10",binning10,Weather,1w,per_domain,ece,0.0856915272278642,0.12933708267041596,-0.04364555544255176,190.0,135.0,4.0
price_02_98,"price in [0.02, 0.98], trades >= 10",platt,Weather,1w,per_domain,ece,0.09439743482642458,0.1416349669187341,-0.047237532092309506,190.0,135.0,4.0
price_02_98,"price in [0.02, 0.98], trades >= 10",raw,Weather,1w,per_domain,ece,0.10342105263157894,0.1394074074074074,-0.035986354775828455,190.0,135.0,4.0
price_02_98,"price in [0.02, 0.98], trades >= 10",venn_abers,Weather,1w,per_domain,ece,0.09588946592633885,0.13104295651310105,-0.035153490586762204,190.0,135.0,4.0
price_02_98,"price in [0.02, 0.98], trades >= 10",binning10,Entertainment,1w,per_domain,ece,0.05108929667216779,0.07575882058409109,-0.024669523911923293,1474.0,1134.0,4.0
price_02_98,"price in [0.02, 0.98], trades >= 10",platt,Entertainment,1w,per_domain,ece,0.050714631759793294,0.06410516437544019,-0.013390532615646891,1474.0,1134.0,4.0
price_02_98,"price in [0.02, 0.98], trades >= 10",raw,Entertainment,1w,per_domain,ece,0.051194029850746246,0.061816578483245135,-0.010622548632498889,1474.0,1134.0,4.0
price_02_98,"price in [0.02, 0.98], trades >= 10",venn_abers,Entertainment,1w,per_domain,ece,0.04824202481152742,0.0642785277860046,-0.016036502974477174,1474.0,1134.0,4.0
price_02_98,"price in [0.02, 0.98], trades >= 10",binning10,ALL,1w,per_domain,ece,0.03206268359102247,0.03810972168007484,-0.006047038089052374,5392.0,3844.0,4.0
price_02_98,"price in [0.02, 0.98], trades >= 10",platt,ALL,1w,per_domain,ece,0.022948724484999773,0.029174474415181006,-0.006225749930181233,5392.0,3844.0,4.0
price_02_98,"price in [0.02, 0.98], trades >= 10",raw,ALL,1w,per_domain,ece,0.027103115727002976,0.03283818938605615,-0.005735073659053173,5392.0,3844.0,4.0
price_02_98,"price in [0.02, 0.98], trades >= 10",venn_abers,ALL,1w,per_domain,ece,0.02949454112297143,0.040925775872221924,-0.011431234749250493,5392.0,3844.0,4.0
price_02_98,"price in [0.02, 0.98], trades >= 10",binning10,Sports,1w,pooled,ece,0.03274702394146598,0.052338846624632014,-0.019591822683166032,2075.0,1697.0,4.0
price_02_98,"price in [0.02, 0.98], trades >= 10",platt,Sports,1w,pooled,ece,0.0359348463253556,0.0462724104079831,-0.010337564082627496,2075.0,1697.0,4.0
price_02_98,"price in [0.02, 0.98], trades >= 10",raw,Sports,1w,pooled,ece,0.04239036144578312,0.05327047731290505,-0.010880115867121933,2075.0,1697.0,4.0
price_02_98,"price in [0.02, 0.98], trades >= 10",venn_abers,Sports,1w,pooled,ece,0.044879941790632455,0.05035856329672927,-0.005478621506096813,2075.0,1697.0,4.0
price_02_98,"price in [0.02, 0.98], trades >= 10",binning10,Crypto,1w,pooled,ece,0.20855197564306668,0.24585450451254398,-0.0373025288694773,109.0,63.0,4.0
price_02_98,"price in [0.02, 0.98], trades >= 10",platt,Crypto,1w,pooled,ece,0.22751392895138253,0.26661273223558607,-0.03909880328420354,109.0,63.0,4.0
price_02_98,"price in [0.02, 0.98], trades >= 10",raw,Crypto,1w,pooled,ece,0.21825688073394495,0.24904761904761905,-0.0307907383136741,109.0,63.0,4.0
price_02_98,"price in [0.02, 0.98], trades >= 10",venn_abers,Crypto,1w,pooled,ece,0.21608710775937465,0.2568391130725292,-0.040752005313154566,109.0,63.0,4.0
price_02_98,"price in [0.02, 0.98], trades >= 10",binning10,Politics,1w,pooled,ece,0.06907990645970907,0.0991795209596372,-0.030099614499928123,1028.0,699.0,4.0
price_02_98,"price in [0.02, 0.98], trades >= 10",platt,Politics,1w,pooled,ece,0.07236015866794862,0.10164289256187814,-0.02928273389392952,1028.0,699.0,4.0
price_02_98,"price in [0.02, 0.98], trades >= 10",raw,Politics,1w,pooled,ece,0.06297665369649805,0.09165951359084401,-0.028682859894345963,1028.0,699.0,4.0
price_02_98,"price in [0.02, 0.98], trades >= 10",venn_abers,Politics,1w,pooled,ece,0.06668103345839564,0.09563272384440202,-0.028951690386006382,1028.0,699.0,4.0
price_02_98,"price in [0.02, 0.98], trades >= 10",binning10,Finance,1w,pooled,ece,0.04972277297309512,0.07273894939713701,-0.023016176424041898,859.0,660.0,4.0
price_02_98,"price in [0.02, 0.98], trades >= 10",platt,Finance,1w,pooled,ece,0.06309265770973273,0.0741037475755336,-0.011011089865800877,859.0,660.0,4.0
price_02_98,"price in [0.02, 0.98], trades >= 10",raw,Finance,1w,pooled,ece,0.06939464493597206,0.07928787878787874,-0.009893233851906685,859.0,660.0,4.0
price_02_98,"price in [0.02, 0.98], trades >= 10",venn_abers,Finance,1w,pooled,ece,0.05657377320638589,0.07046057836962064,-0.013886805163234747,859.0,660.0,4.0
price_02_98,"price in [0.02, 0.98], trades >= 10",binning10,Weather,1w,pooled,ece,0.09768009815551845,0.12606694664475146,-0.028386848489233008,190.0,135.0,4.0
price_02_98,"price in [0.02, 0.98], trades >= 10",platt,Weather,1w,pooled,ece,0.10762938502478869,0.1428272031766699,-0.035197818151881194,190.0,135.0,4.0
price_02_98,"price in [0.02, 0.98], trades >= 10",raw,Weather,1w,pooled,ece,0.10342105263157894,0.1394074074074074,-0.035986354775828455,190.0,135.0,4.0
price_02_98,"price in [0.02, 0.98], trades >= 10",venn_abers,Weather,1w,pooled,ece,0.10492913070068896,0.1408069198713792,-0.03587778917069023,190.0,135.0,4.0
price_02_98,"price in [0.02, 0.98], trades >= 10",binning10,Entertainment,1w,pooled,ece,0.05270155814935569,0.05968811770010932,-0.0069865595507536266,1474.0,1134.0,4.0
price_02_98,"price in [0.02, 0.98], trades >= 10",platt,Entertainment,1w,pooled,ece,0.04984894480623355,0.06333105524488541,-0.013482110438651863,1474.0,1134.0,4.0
price_02_98,"price in [0.02, 0.98], trades >= 10",raw,Entertainment,1w,pooled,ece,0.051194029850746246,0.061816578483245135,-0.010622548632498889,1474.0,1134.0,4.0
price_02_98,"price in [0.02, 0.98], trades >= 10",venn_abers,Entertainment,1w,pooled,ece,0.049426594154160994,0.0677736145115349,-0.0183470203573739,1474.0,1134.0,4.0
price_02_98,"price in [0.02, 0.98], trades >= 10",binning10,ALL,1w,pooled,ece,0.026481217941106965,0.036133466936540154,-0.00965224899543319,5735.0,4414.0,4.0
price_02_98,"price in [0.02, 0.98], trades >= 10",platt,ALL,1w,pooled,ece,0.028150584025173953,0.03322906451599469,-0.0050784804908207345,5735.0,4414.0,4.0
price_02_98,"price in [0.02, 0.98], trades >= 10",raw,ALL,1w,pooled,ece,0.0246050566695728,0.032424105120072426,-0.007819048450499626,5735.0,4414.0,4.0
price_02_98,"price in [0.02, 0.98], trades >= 10",venn_abers,ALL,1w,pooled,ece,0.028275545464638403,0.03790172362411999,-0.009626178159481587,5735.0,4414.0,4.0
price_02_98,"price in [0.02, 0.98], trades >= 10",binning10,Sports,1w,per_domain,log_loss,0.4370741779363812,0.5159929323641413,-0.07891875442776014,1841.0,1501.0,2.0
price_02_98,"price in [0.02, 0.98], trades >= 10",platt,Sports,1w,per_domain,log_loss,0.4107163874301173,0.4932230560817174,-0.08250666865160011,1841.0,1501.0,2.0
price_02_98,"price in [0.02, 0.98], trades >= 10",raw,Sports,1w,per_domain,log_loss,0.4139550867852257,0.4942292345446718,-0.08027414775944614,1841.0,1501.0,2.0
price_02_98,"price in [0.02, 0.98], trades >= 10",venn_abers,Sports,1w,per_domain,log_loss,0.417843079992332,0.49900567529833234,-0.08116259530600034,1841.0,1501.0,2.0
price_02_98,"price in [0.02, 0.98], trades >= 10",binning10,Politics,1w,per_domain,log_loss,0.4446153420625859,0.5085392441553426,-0.06392390209275667,1028.0,414.0,4.0
price_02_98,"price in [0.02, 0.98], trades >= 10",platt,Politics,1w,per_domain,log_loss,0.39822742622353335,0.5090157688385026,-0.11078834261496928,1028.0,414.0,4.0
price_02_98,"price in [0.02, 0.98], trades >= 10",raw,Politics,1w,per_domain,log_loss,0.3832437763755381,0.5003272814683138,-0.11708350509277576,1028.0,414.0,4.0
price_02_98,"price in [0.02, 0.98], trades >= 10",venn_abers,Politics,1w,per_domain,log_loss,0.38967637605760813,0.5061095134015936,-0.11643313734398547,1028.0,414.0,4.0
price_02_98,"price in [0.02, 0.98], trades >= 10",binning10,Finance,1w,per_domain,log_loss,0.354891010646984,0.4054887805652072,-0.050597769918223234,859.0,660.0,4.0
price_02_98,"price in [0.02, 0.98], trades >= 10",platt,Finance,1w,per_domain,log_loss,0.32470259665702067,0.40627693699388817,-0.0815743403368675,859.0,660.0,4.0
price_02_98,"price in [0.02, 0.98], trades >= 10",raw,Finance,1w,per_domain,log_loss,0.3271217306065175,0.40703782347814055,-0.07991609287162305,859.0,660.0,4.0
price_02_98,"price in [0.02, 0.98], trades >= 10",venn_abers,Finance,1w,per_domain,log_loss,0.32702078280074565,0.40810848112860143,-0.08108769832785578,859.0,660.0,4.0
price_02_98,"price in [0.02, 0.98], trades >= 10",binning10,Weather,1w,per_domain,log_loss,0.45587922156326066,0.5551517747686544,-0.09927255320539374,190.0,135.0,4.0
price_02_98,"price in [0.02, 0.98], trades >= 10",platt,Weather,1w,per_domain,log_loss,0.36439233130470766,0.4753699058456654,-0.11097757454095775,190.0,135.0,4.0
price_02_98,"price in [0.02, 0.98], trades >= 10",raw,Weather,1w,per_domain,log_loss,0.3613803931148248,0.4684252389266601,-0.10704484581183532,190.0,135.0,4.0
price_02_98,"price in [0.02, 0.98], trades >= 10",venn_abers,Weather,1w,per_domain,log_loss,0.36969265594482087,0.47931958547605213,-0.10962692953123127,190.0,135.0,4.0
price_02_98,"price in [0.02, 0.98], trades >= 10",binning10,Entertainment,1w,per_domain,log_loss,0.40949297635024373,0.4889459181104882,-0.07945294176024448,1474.0,1134.0,4.0
price_02_98,"price in [0.02, 0.98], trades >= 10",platt,Entertainment,1w,per_domain,log_loss,0.38108882713268705,0.4604356801254106,-0.07934685299272354,1474.0,1134.0,4.0
price_02_98,"price in [0.02, 0.98], trades >= 10",raw,Entertainment,1w,per_domain,log_loss,0.37955975368666495,0.4582671861836964,-0.07870743249703144,1474.0,1134.0,4.0
price_02_98,"price in [0.02, 0.98], trades >= 10",venn_abers,Entertainment,1w,per_domain,log_loss,0.3794637322152766,0.4633685379139364,-0.08390480569865982,1474.0,1134.0,4.0
price_02_98,"price in [0.02, 0.98], trades >= 10",binning10,ALL,1w,per_domain,log_loss,0.4185421384651807,0.4896132659893306,-0.0710711275241499,5392.0,3844.0,4.0
price_02_98,"price in [0.02, 0.98], trades >= 10",platt,ALL,1w,per_domain,log_loss,0.3849009028350322,0.46969617909603134,-0.08479527626099914,5392.0,3844.0,4.0
price_02_98,"price in [0.02, 0.98], trades >= 10",raw,ALL,1w,per_domain,log_loss,0.3830112824745202,0.468400347414781,-0.08538906494026077,5392.0,3844.0,4.0
price_02_98,"price in [0.02, 0.98], trades >= 10",venn_abers,ALL,1w,per_domain,log_loss,0.38581573130448416,0.47295955274443396,-0.08714382143994981,5392.0,3844.0,4.0
price_02_98,"price in [0.02, 0.98], trades >= 10",binning10,Sports,1w,pooled,log_loss,0.40596731497462035,0.4809878821337483,-0.07502056715912797,2075.0,1697.0,4.0
price_02_98,"price in [0.02, 0.98], trades >= 10",platt,Sports,1w,pooled,log_loss,0.40102654934249915,0.4766267153816675,-0.07560016603916836,2075.0,1697.0,4.0
price_02_98,"price in [0.02, 0.98], trades >= 10",raw,Sports,1w,pooled,log_loss,0.4043483160302097,0.47952864390408034,-0.07518032787387063,2075.0,1697.0,4.0
price_02_98,"price in [0.02, 0.98], trades >= 10",venn_abers,Sports,1w,pooled,log_loss,0.4064525587667086,0.4827431690849371,-0.07629061031822848,2075.0,1697.0,4.0
price_02_98,"price in [0.02, 0.98], trades >= 10",binning10,Crypto,1w,pooled,log_loss,0.4691089200666771,0.5160020913197026,-0.046893171253025556,109.0,89.0,4.0
price_02_98,"price in [0.02, 0.98], trades >= 10",platt,Crypto,1w,pooled,log_loss,0.45674198496105706,0.5114174726628242,-0.05467548770176717,109.0,89.0,4.0
price_02_98,"price in [0.02, 0.98], trades >= 10",raw,Crypto,1w,pooled,log_loss,0.43714632040364193,0.49316677217130656,-0.056020451767664625,109.0,89.0,4.0
price_02_98,"price in [0.02, 0.98], trades >= 10",venn_abers,Crypto,1w,pooled,log_loss,0.45603042220900564,0.502883382096958,-0.046852959887952406,109.0,89.0,4.0
price_02_98,"price in [0.02, 0.98], trades >= 10",binning10,Politics,1w,pooled,log_loss,0.40675560982817055,0.5463258623511119,-0.13957025252294136,1028.0,699.0,4.0
price_02_98,"price in [0.02, 0.98], trades >= 10",platt,Politics,1w,pooled,log_loss,0.3913277603441287,0.5401066740007393,-0.1487789136566106,1028.0,699.0,4.0
price_02_98,"price in [0.02, 0.98], trades >= 10",raw,Politics,1w,pooled,log_loss,0.3832437763755381,0.5303563492252712,-0.14711257284973311,1028.0,699.0,4.0
price_02_98,"price in [0.02, 0.98], trades >= 10",venn_abers,Politics,1w,pooled,log_loss,0.39037497822439526,0.5410104742901208,-0.15063549606572557,1028.0,699.0,4.0
price_02_98,"price in [0.02, 0.98], trades >= 10",binning10,Finance,1w,pooled,log_loss,0.32612970092788124,0.40634233978027934,-0.0802126388523981,859.0,660.0,4.0
price_02_98,"price in [0.02, 0.98], trades >= 10",platt,Finance,1w,pooled,log_loss,0.3210623360847627,0.40160594325376037,-0.08054360716899767,859.0,660.0,4.0
price_02_98,"price in [0.02, 0.98], trades >= 10",raw,Finance,1w,pooled,log_loss,0.3271217306065175,0.40703782347814055,-0.07991609287162305,859.0,660.0,4.0
price_02_98,"price in [0.02, 0.98], trades >= 10",venn_abers,Finance,1w,pooled,log_loss,0.3260850022832115,0.4083522752869089,-0.08226727300369735,859.0,660.0,4.0
price_02_98,"price in [0.02, 0.98], trades >= 10",binning10,Weather,1w,pooled,log_loss,0.36313286513162873,0.4766218076015445,-0.11348894246991575,190.0,135.0,4.0
price_02_98,"price in [0.02, 0.98], trades >= 10",platt,Weather,1w,pooled,log_loss,0.36848389976844254,0.47671918393909346,-0.10823528417065092,190.0,135.0,4.0
price_02_98,"price in [0.02, 0.98], trades >= 10",raw,Weather,1w,pooled,log_loss,0.3613803931148248,0.4684252389266601,-0.10704484581183532,190.0,135.0,4.0
price_02_98,"price in [0.02, 0.98], trades >= 10",venn_abers,Weather,1w,pooled,log_loss,0.3721251836950523,0.4819275953084894,-0.10980241161343707,190.0,135.0,4.0
price_02_98,"price in [0.02, 0.98], trades >= 10",binning10,Entertainment,1w,pooled,log_loss,0.39037835402872,0.46585155445192417,-0.07547320042320416,1474.0,1134.0,4.0
price_02_98,"price in [0.02, 0.98], trades >= 10",platt,Entertainment,1w,pooled,log_loss,0.3805788887416683,0.45966136624345677,-0.07908247750178848,1474.0,1134.0,4.0
price_02_98,"price in [0.02, 0.98], trades >= 10",raw,Entertainment,1w,pooled,log_loss,0.37955975368666495,0.4582671861836964,-0.07870743249703144,1474.0,1134.0,4.0
price_02_98,"price in [0.02, 0.98], trades >= 10",venn_abers,Entertainment,1w,pooled,log_loss,0.38206253406597285,0.463668637627465,-0.08160610356149217,1474.0,1134.0,4.0
price_02_98,"price in [0.02, 0.98], trades >= 10",binning10,ALL,1w,pooled,log_loss,0.38992470254112593,0.4768572611965397,-0.08693255865541377,5735.0,4414.0,4.0
price_02_98,"price in [0.02, 0.98], trades >= 10",platt,ALL,1w,pooled,log_loss,0.38203621160213413,0.4718077158802758,-0.08977150427814168,5735.0,4414.0,4.0
price_02_98,"price in [0.02, 0.98], trades >= 10",raw,ALL,1w,pooled,log_loss,0.38182689189497726,0.47121168994560914,-0.08938479805063188,5735.0,4414.0,4.0
price_02_98,"price in [0.02, 0.98], trades >= 10",venn_abers,ALL,1w,pooled,log_loss,0.3850693688148148,0.476327834752631,-0.09125846593781622,5735.0,4414.0,4.0
price_02_98,"price in [0.02, 0.98], trades >= 10",conformal_mondrian,Sports,24h,per_domain,avg_set_size,1.3495523959978937,1.4839845124956004,-0.1344321164977067,9495.0,8523.0,7.0
price_02_98,"price in [0.02, 0.98], trades >= 10",conformal_mondrian,Crypto,24h,per_domain,avg_set_size,1.3703140830800404,1.4414364640883979,-0.07112238100835744,1974.0,1810.0,7.0
price_02_98,"price in [0.02, 0.98], trades >= 10",conformal_mondrian,Politics,24h,per_domain,avg_set_size,1.1893265565438373,1.4707874682472482,-0.2814609117034108,1574.0,1181.0,13.0
price_02_98,"price in [0.02, 0.98], trades >= 10",conformal_mondrian,Finance,24h,per_domain,avg_set_size,1.1371479132871258,1.2654297614539947,-0.12828184816686883,6781.0,5282.0,14.0
price_02_98,"price in [0.02, 0.98], trades >= 10",conformal_mondrian,Weather,24h,per_domain,avg_set_size,1.3307838501830993,1.3859138835506155,-0.05513003336751621,21573.0,19253.0,14.0
price_02_98,"price in [0.02, 0.98], trades >= 10",conformal_mondrian,Entertainment,24h,per_domain,avg_set_size,1.0612873421619957,1.2638223770134958,-0.20253503485150004,3247.0,2297.0,12.0
price_02_98,"price in [0.02, 0.98], trades >= 10",conformal_mondrian,ALL,24h,per_domain,avg_set_size,1.2825239673864348,1.3890366661451,-0.10651269875866509,44644.0,38346.0,14.0
price_02_98,"price in [0.02, 0.98], trades >= 10",conformal_marginal,Sports,24h,pooled,avg_set_size,1.388309636650869,1.4993546873166725,-0.11104505066580361,9495.0,8523.0,7.0
price_02_98,"price in [0.02, 0.98], trades >= 10",conformal_marginal,Crypto,24h,pooled,avg_set_size,1.2917933130699089,1.3574585635359115,-0.06566525046600269,1974.0,1810.0,7.0
price_02_98,"price in [0.02, 0.98], trades >= 10",conformal_marginal,Politics,24h,pooled,avg_set_size,1.2407878017789074,1.3751058425063505,-0.13431804072744313,1574.0,1181.0,13.0
price_02_98,"price in [0.02, 0.98], trades >= 10",conformal_marginal,Finance,24h,pooled,avg_set_size,1.1212210588408789,1.174176448315032,-0.052955389474153236,6781.0,5282.0,14.0
price_02_98,"price in [0.02, 0.98], trades >= 10",conformal_marginal,Weather,24h,pooled,avg_set_size,1.3322671858341446,1.41411728042383,-0.0818500945896854,21573.0,19253.0,14.0
price_02_98,"price in [0.02, 0.98], trades >= 10",conformal_marginal,Entertainment,24h,pooled,avg_set_size,1.1416692331382814,1.2398781018720069,-0.09820886873372547,3247.0,2297.0,12.0
price_02_98,"price in [0.02, 0.98], trades >= 10",conformal_marginal,ALL,24h,pooled,avg_set_size,1.2932532927157065,1.3856986387106869,-0.09244534599498033,44644.0,38346.0,14.0
price_02_98,"price in [0.02, 0.98], trades >= 10",binning10,Sports,24h,per_domain,brier,0.1818689606130835,0.19703021121609482,-0.015161250603011323,8827.0,8056.0,2.0
price_02_98,"price in [0.02, 0.98], trades >= 10",platt,Sports,24h,per_domain,brier,0.17981964755245902,0.19531884004403613,-0.015499192491577107,8827.0,8056.0,2.0
price_02_98,"price in [0.02, 0.98], trades >= 10",raw,Sports,24h,per_domain,brier,0.1787664325365356,0.19450662859980133,-0.015740196063265738,8827.0,8056.0,2.0
price_02_98,"price in [0.02, 0.98], trades >= 10",venn_abers,Sports,24h,per_domain,brier,0.1798119009845139,0.19566167624925304,-0.01584977526473913,8827.0,8056.0,2.0
price_02_98,"price in [0.02, 0.98], trades >= 10",binning10,Crypto,24h,per_domain,brier,0.20851693580830638,0.21233016925139203,-0.0038132334430856507,1301.0,1255.0,3.0
price_02_98,"price in [0.02, 0.98], trades >= 10",platt,Crypto,24h,per_domain,brier,0.20480689553603668,0.2087109501928792,-0.003904054656842515,1301.0,1255.0,3.0
price_02_98,"price in [0.02, 0.98], trades >= 10",raw,Crypto,24h,per_domain,brier,0.20381967717140662,0.2075482071713147,-0.003728529999908081,1301.0,1255.0,3.0
price_02_98,"price in [0.02, 0.98], trades >= 10",venn_abers,Crypto,24h,per_domain,brier,0.20615275132213404,0.21008495064353075,-0.003932199321396712,1301.0,1255.0,3.0
price_02_98,"price in [0.02, 0.98], trades >= 10",binning10,Politics,24h,per_domain,brier,0.1402061693911969,0.18020867162256524,-0.040002502231368336,1428.0,850.0,3.0
price_02_98,"price in [0.02, 0.98], trades >= 10",platt,Politics,24h,per_domain,brier,0.13508558592335618,0.17384593999229395,-0.03876035406893777,1428.0,850.0,3.0
price_02_98,"price in [0.02, 0.98], trades >= 10",raw,Politics,24h,per_domain,brier,0.13430588235294116,0.17258705882352943,-0.03828117647058826,1428.0,850.0,3.0
price_02_98,"price in [0.02, 0.98], trades >= 10",venn_abers,Politics,24h,per_domain,brier,0.13778763767171479,0.1769070274529432,-0.03911938978122842,1428.0,850.0,3.0
price_02_98,"price in [0.02, 0.98], trades >= 10",binning10,Finance,24h,per_domain,brier,0.11822082663452795,0.14326308111442515,-0.025042254479897205,6781.0,5042.0,14.0
price_02_98,"price in [0.02, 0.98], trades >= 10",platt,Finance,24h,per_domain,brier,0.11403075894973923,0.1402908654174998,-0.02626010646776057,6781.0,5042.0,14.0
price_02_98,"price in [0.02, 0.98], trades >= 10",raw,Finance,24h,per_domain,brier,0.11376329449933638,0.13977288774295915,-0.026009593243622772,6781.0,5042.0,14.0
price_02_98,"price in [0.02, 0.98], trades >= 10",venn_abers,Finance,24h,per_domain,brier,0.11462615825120298,0.1409089945652956,-0.026282836314092617,6781.0,5042.0,14.0
price_02_98,"price in [0.02, 0.98], trades >= 10",binning10,Weather,24h,per_domain,brier,0.15164017543268804,0.16605783433408103,-0.014417658901392988,21573.0,19253.0,14.0
price_02_98,"price in [0.02, 0.98], trades >= 10",platt,Weather,24h,per_domain,brier,0.14969843560158486,0.16460507076801312,-0.014906635166428261,21573.0,19253.0,14.0
price_02_98,"price in [0.02, 0.98], trades >= 10",raw,Weather,24h,per_domain,brier,0.14962312612988457,0.16451986183971326,-0.01489673570982869,21573.0,19253.0,14.0
price_02_98,"price in [0.02, 0.98], trades >= 10",venn_abers,Weather,24h,per_domain,brier,0.1501542571529114,0.16508851625468468,-0.01493425910177329,21573.0,19253.0,14.0
price_02_98,"price in [0.02, 0.98], trades >= 10",binning10,Entertainment,24h,per_domain,brier,0.11385662596506432,0.15123346929857076,-0.03737684333350644,3002.0,2124.0,6.0
price_02_98,"price in [0.02, 0.98], trades >= 10",platt,Entertainment,24h,per_domain,brier,0.11102636297394346,0.14960908673661927,-0.03858272376267581,3002.0,2124.0,6.0
price_02_98,"price in [0.02, 0.98], trades >= 10",raw,Entertainment,24h,per_domain,brier,0.11019370419720188,0.14920357815442556,-0.039009873957223676,3002.0,2124.0,6.0
price_02_98,"price in [0.02, 0.98], trades >= 10",venn_abers,Entertainment,24h,per_domain,brier,0.11131425787041604,0.15088783221985366,-0.03957357434943762,3002.0,2124.0,6.0
price_02_98,"price in [0.02, 0.98], trades >= 10",binning10,ALL,24h,per_domain,brier,0.15127793577260812,0.17079253534854275,-0.019514599575934627,42912.0,36580.0,14.0
price_02_98,"price in [0.02, 0.98], trades >= 10",platt,ALL,24h,per_domain,brier,0.14873723168473718,0.1688750010399245,-0.020137769355187324,42912.0,36580.0,14.0
price_02_98,"price in [0.02, 0.98], trades >= 10",raw,ALL,24h,per_domain,brier,0.14832633296047726,0.16848719518862765,-0.02016086222815039,42912.0,36580.0,14.0
price_02_98,"price in [0.02, 0.98], trades >= 10",venn_abers,ALL,24h,per_domain,brier,0.14920973846112423,0.16948267249702706,-0.02027293403590283,42912.0,36580.0,14.0
price_02_98,"price in [0.02, 0.98], trades >= 10",binning10,Sports,24h,pooled,brier,0.17504530442838692,0.1934175716892497,-0.018372267260862774,9495.0,8523.0,7.0
price_02_98,"price in [0.02, 0.98], trades >= 10",platt,Sports,24h,pooled,brier,0.17263586147834362,0.19098663263745874,-0.018350771159115126,9495.0,8523.0,7.0
price_02_98,"price in [0.02, 0.98], trades >= 10",raw,Sports,24h,pooled,brier,0.17273092153765135,0.19111743517540766,-0.018386513637756313,9495.0,8523.0,7.0
price_02_98,"price in [0.02, 0.98], trades >= 10",venn_abers,Sports,24h,pooled,brier,0.17300537693212462,0.19144746322453465,-0.018442086292410037,9495.0,8523.0,7.0
price_02_98,"price in [0.02, 0.98], trades >= 10",binning10,Crypto,24h,pooled,brier,0.17980799602766925,0.1935705019518548,-0.013762505924185542,1974.0,1810.0,7.0
price_02_98,"price in [0.02, 0.98], trades >= 10",platt,Crypto,24h,pooled,brier,0.17734768079767751,0.18904357134868974,-0.011695890551012222,1974.0,1810.0,7.0
price_02_98,"price in [0.02, 0.98], trades >= 10",raw,Crypto,24h,pooled,brier,0.17634209726443767,0.18808939226519333,-0.011747295000755664,1974.0,1810.0,7.0
price_02_98,"price in [0.02, 0.98], trades >= 10",venn_abers,Crypto,24h,pooled,brier,0.17742801746793943,0.18920092253596119,-0.011772905068021755,1974.0,1810.0,7.0
price_02_98,"price in [0.02, 0.98], trades >= 10",binning10,Politics,24h,pooled,brier,0.13356163560547307,0.17205270520534185,-0.03849106959986878,1574.0,1181.0,13.0
price_02_98,"price in [0.02, 0.98], trades >= 10",platt,Politics,24h,pooled,brier,0.12921459828812576,0.16797692763856872,-0.038762329350442964,1574.0,1181.0,13.0
price_02_98,"price in [0.02, 0.98], trades >= 10",raw,Politics,24h,pooled,brier,0.12920374841168994,0.16795546147332766,-0.038751713061637716,1574.0,1181.0,13.0
price_02_98,"price in [0.02, 0.98], trades >= 10",venn_abers,Politics,24h,pooled,brier,0.12973827116628675,0.16863980683731736,-0.03890153567103061,1574.0,1181.0,13.0
price_02_98,"price in [0.02, 0.98], trades >= 10",binning10,Finance,24h,pooled,brier,0.1167555365318096,0.143101887557777,-0.0263463510259674,6781.0,5282.0,14.0
price_02_98,"price in [0.02, 0.98], trades >= 10",platt,Finance,24h,pooled,brier,0.11410664152655174,0.140065390583733,-0.02595874905718125,6781.0,5282.0,14.0
price_02_98,"price in [0.02, 0.98], trades >= 10",raw,Finance,24h,pooled,brier,0.11376329449933638,0.13959288148428625,-0.025829586984949873,6781.0,5282.0,14.0
price_02_98,"price in [0.02, 0.98], trades >= 10",venn_abers,Finance,24h,pooled,brier,0.11453237714261481,0.14054876059114807,-0.026016383448533256,6781.0,5282.0,14.0
price_02_98,"price in [0.02, 0.98], trades >= 10",binning10,Weather,24h,pooled,brier,0.15195150064823507,0.16648284390006104,-0.014531343251825979,21573.0,19253.0,14.0
price_02_98,"price in [0.02, 0.98], trades >= 10",platt,Weather,24h,pooled,brier,0.14965979212877645,0.1646018229267883,-0.014942030798011846,21573.0,19253.0,14.0
price_02_98,"price in [0.02, 0.98], trades >= 10",raw,Weather,24h,pooled,brier,0.14962312612988457,0.16451986183971326,-0.01489673570982869,21573.0,19253.0,14.0
price_02_98,"price in [0.02, 0.98], trades >= 10",venn_abers,Weather,24h,pooled,brier,0.15007324600787877,0.16502233813772027,-0.014949092129841496,21573.0,19253.0,14.0
price_02_98,"price in [0.02, 0.98], trades >= 10",binning10,Entertainment,24h,pooled,brier,0.11263786436329727,0.150379589865875,-0.03774172550257772,3247.0,2297.0,12.0
price_02_98,"price in [0.02, 0.98], trades >= 10",platt,Entertainment,24h,pooled,brier,0.10750242382272446,0.1457891096352988,-0.038286685812574356,3247.0,2297.0,12.0
price_02_98,"price in [0.02, 0.98], trades >= 10",raw,Entertainment,24h,pooled,brier,0.10747640899291655,0.1458505877231171,-0.03837417873020055,3247.0,2297.0,12.0
price_02_98,"price in [0.02, 0.98], trades >= 10",venn_abers,Entertainment,24h,pooled,brier,0.10774458998300825,0.14622627629532722,-0.03848168631231898,3247.0,2297.0,12.0
price_02_98,"price in [0.02, 0.98], trades >= 10",binning10,ALL,24h,pooled,brier,0.1492412491363536,0.16973439468256946,-0.02049314554621587,44644.0,38346.0,14.0
price_02_98,"price in [0.02, 0.98], trades >= 10",platt,ALL,24h,pooled,brier,0.14658350072294207,0.1672171950231146,-0.020633694300172534,44644.0,38346.0,14.0
price_02_98,"price in [0.02, 0.98], trades >= 10",raw,ALL,24h,pooled,brier,0.14648711136994894,0.16709801283054293,-0.020610901460593994,44644.0,38346.0,14.0
price_02_98,"price in [0.02, 0.98], trades >= 10",venn_abers,ALL,24h,pooled,brier,0.14696617391978406,0.16765136903421501,-0.020685195114430954,44644.0,38346.0,14.0
price_02_98,"price in [0.02, 0.98], trades >= 10",conformal_mondrian,Sports,24h,per_domain,coverage,0.8825697735650342,0.9017951425554382,-0.019225368990404057,9495.0,8523.0,7.0
price_02_98,"price in [0.02, 0.98], trades >= 10",conformal_mondrian,Crypto,24h,per_domain,coverage,0.8850050658561297,0.8895027624309392,-0.004497696574809473,1974.0,1810.0,7.0
price_02_98,"price in [0.02, 0.98], trades >= 10",conformal_mondrian,Politics,24h,per_domain,coverage,0.8837357052096569,0.9297205757832345,-0.045984870573577585,1574.0,1181.0,13.0
price_02_98,"price in [0.02, 0.98], trades >= 10",conformal_mondrian,Finance,24h,per_domain,coverage,0.9017843975814777,0.9043922756531617,-0.0026078780716840555,6781.0,5282.0,14.0
price_02_98,"price in [0.02, 0.98], trades >= 10",conformal_mondrian,Weather,24h,per_domain,coverage,0.9130858016965652,0.9104035734690697,0.00268222822749542,21573.0,19253.0,14.0
price_02_98,"price in [0.02, 0.98], trades >= 10",conformal_mondrian,Entertainment,24h,per_domain,coverage,0.8771173390822298,0.8959512407488028,-0.01883390166657306,3247.0,2297.0,12.0
price_02_98,"price in [0.02, 0.98], trades >= 10",conformal_mondrian,ALL,24h,per_domain,coverage,0.8999865603440552,0.9064048401397798,-0.006418279795724624,44644.0,38346.0,14.0
price_02_98,"price in [0.02, 0.98], trades >= 10",conformal_marginal,Sports,24h,pooled,coverage,0.8963665086887835,0.9068403144432711,-0.01047380575448753,9495.0,8523.0,7.0
price_02_98,"price in [0.02, 0.98], trades >= 10",conformal_marginal,Crypto,24h,pooled,coverage,0.8647416413373861,0.869060773480663,-0.004319132143276949,1974.0,1810.0,7.0
price_02_98,"price in [0.02, 0.98], trades >= 10",conformal_marginal,Politics,24h,pooled,coverage,0.909148665819568,0.9026248941574937,0.006523771662074296,1574.0,1181.0,13.0
price_02_98,"price in [0.02, 0.98], trades >= 10",conformal_marginal,Finance,24h,pooled,coverage,0.8979501548444182,0.8807269973494888,0.01722315749492942,6781.0,5282.0,14.0
price_02_98,"price in [0.02, 0.98], trades >= 10",conformal_marginal,Weather,24h,pooled,coverage,0.9136884068048023,0.9186620266971381,-0.004973619892335801,21573.0,19253.0,14.0
price_02_98,"price in [0.02, 0.98], trades >= 10",conformal_marginal,Entertainment,24h,pooled,coverage,0.9097628580227902,0.8929037875489769,0.016859070473813298,3247.0,2297.0,12.0
price_02_98,"price in [0.02, 0.98], trades >= 10",conformal_marginal,ALL,24h,pooled,coverage,0.9050040318967835,0.9064309184791113,-0.0014268865823278132,44644.0,38346.0,14.0
price_02_98,"price in [0.02, 0.98], trades >= 10",binning10,Sports,24h,per_domain,ece,0.027191567724486786,0.032369369695811084,-0.005177801971324298,8827.0,8056.0,2.0
price_02_98,"price in [0.02, 0.98], trades >= 10",platt,Sports,24h,per_domain,ece,0.027936528238043337,0.02664818331466433,0.0012883449233790055,8827.0,8056.0,2.0
price_02_98,"price in [0.02, 0.98], trades >= 10",raw,Sports,24h,per_domain,ece,0.017651523733997976,0.020059582919562974,-0.002408059185564998,8827.0,8056.0,2.0
price_02_98,"price in [0.02, 0.98], trades >= 10",venn_abers,Sports,24h,per_domain,ece,0.027533513549837782,0.031845769248676124,-0.004312255698838342,8827.0,8056.0,2.0
price_02_98,"price in [0.02, 0.98], trades >= 10",binning10,Crypto,24h,per_domain,ece,0.09314749660470864,0.09166339541153079,0.0014841011931778503,1301.0,1255.0,3.0
price_02_98,"price in [0.02, 0.98], trades >= 10",platt,Crypto,24h,per_domain,ece,0.08128397980550504,0.08477639870823005,-0.003492418902725003,1301.0,1255.0,3.0
price_02_98,"price in [0.02, 0.98], trades >= 10",raw,Crypto,24h,per_domain,ece,0.07504996156802461,0.07308366533864538,0.00196629622937923,1301.0,1255.0,3.0
price_02_98,"price in [0.02, 0.98], trades >= 10",venn_abers,Crypto,24h,per_domain,ece,0.08019826807330982,0.08629394667676055,-0.006095678603450727,1301.0,1255.0,3.0
price_02_98,"price in [0.02, 0.98], trades >= 10",binning10,Politics,24h,per_domain,ece,0.05585679465308435,0.06732872355497445,-0.011471928901890097,1428.0,850.0,3.0
price_02_98,"price in [0.02, 0.98], trades >= 10",platt,Politics,24h,per_domain,ece,0.05226517996308639,0.06298892360629378,-0.010723743643207391,1428.0,850.0,3.0
price_02_98,"price in [0.02, 0.98], trades >= 10",raw,Politics,24h,per_domain,ece,0.044649859943977584,0.05418823529411764,-0.009538375350140058,1428.0,850.0,3.0
price_02_98,"price in [0.02, 0.98], trades >= 10",venn_abers,Politics,24h,per_domain,ece,0.05948796614072742,0.07005019431903009,-0.010562228178302671,1428.0,850.0,3.0
price_02_98,"price in [0.02, 0.98], trades >= 10",binning10,Finance,24h,per_domain,ece,0.036665825120319295,0.049525661217858175,-0.01285983609753888,6781.0,5042.0,14.0
price_02_98,"price in [0.02, 0.98], trades >= 10",platt,Finance,24h,per_domain,ece,0.03697884383324668,0.048946442756568134,-0.011967598923321457,6781.0,5042.0,14.0
price_02_98,"price in [0.02, 0.98], trades >= 10",raw,Finance,24h,per_domain,ece,0.034430025070048664,0.04713407378024589,-0.012704048710197223,6781.0,5042.0,14.0
price_02_98,"price in [0.02, 0.98], trades >= 10",venn_abers,Finance,24h,per_domain,ece,0.03620710080991346,0.04265650888261662,-0.00644940807270316,6781.0,5042.0,14.0
price_02_98,"price in [0.02, 0.98], trades >= 10",binning10,Weather,24h,per_domain,ece,0.02649701919042663,0.028259122505836218,-0.0017621033154095883,21573.0,19253.0,14.0
price_02_98,"price in [0.02, 0.98], trades >= 10",platt,Weather,24h,per_domain,ece,0.027130111745891056,0.030105782885413785,-0.0029756711395227294,21573.0,19253.0,14.0
price_02_98,"price in [0.02, 0.98], trades >= 10",raw,Weather,24h,per_domain,ece,0.02758957956705141,0.031140601464706767,-0.0035510218976553577,21573.0,19253.0,14.0
price_02_98,"price in [0.02, 0.98], trades >= 10",venn_abers,Weather,24h,per_domain,ece,0.025617314742223635,0.02747286029237298,-0.0018555455501493463,21573.0,19253.0,14.0
price_02_98,"price in [0.02, 0.98], trades >= 10",binning10,Entertainment,24h,per_domain,ece,0.03917593146121933,0.062050468110091336,-0.022874536648872006,3002.0,2124.0,6.0
price_02_98,"price in [0.02, 0.98], trades >= 10",platt,Entertainment,24h,per_domain,ece,0.03846135328016818,0.05092700302923609,-0.012465649749067914,3002.0,2124.0,6.0
price_02_98,"price in [0.02, 0.98], trades >= 10",raw,Entertainment,24h,per_domain,ece,0.03565289806795472,0.05322975517890769,-0.01757685711095297,3002.0,2124.0,6.0
price_02_98,"price in [0.02, 0.98], trades >= 10",venn_abers,Entertainment,24h,per_domain,ece,0.035913449471207386,0.04761127033252135,-0.011697820861313962,3002.0,2124.0,6.0
price_02_98,"price in [0.02, 0.98], trades >= 10",binning10,ALL,24h,per_domain,ece,0.02297550626402338,0.02718690414792961,-0.004211397883906232,42912.0,36580.0,14.0
price_02_98,"price in [0.02, 0.98], trades >= 10",platt,ALL,24h,per_domain,ece,0.02172791551459539,0.023644043949163737,-0.0019161284345683462,42912.0,36580.0,14.0
price_02_98,"price in [0.02, 0.98], trades >= 10",raw,ALL,24h,per_domain,ece,0.019142897091722594,0.020861126298523717,-0.001718229206801123,42912.0,36580.0,14.0
price_02_98,"price in [0.02, 0.98], trades >= 10",venn_abers,ALL,24h,per_domain,ece,0.023380193298133532,0.02562559128148185,-0.002245397983348319,42912.0,36580.0,14.0
price_02_98,"price in [0.02, 0.98], trades >= 10",binning10,Sports,24h,pooled,ece,0.023687873849392693,0.025189667085482446,-0.0015017932360897532,9478.0,8507.0,4.0
price_02_98,"price in [0.02, 0.98], trades >= 10",platt,Sports,24h,pooled,ece,0.019175639666995533,0.019720045130552078,-0.0005444054635565451,9478.0,8507.0,4.0
price_02_98,"price in [0.02, 0.98], trades >= 10",raw,Sports,24h,pooled,ece,0.020012660898923843,0.0225061713882684,-0.0024935104893445553,9478.0,8507.0,4.0
price_02_98,"price in [0.02, 0.98], trades >= 10",venn_abers,Sports,24h,pooled,ece,0.019715580946654047,0.018729799207191908,0.000985781739462139,9478.0,8507.0,4.0
price_02_98,"price in [0.02, 0.98], trades >= 10",binning10,Crypto,24h,pooled,ece,0.07343346348941711,0.07921721179236617,-0.00578374830294906,1970.0,1809.0,6.0
price_02_98,"price in [0.02, 0.98], trades >= 10",platt,Crypto,24h,pooled,ece,0.0753792391744704,0.07510578458836492,0.000273454586105476,1970.0,1809.0,6.0
price_02_98,"price in [0.02, 0.98], trades >= 10",raw,Crypto,24h,pooled,ece,0.07103553299492385,0.0713266998341625,-0.0002911668392386463,1970.0,1809.0,6.0
price_02_98,"price in [0.02, 0.98], trades >= 10",venn_abers,Crypto,24h,pooled,ece,0.07652626092155233,0.07526038054429476,0.0012658803772575694,1970.0,1809.0,6.0
price_02_98,"price in [0.02, 0.98], trades >= 10",binning10,Politics,24h,pooled,ece,0.03788073239820492,0.059668302688659636,-0.021787570290454715,1541.0,1128.0,6.0
price_02_98,"price in [0.02, 0.98], trades >= 10",platt,Politics,24h,pooled,ece,0.049988768642887385,0.05958154267086787,-0.009592774027980484,1541.0,1128.0,6.0
price_02_98,"price in [0.02, 0.98], trades >= 10",raw,Politics,24h,pooled,ece,0.04802076573653471,0.05866134751773047,-0.010640581781195764,1541.0,1128.0,6.0
price_02_98,"price in [0.02, 0.98], trades >= 10",venn_abers,Politics,24h,pooled,ece,0.054313966280315755,0.06747693008864772,-0.013162963808331964,1541.0,1128.0,6.0
price_02_98,"price in [0.02, 0.98], trades >= 10",binning10,Finance,24h,pooled,ece,0.03804495907235693,0.04576491229599999,-0.007719953223643064,6781.0,5282.0,14.0
price_02_98,"price in [0.02, 0.98], trades >= 10",platt,Finance,24h,pooled,ece,0.03645486468983459,0.049039678061254,-0.01258481337141941,6781.0,5282.0,14.0
price_02_98,"price in [0.02, 0.98], trades >= 10",raw,Finance,24h,pooled,ece,0.034430025070048664,0.047016281711472874,-0.01258625664142421,6781.0,5282.0,14.0
price_02_98,"price in [0.02, 0.98], trades >= 10",venn_abers,Finance,24h,pooled,ece,0.036094648319631065,0.04692599111585258,-0.010831342796221513,6781.0,5282.0,14.0
price_02_98,"price in [0.02, 0.98], trades >= 10",binning10,Weather,24h,pooled,ece,0.028157309943869828,0.028399483469221186,-0.00024217352535135794,21573.0,19253.0,14.0
price_02_98,"price in [0.02, 0.98], trades >= 10",platt,Weather,24h,pooled,ece,0.02700391287026668,0.030905407369483412,-0.0039014944992167323,21573.0,19253.0,14.0
price_02_98,"price in [0.02, 0.98], trades >= 10",raw,Weather,24h,pooled,ece,0.02758957956705141,0.031140601464706767,-0.0035510218976553577,21573.0,19253.0,14.0
price_02_98,"price in [0.02, 0.98], trades >= 10",venn_abers,Weather,24h,pooled,ece,0.026495813528870524,0.027413265506912674,-0.0009174519780421504,21573.0,19253.0,14.0
price_02_98,"price in [0.02, 0.98], trades >= 10",binning10,Entertainment,24h,pooled,ece,0.03947777779881237,0.04828980393860398,-0.00881202613979161,3226.0,2278.0,9.0
price_02_98,"price in [0.02, 0.98], trades >= 10",platt,Entertainment,24h,pooled,ece,0.0373421022755195,0.05673437389797113,-0.019392271622451634,3226.0,2278.0,9.0
price_02_98,"price in [0.02, 0.98], trades >= 10",raw,Entertainment,24h,pooled,ece,0.038319900805951664,0.05771729587357328,-0.019397395067621614,3226.0,2278.0,9.0
price_02_98,"price in [0.02, 0.98], trades >= 10",venn_abers,Entertainment,24h,pooled,ece,0.03940912427135326,0.05587365940519543,-0.01646453513384217,3226.0,2278.0,9.0
price_02_98,"price in [0.02, 0.98], trades >= 10",binning10,ALL,24h,pooled,ece,0.02221052151413477,0.02400371003095071,-0.0017931885168159384,44644.0,38346.0,14.0
price_02_98,"price in [0.02, 0.98], trades >= 10",platt,ALL,24h,pooled,ece,0.0183601854508624,0.021169881694451012,-0.0028096962435886115,44644.0,38346.0,14.0
price_02_98,"price in [0.02, 0.98], trades >= 10",raw,ALL,24h,pooled,ece,0.01856957261894095,0.02118865070672294,-0.0026190780877819904,44644.0,38346.0,14.0
price_02_98,"price in [0.02, 0.98], trades >= 10",venn_abers,ALL,24h,pooled,ece,0.01950590956066925,0.022847668389768924,-0.0033417588290996746,44644.0,38346.0,14.0
price_02_98,"price in [0.02, 0.98], trades >= 10",binning10,Sports,24h,per_domain,log_loss,0.5501418336503007,0.5823686799300497,-0.03222684627974903,8827.0,8056.0,2.0
price_02_98,"price in [0.02, 0.98], trades >= 10",platt,Sports,24h,per_domain,log_loss,0.5309650656999876,0.5728338400979759,-0.041868774397988306,8827.0,8056.0,2.0
price_02_98,"price in [0.02, 0.98], trades >= 10",raw,Sports,24h,per_domain,log_loss,0.5264191044514565,0.5692322667403864,-0.04281316228892995,8827.0,8056.0,2.0
price_02_98,"price in [0.02, 0.98], trades >= 10",venn_abers,Sports,24h,per_domain,log_loss,0.5289276994464475,0.5721407300962914,-0.04321303064984394,8827.0,8056.0,2.0
price_02_98,"price in [0.02, 0.98], trades >= 10",binning10,Crypto,24h,per_domain,log_loss,0.619497304086253,0.623023297642623,-0.003525993556369955,1301.0,1255.0,3.0
price_02_98,"price in [0.02, 0.98], trades >= 10",platt,Crypto,24h,per_domain,log_loss,0.603067399202491,0.6116720273092692,-0.0086046281067782,1301.0,1255.0,3.0
price_02_98,"price in [0.02, 0.98], trades >= 10",raw,Crypto,24h,per_domain,log_loss,0.6028806068511814,0.6105075646404443,-0.0076269577892629226,1301.0,1255.0,3.0
price_02_98,"price in [0.02, 0.98], trades >= 10",venn_abers,Crypto,24h,per_domain,log_loss,0.6064764241162075,0.6152127313001804,-0.008736307183972891,1301.0,1255.0,3.0
price_02_98,"price in [0.02, 0.98], trades >= 10",binning10,Politics,24h,per_domain,log_loss,0.4683859170476867,0.5345568981773706,-0.06617098112968395,1428.0,850.0,3.0
price_02_98,"price in [0.02, 0.98], trades >= 10",platt,Politics,24h,per_domain,log_loss,0.4123753506292526,0.519188727954222,-0.10681337732496937,1428.0,850.0,3.0
price_02_98,"price in [0.02, 0.98], trades >= 10",raw,Politics,24h,per_domain,log_loss,0.41058453487282204,0.5149192015814857,-0.1043346667086637,1428.0,850.0,3.0
price_02_98,"price in [0.02, 0.98], trades >= 10",venn_abers,Politics,24h,per_domain,log_loss,0.42165698260186785,0.5266544484725448,-0.10499746587067699,1428.0,850.0,3.0
price_02_98,"price in [0.02, 0.98], trades >= 10",binning10,Finance,24h,per_domain,log_loss,0.4201408389005633,0.45542283389917615,-0.03528199499861284,6781.0,5042.0,14.0
price_02_98,"price in [0.02, 0.98], trades >= 10",platt,Finance,24h,per_domain,log_loss,0.37196840116372104,0.44570886023587797,-0.07374045907215693,6781.0,5042.0,14.0
price_02_98,"price in [0.02, 0.98], trades >= 10",raw,Finance,24h,per_domain,log_loss,0.3703003192984484,0.44466827258263486,-0.07436795328418644,6781.0,5042.0,14.0
price_02_98,"price in [0.02, 0.98], trades >= 10",venn_abers,Finance,24h,per_domain,log_loss,0.3735977950459996,0.4478610328392859,-0.07426323779328631,6781.0,5042.0,14.0
price_02_98,"price in [0.02, 0.98], trades >= 10",binning10,Weather,24h,per_domain,log_loss,0.46329321881722557,0.5025966412453713,-0.03930342242814572,21573.0,19253.0,14.0
price_02_98,"price in [0.02, 0.98], trades >= 10",platt,Weather,24h,per_domain,log_loss,0.4583450441157172,0.49886936850839697,-0.04052432439267978,21573.0,19253.0,14.0
price_02_98,"price in [0.02, 0.98], trades >= 10",raw,Weather,24h,per_domain,log_loss,0.45845017101219215,0.4988964132036371,-0.04044624219144494,21573.0,19253.0,14.0
price_02_98,"price in [0.02, 0.98], trades >= 10",venn_abers,Weather,24h,per_domain,log_loss,0.4599869804322319,0.5004019802257633,-0.040414999793531414,21573.0,19253.0,14.0
price_02_98,"price in [0.02, 0.98], trades >= 10",binning10,Entertainment,24h,per_domain,log_loss,0.3873531719690384,0.505051318376101,-0.11769814640706255,3002.0,2124.0,6.0
price_02_98,"price in [0.02, 0.98], trades >= 10",platt,Entertainment,24h,per_domain,log_loss,0.356720347129814,0.46730563025611477,-0.11058528312630078,3002.0,2124.0,6.0
price_02_98,"price in [0.02, 0.98], trades >= 10",raw,Entertainment,24h,per_domain,log_loss,0.35309864879719727,0.4641246038855075,-0.11102595508831026,3002.0,2124.0,6.0
price_02_98,"price in [0.02, 0.98], trades >= 10",venn_abers,Entertainment,24h,per_domain,log_loss,0.3549194022346863,0.46874372245273266,-0.11382432021804634,3002.0,2124.0,6.0
price_02_98,"price in [0.02, 0.98], trades >= 10",binning10,ALL,24h,per_domain,log_loss,0.47393169528736234,0.5186794354881453,-0.04474774020078298,42912.0,36580.0,14.0
price_02_98,"price in [0.02, 0.98], trades >= 10",platt,ALL,24h,per_domain,log_loss,0.45538220472310914,0.5103406619116723,-0.054958457188563126,42912.0,36580.0,14.0
price_02_98,"price in [0.02, 0.98], trades >= 10",raw,ALL,24h,per_domain,log_loss,0.45391773789156337,0.5090944283283942,-0.05517669043683088,42912.0,36580.0,14.0
price_02_98,"price in [0.02, 0.98], trades >= 10",venn_abers,ALL,24h,per_domain,log_loss,0.4563322759257184,0.5116697730998091,-0.0553374971740907,42912.0,36580.0,14.0
price_02_98,"price in [0.02, 0.98], trades >= 10",binning10,Sports,24h,pooled,log_loss,0.5175019460994752,0.5672316626548161,-0.049729716555340864,9495.0,8523.0,7.0
price_02_98,"price in [0.02, 0.98], trades >= 10",platt,Sports,24h,pooled,log_loss,0.5099653982443566,0.5604670338806441,-0.05050163563628751,9495.0,8523.0,7.0
price_02_98,"price in [0.02, 0.98], trades >= 10",raw,Sports,24h,pooled,log_loss,0.5104265636208218,0.5608356259185792,-0.05040906229775732,9495.0,8523.0,7.0
price_02_98,"price in [0.02, 0.98], trades >= 10",venn_abers,Sports,24h,pooled,log_loss,0.5106734810324888,0.561639483852269,-0.050966002819780254,9495.0,8523.0,7.0
price_02_98,"price in [0.02, 0.98], trades >= 10",binning10,Crypto,24h,pooled,log_loss,0.546429254099406,0.5792410082659237,-0.032811754166517715,1974.0,1810.0,7.0
price_02_98,"price in [0.02, 0.98], trades >= 10",platt,Crypto,24h,pooled,log_loss,0.536018307349701,0.5653301342009363,-0.029311826851235234,1974.0,1810.0,7.0
price_02_98,"price in [0.02, 0.98], trades >= 10",raw,Crypto,24h,pooled,log_loss,0.5319777569488865,0.5620312610954213,-0.03005350414653485,1974.0,1810.0,7.0
price_02_98,"price in [0.02, 0.98], trades >= 10",venn_abers,Crypto,24h,pooled,log_loss,0.5366799240554114,0.5657764551006434,-0.02909653104523202,1974.0,1810.0,7.0
price_02_98,"price in [0.02, 0.98], trades >= 10",binning10,Politics,24h,pooled,log_loss,0.4182401068555406,0.5186605036613231,-0.10042039680578252,1574.0,1181.0,13.0
price_02_98,"price in [0.02, 0.98], trades >= 10",platt,Politics,24h,pooled,log_loss,0.3966617014367191,0.5049171064928719,-0.10825540505615283,1574.0,1181.0,13.0
price_02_98,"price in [0.02, 0.98], trades >= 10",raw,Politics,24h,pooled,log_loss,0.3969368219897377,0.5050177615719633,-0.10808093958222564,1574.0,1181.0,13.0
price_02_98,"price in [0.02, 0.98], trades >= 10",venn_abers,Politics,24h,pooled,log_loss,0.3990207078568145,0.50726944788342,-0.1082487400266055,1574.0,1181.0,13.0
price_02_98,"price in [0.02, 0.98], trades >= 10",binning10,Finance,24h,pooled,log_loss,0.3832845201293111,0.45710402952004786,-0.07381950939073678,6781.0,5282.0,14.0
price_02_98,"price in [0.02, 0.98], trades >= 10",platt,Finance,24h,pooled,log_loss,0.37133221770510777,0.44562541484892354,-0.07429319714381577,6781.0,5282.0,14.0
price_02_98,"price in [0.02, 0.98], trades >= 10",raw,Finance,24h,pooled,log_loss,0.3703003192984484,0.4442828025889703,-0.07398248329052187,6781.0,5282.0,14.0
price_02_98,"price in [0.02, 0.98], trades >= 10",venn_abers,Finance,24h,pooled,log_loss,0.37344721915284296,0.44790081213433064,-0.07445359298148768,6781.0,5282.0,14.0
price_02_98,"price in [0.02, 0.98], trades >= 10",binning10,Weather,24h,pooled,log_loss,0.46444607126059373,0.503432886139897,-0.03898681487930328,21573.0,19253.0,14.0
price_02_98,"price in [0.02, 0.98], trades >= 10",platt,Weather,24h,pooled,log_loss,0.45825631512967113,0.4989401565119879,-0.04068384138231679,21573.0,19253.0,14.0
price_02_98,"price in [0.02, 0.98], trades >= 10",raw,Weather,24h,pooled,log_loss,0.45845017101219215,0.4988964132036371,-0.04044624219144494,21573.0,19253.0,14.0
price_02_98,"price in [0.02, 0.98], trades >= 10",venn_abers,Weather,24h,pooled,log_loss,0.45964821619682855,0.5001833342875673,-0.040535118090738786,21573.0,19253.0,14.0
price_02_98,"price in [0.02, 0.98], trades >= 10",binning10,Entertainment,24h,pooled,log_loss,0.3654645140693881,0.4682783970589175,-0.10281388298952937,3247.0,2297.0,12.0
price_02_98,"price in [0.02, 0.98], trades >= 10",platt,Entertainment,24h,pooled,log_loss,0.3456312250923761,0.4549419004386741,-0.10931067534629801,3247.0,2297.0,12.0
price_02_98,"price in [0.02, 0.98], trades >= 10",raw,Entertainment,24h,pooled,log_loss,0.34534390042048346,0.45494882372724704,-0.10960492330676358,3247.0,2297.0,12.0
price_02_98,"price in [0.02, 0.98], trades >= 10",venn_abers,Entertainment,24h,pooled,log_loss,0.3468856808564631,0.4570936050104469,-0.11020792415398378,3247.0,2297.0,12.0
price_02_98,"price in [0.02, 0.98], trades >= 10",binning10,ALL,24h,pooled,log_loss,0.45819937634356944,0.5131730052525167,-0.0549736289089473,44644.0,38346.0,14.0
price_02_98,"price in [0.02, 0.98], trades >= 10",platt,ALL,24h,pooled,log_loss,0.4491263989679587,0.505953815138514,-0.05682741617055531,44644.0,38346.0,14.0
price_02_98,"price in [0.02, 0.98], trades >= 10",raw,ALL,24h,pooled,log_loss,0.4489715643912454,0.5056766404185392,-0.0567050760272938,44644.0,38346.0,14.0
price_02_98,"price in [0.02, 0.98], trades >= 10",venn_abers,ALL,24h,pooled,log_loss,0.4504745057227408,0.5073744264850685,-0.056899920762327694,44644.0,38346.0,14.0
price_10_90,"price in [0.10, 0.90], trades >= 10",conformal_mondrian,Sports,1w,per_domain,avg_set_size,1.4642576590730558,1.3404397068620921,0.1238179522109637,1273.0,1501.0,2.0
price_10_90,"price in [0.10, 0.90], trades >= 10",conformal_mondrian,Crypto,1w,per_domain,avg_set_size,1.471698113207547,1.3968253968253967,0.07487271638215032,53.0,63.0,2.0
price_10_90,"price in [0.10, 0.90], trades >= 10",conformal_mondrian,Politics,1w,per_domain,avg_set_size,1.5225225225225225,1.4782608695652173,0.04426165295730522,333.0,414.0,2.0
price_10_90,"price in [0.10, 0.90], trades >= 10",conformal_mondrian,Finance,1w,per_domain,avg_set_size,1.449438202247191,1.25,0.199438202247191,267.0,400.0,2.0
price_10_90,"price in [0.10, 0.90], trades >= 10",conformal_mondrian,Weather,1w,per_domain,avg_set_size,1.565217391304348,1.3623188405797102,0.2028985507246377,46.0,69.0,2.0
price_10_90,"price in [0.10, 0.90], trades >= 10",conformal_mondrian,Entertainment,1w,per_domain,avg_set_size,1.4311512415349887,1.2709447415329769,0.16020650000201186,443.0,561.0,2.0
price_10_90,"price in [0.10, 0.90], trades >= 10",conformal_mondrian,ALL,1w,per_domain,avg_set_size,1.4666666666666666,1.3361037234042554,0.13056294326241114,2415.0,3008.0,2.0
price_10_90,"price in [0.10, 0.90], trades >= 10",conformal_marginal,Sports,1w,pooled,avg_set_size,1.567949725058916,1.4397068620919387,0.1282428629669774,1273.0,1501.0,2.0
price_10_90,"price in [0.10, 0.90], trades >= 10",conformal_marginal,Crypto,1w,pooled,avg_set_size,1.5660377358490567,1.4444444444444444,0.12159329140461228,53.0,63.0,2.0
price_10_90,"price in [0.10, 0.90], trades >= 10",conformal_marginal,Politics,1w,pooled,avg_set_size,1.4024024024024024,1.2946859903381642,0.10771641206423821,333.0,414.0,2.0
price_10_90,"price in [0.10, 0.90], trades >= 10",conformal_marginal,Finance,1w,pooled,avg_set_size,1.3895131086142323,1.225,0.16451310861423218,267.0,400.0,2.0
price_10_90,"price in [0.10, 0.90], trades >= 10",conformal_marginal,Weather,1w,pooled,avg_set_size,1.4565217391304348,1.289855072463768,0.16666666666666674,46.0,69.0,2.0
price_10_90,"price in [0.10, 0.90], trades >= 10",conformal_marginal,Entertainment,1w,pooled,avg_set_size,1.4627539503386005,1.3279857397504455,0.1347682105881549,443.0,561.0,2.0
price_10_90,"price in [0.10, 0.90], trades >= 10",conformal_marginal,ALL,1w,pooled,avg_set_size,1.5039337474120082,1.3670212765957446,0.13691247081626368,2415.0,3008.0,2.0
price_10_90,"price in [0.10, 0.90], trades >= 10",binning10,Sports,1w,per_domain,brier,0.19470410996594778,0.16784867923381336,0.026855430732134422,1273.0,1501.0,2.0
price_10_90,"price in [0.10, 0.90], trades >= 10",platt,Sports,1w,per_domain,brier,0.18855631168854609,0.16353624700929806,0.025020064679248027,1273.0,1501.0,2.0
price_10_90,"price in [0.10, 0.90], trades >= 10",raw,Sports,1w,per_domain,brier,0.1889672427336999,0.16381505662891402,0.025152186104785895,1273.0,1501.0,2.0
price_10_90,"price in [0.10, 0.90], trades >= 10",venn_abers,Sports,1w,per_domain,brier,0.19247013974523375,0.16650610596557833,0.02596403377965542,1273.0,1501.0,2.0
price_10_90,"price in [0.10, 0.90], trades >= 10",binning10,Politics,1w,per_domain,brier,0.19686422874097642,0.16777555856168286,0.029088670179293563,333.0,414.0,2.0
price_10_90,"price in [0.10, 0.90], trades >= 10",platt,Politics,1w,per_domain,brier,0.19549707057823817,0.16857276829237905,0.026924302285859125,333.0,414.0,2.0
price_10_90,"price in [0.10, 0.90], trades >= 10",raw,Politics,1w,per_domain,brier,0.19684234234234232,0.16762705314009657,0.029215289202245753,333.0,414.0,2.0
price_10_90,"price in [0.10, 0.90], trades >= 10",venn_abers,Politics,1w,per_domain,brier,0.19146941555763863,0.16689118551162999,0.024578230046008648,333.0,414.0,2.0
price_10_90,"price in [0.10, 0.90], trades >= 10",binning10,Finance,1w,per_domain,brier,0.16104359090819476,0.11904944449775788,0.041994146410436875,267.0,400.0,2.0
price_10_90,"price in [0.10, 0.90], trades >= 10",platt,Finance,1w,per_domain,brier,0.15924754096852942,0.118676489496621,0.04057105147190841,267.0,400.0,2.0
price_10_90,"price in [0.10, 0.90], trades >= 10",raw,Finance,1w,per_domain,brier,0.1612558052434457,0.11969099999999994,0.041564805243445774,267.0,400.0,2.0
price_10_90,"price in [0.10, 0.90], trades >= 10",venn_abers,Finance,1w,per_domain,brier,0.15886970136993642,0.11881904722385958,0.040050654146076836,267.0,400.0,2.0
price_10_90,"price in [0.10, 0.90], trades >= 10",binning10,Weather,1w,per_domain,brier,0.23809668598839573,0.18708709624582473,0.051009589742571,46.0,69.0,2.0
price_10_90,"price in [0.10, 0.90], trades >= 10",platt,Weather,1w,per_domain,brier,0.2244904771794134,0.16603150122720228,0.05845897595221111,46.0,69.0,2.0
price_10_90,"price in [0.10, 0.90], trades >= 10",raw,Weather,1w,per_domain,brier,0.23435434782608697,0.17060869565217388,0.06374565217391309,46.0,69.0,2.0
price_10_90,"price in [0.10, 0.90], trades >= 10",venn_abers,Weather,1w,per_domain,brier,0.23408646480226142,0.1713603870277391,0.06272607777452233,46.0,69.0,2.0
price_10_90,"price in [0.10, 0.90], trades >= 10",binning10,Entertainment,1w,per_domain,brier,0.20504535522486203,0.17015406674937275,0.03489128847548928,443.0,561.0,2.0
price_10_90,"price in [0.10, 0.90], trades >= 10",platt,Entertainment,1w,per_domain,brier,0.19932204530522724,0.16787640359652767,0.03144564170869957,443.0,561.0,2.0
price_10_90,"price in [0.10, 0.90], trades >= 10",raw,Entertainment,1w,per_domain,brier,0.19336523702031602,0.1630573975044563,0.03030783951585972,443.0,561.0,2.0
price_10_90,"price in [0.10, 0.90], trades >= 10",venn_abers,Entertainment,1w,per_domain,brier,0.19862718499447884,0.1670539786710827,0.031573206323396136,443.0,561.0,2.0
price_10_90,"price in [0.10, 0.90], trades >= 10",binning10,ALL,1w,per_domain,brier,0.19398827216340592,0.1621002267100012,0.031888045453404706,2362.0,2945.0,2.0
price_10_90,"price in [0.10, 0.90], trades >= 10",platt,ALL,1w,per_domain,brier,0.18894074121132023,0.1590364905381931,0.02990425067312713,2362.0,2945.0,2.0
price_10_90,"price in [0.10, 0.90], trades >= 10",raw,ALL,1w,per_domain,brier,0.18865376799322606,0.15837269949066213,0.03028106850256393,2362.0,2945.0,2.0
price_10_90,"price in [0.10, 0.90], trades >= 10",venn_abers,ALL,1w,per_domain,brier,0.1904961193376831,0.16030131867065636,0.030194800667026733,2362.0,2945.0,2.0
price_10_90,"price in [0.10, 0.90], trades >= 10",binning10,Sports,1w,pooled,brier,0.19318375397183152,0.16626039016367725,0.02692336380815427,1273.0,1501.0,2.0
price_10_90,"price in [0.10, 0.90], trades >= 10",platt,Sports,1w,pooled,brier,0.1886434714872269,0.1632517081966502,0.025391763290576713,1273.0,1501.0,2.0
price_10_90,"price in [0.10, 0.90], trades >= 10",raw,Sports,1w,pooled,brier,0.1889672427336999,0.16381505662891402,0.025152186104785895,1273.0,1501.0,2.0
price_10_90,"price in [0.10, 0.90], trades >= 10",venn_abers,Sports,1w,pooled,brier,0.19259022657099722,0.16664013186433402,0.025950094706663207,1273.0,1501.0,2.0
price_10_90,"price in [0.10, 0.90], trades >= 10",binning10,Crypto,1w,pooled,brier,0.20890762021748127,0.1769117533035422,0.031995866913939075,53.0,63.0,2.0
price_10_90,"price in [0.10, 0.90], trades >= 10",platt,Crypto,1w,pooled,brier,0.20710697441731046,0.176884053438202,0.030222920979108475,53.0,63.0,2.0
price_10_90,"price in [0.10, 0.90], trades >= 10",raw,Crypto,1w,pooled,brier,0.19448867924528304,0.16431904761904761,0.030169631626235427,53.0,63.0,2.0
price_10_90,"price in [0.10, 0.90], trades >= 10",venn_abers,Crypto,1w,pooled,brier,0.2065200251815115,0.17346070487089318,0.03305932031061831,53.0,63.0,2.0
price_10_90,"price in [0.10, 0.90], trades >= 10",binning10,Politics,1w,pooled,brier,0.19403175145262527,0.17082340848035293,0.02320834297227234,333.0,414.0,2.0
price_10_90,"price in [0.10, 0.90], trades >= 10",platt,Politics,1w,pooled,brier,0.1990429863835455,0.17002654248707844,0.02901644389646707,333.0,414.0,2.0
price_10_90,"price in [0.10, 0.90], trades >= 10",raw,Politics,1w,pooled,brier,0.19684234234234232,0.16762705314009657,0.029215289202245753,333.0,414.0,2.0
price_10_90,"price in [0.10, 0.90], trades >= 10",venn_abers,Politics,1w,pooled,brier,0.197190394548757,0.16829021103086653,0.028900183517890476,333.0,414.0,2.0
price_10_90,"price in [0.10, 0.90], trades >= 10",binning10,Finance,1w,pooled,brier,0.15670748784377683,0.11879203996661584,0.03791544787716099,267.0,400.0,2.0
price_10_90,"price in [0.10, 0.90], trades >= 10",platt,Finance,1w,pooled,brier,0.15762651462530627,0.11665787826007513,0.04096863636523114,267.0,400.0,2.0
price_10_90,"price in [0.10, 0.90], trades >= 10",raw,Finance,1w,pooled,brier,0.1612558052434457,0.11969099999999994,0.041564805243445774,267.0,400.0,2.0
price_10_90,"price in [0.10, 0.90], trades >= 10",venn_abers,Finance,1w,pooled,brier,0.1611573997028062,0.11981863401242077,0.04133876569038544,267.0,400.0,2.0
price_10_90,"price in [0.10, 0.90], trades >= 10",binning10,Weather,1w,pooled,brier,0.2425144459359828,0.1766943998504649,0.06582004608551789,46.0,69.0,2.0
price_10_90,"price in [0.10, 0.90], trades >= 10",platt,Weather,1w,pooled,brier,0.2413548478237612,0.17635414840011499,0.06500069942364622,46.0,69.0,2.0
price_10_90,"price in [0.10, 0.90], trades >= 10",raw,Weather,1w,pooled,brier,0.23435434782608697,0.17060869565217388,0.06374565217391309,46.0,69.0,2.0
price_10_90,"price in [0.10, 0.90], trades >= 10",venn_abers,Weather,1w,pooled,brier,0.243845047318618,0.1763677478025344,0.06747729951608361,46.0,69.0,2.0
price_10_90,"price in [0.10, 0.90], trades >= 10",binning10,Entertainment,1w,pooled,brier,0.19571922097887445,0.16313952233502185,0.0325796986438526,443.0,561.0,2.0
price_10_90,"price in [0.10, 0.90], trades >= 10",platt,Entertainment,1w,pooled,brier,0.19418819931961045,0.16390002502726111,0.03028817429234934,443.0,561.0,2.0
price_10_90,"price in [0.10, 0.90], trades >= 10",raw,Entertainment,1w,pooled,brier,0.19336523702031602,0.1630573975044563,0.03030783951585972,443.0,561.0,2.0
price_10_90,"price in [0.10, 0.90], trades >= 10",venn_abers,Entertainment,1w,pooled,brier,0.19482181720625796,0.16421713133396468,0.030604685872293286,443.0,561.0,2.0
price_10_90,"price in [0.10, 0.90], trades >= 10",binning10,ALL,1w,pooled,brier,0.19101771203825144,0.16045650891321295,0.03056120312503849,2415.0,3008.0,2.0
price_10_90,"price in [0.10, 0.90], trades >= 10",platt,ALL,1w,pooled,brier,0.1890745747480394,0.15869514612478747,0.030379428623251936,2415.0,3008.0,2.0
price_10_90,"price in [0.10, 0.90], trades >= 10",raw,ALL,1w,pooled,brier,0.18878182194616977,0.15849724069148927,0.030284581254680504,2415.0,3008.0,2.0
price_10_90,"price in [0.10, 0.90], trades >= 10",venn_abers,ALL,1w,pooled,brier,0.19144069733495386,0.16055506934298794,0.030885627991965925,2415.0,3008.0,2.0
price_10_90,"price in [0.10, 0.90], trades >= 10",conformal_mondrian,Sports,1w,per_domain,coverage,0.9041633935585232,0.8994003997335112,0.004762993825011996,1273.0,1501.0,2.0
price_10_90,"price in [0.10, 0.90], trades >= 10",conformal_mondrian,Crypto,1w,per_domain,coverage,0.9056603773584906,0.9206349206349205,-0.014974543276429886,53.0,63.0,2.0
price_10_90,"price in [0.10, 0.90], trades >= 10",conformal_mondrian,Politics,1w,per_domain,coverage,0.9279279279279279,0.9492753623188406,-0.02134743439091269,333.0,414.0,2.0
price_10_90,"price in [0.10, 0.90], trades >= 10",conformal_mondrian,Finance,1w,per_domain,coverage,0.947565543071161,0.925,0.022565543071160987,267.0,400.0,2.0
price_10_90,"price in [0.10, 0.90], trades >= 10",conformal_mondrian,Weather,1w,per_domain,coverage,0.8695652173913043,0.8985507246376812,-0.02898550724637683,46.0,69.0,2.0
price_10_90,"price in [0.10, 0.90], trades >= 10",conformal_mondrian,Entertainment,1w,per_domain,coverage,0.8893905191873589,0.8805704099821747,0.008820109205184168,443.0,561.0,2.0
price_10_90,"price in [0.10, 0.90], trades >= 10",conformal_mondrian,ALL,1w,per_domain,coverage,0.9089026915113871,0.9065824468085106,0.002320244702876506,2415.0,3008.0,2.0
price_10_90,"price in [0.10, 0.90], trades >= 10",conformal_marginal,Sports,1w,pooled,coverage,0.9230164964650432,0.9233844103930713,-0.0003679139280280408,1273.0,1501.0,2.0
price_10_90,"price in [0.10, 0.90], trades >= 10",conformal_marginal,Crypto,1w,pooled,coverage,0.9245283018867925,0.9365079365079364,-0.01197963462114393,53.0,63.0,2.0
price_10_90,"price in [0.10, 0.90], trades >= 10",conformal_marginal,Politics,1w,pooled,coverage,0.8648648648648649,0.8647342995169082,0.0001305653479567459,333.0,414.0,2.0
price_10_90,"price in [0.10, 0.90], trades >= 10",conformal_marginal,Finance,1w,pooled,coverage,0.9138576779026217,0.915,-0.001142322097378301,267.0,400.0,2.0
price_10_90,"price in [0.10, 0.90], trades >= 10",conformal_marginal,Weather,1w,pooled,coverage,0.8478260869565217,0.8695652173913043,-0.021739130434782594,46.0,69.0,2.0
price_10_90,"price in [0.10, 0.90], trades >= 10",conformal_marginal,Entertainment,1w,pooled,coverage,0.8984198645598194,0.8948306595365418,0.0035892050232775308,443.0,561.0,2.0
price_10_90,"price in [0.10, 0.90], trades >= 10",conformal_marginal,ALL,1w,pooled,coverage,0.9080745341614906,0.9079122340425532,0.0001623001189374751,2415.0,3008.0,2.0
price_10_90,"price in [0.10, 0.90], trades >= 10",binning10,Sports,1w,per_domain,ece,0.07481225731582275,0.02776293861383324,0.047049318701989515,1273.0,1501.0,2.0
price_10_90,"price in [0.10, 0.90], trades >= 10",platt,Sports,1w,per_domain,ece,0.04603695548759848,0.04842506010164429,-0.0023881046140458093,1273.0,1501.0,2.0
price_10_90,"price in [0.10, 0.90], trades >= 10",raw,Sports,1w,per_domain,ece,0.05054988216810681,0.04882078614257154,0.0017290960255352678,1273.0,1501.0,2.0
price_10_90,"price in [0.10, 0.90], trades >= 10",venn_abers,Sports,1w,per_domain,ece,0.058006011853783894,0.04441822648640734,0.01358778536737655,1273.0,1501.0,2.0
price_10_90,"price in [0.10, 0.90], trades >= 10",binning10,Politics,1w,per_domain,ece,0.07666806459713524,0.07069835109176426,0.005969713505370983,333.0,414.0,2.0
price_10_90,"price in [0.10, 0.90], trades >= 10",platt,Politics,1w,per_domain,ece,0.08955414393153308,0.09986268581086084,-0.010308541879327768,333.0,414.0,2.0
price_10_90,"price in [0.10, 0.90], trades >= 10",raw,Politics,1w,per_domain,ece,0.09522522522522522,0.0826570048309178,0.012568220394307425,333.0,414.0,2.0
price_10_90,"price in [0.10, 0.90], trades >= 10",venn_abers,Politics,1w,per_domain,ece,0.07138507235872109,0.09372962860670729,-0.022344556247986203,333.0,414.0,2.0
price_10_90,"price in [0.10, 0.90], trades >= 10",binning10,Finance,1w,per_domain,ece,0.10093199561610786,0.07274779609570409,0.02818419952040377,267.0,400.0,2.0
price_10_90,"price in [0.10, 0.90], trades >= 10",platt,Finance,1w,per_domain,ece,0.11535998544269917,0.07357710181337784,0.041782883629321324,267.0,400.0,2.0
price_10_90,"price in [0.10, 0.90], trades >= 10",raw,Finance,1w,per_domain,ece,0.12318352059925092,0.07814999999999994,0.045033520599250976,267.0,400.0,2.0
price_10_90,"price in [0.10, 0.90], trades >= 10",venn_abers,Finance,1w,per_domain,ece,0.09517559098139239,0.0809003113290391,0.014275279652353284,267.0,400.0,2.0
price_10_90,"price in [0.10, 0.90], trades >= 10",binning10,Weather,1w,per_domain,ece,0.20720077024424857,0.1458041354780485,0.06139663476620008,46.0,69.0,2.0
price_10_90,"price in [0.10, 0.90], trades >= 10",platt,Weather,1w,per_domain,ece,0.23944940235700773,0.12204585687631932,0.11740354548068842,46.0,69.0,2.0
price_10_90,"price in [0.10, 0.90], trades >= 10",raw,Weather,1w,per_domain,ece,0.25195652173913047,0.13275362318840572,0.11920289855072475,46.0,69.0,2.0
price_10_90,"price in [0.10, 0.90], trades >= 10",venn_abers,Weather,1w,per_domain,ece,0.21781247941294604,0.11560177777810086,0.10221070163484518,46.0,69.0,2.0
price_10_90,"price in [0.10, 0.90], trades >= 10",binning10,Entertainment,1w,per_domain,ece,0.11050675336790355,0.0985982108534351,0.011908542514468448,443.0,561.0,2.0
price_10_90,"price in [0.10, 0.90], trades >= 10",platt,Entertainment,1w,per_domain,ece,0.09342244798206213,0.06802498509227702,0.025397462889785116,443.0,561.0,2.0
price_10_90,"price in [0.10, 0.90], trades >= 10",raw,Entertainment,1w,per_domain,ece,0.06523702031602709,0.047415329768270925,0.01782169054775616,443.0,561.0,2.0
price_10_90,"price in [0.10, 0.90], trades >= 10",venn_abers,Entertainment,1w,per_domain,ece,0.08817335674229995,0.07151207594708969,0.01666128079521026,443.0,561.0,2.0
price_10_90,"price in [0.10, 0.90], trades >= 10",binning10,ALL,1w,per_domain,ece,0.04870924449459305,0.03576816538422392,0.012941079110369132,2362.0,2945.0,2.0
price_10_90,"price in [0.10, 0.90], trades >= 10",platt,ALL,1w,per_domain,ece,0.022019202020628594,0.024447490622752758,-0.0024282886021241637,2362.0,2945.0,2.0
price_10_90,"price in [0.10, 0.90], trades >= 10",raw,ALL,1w,per_domain,ece,0.02576629974597796,0.025507640067911678,0.00025865967806628157,2362.0,2945.0,2.0
price_10_90,"price in [0.10, 0.90], trades >= 10",venn_abers,ALL,1w,per_domain,ece,0.036341826824940686,0.040036432646552385,-0.003694605821611699,2362.0,2945.0,2.0
price_10_90,"price in [0.10, 0.90], trades >= 10",binning10,Sports,1w,pooled,ece,0.06467213653616281,0.04886983176471512,0.015802304771447694,1273.0,1501.0,2.0
price_10_90,"price in [0.10, 0.90], trades >= 10",platt,Sports,1w,pooled,ece,0.04489822393693302,0.042094600380041265,0.002803623556891753,1273.0,1501.0,2.0
price_10_90,"price in [0.10, 0.90], trades >= 10",raw,Sports,1w,pooled,ece,0.05054988216810681,0.04882078614257154,0.0017290960255352678,1273.0,1501.0,2.0
price_10_90,"price in [0.10, 0.90], trades >= 10",venn_abers,Sports,1w,pooled,ece,0.05530355924943088,0.04471786438190376,0.01058569486752712,1273.0,1501.0,2.0
price_10_90,"price in [0.10, 0.90], trades >= 10",binning10,Crypto,1w,pooled,ece,0.31427899676906745,0.24585450451254398,0.06842449225652347,35.0,63.0,1.0
price_10_90,"price in [0.10, 0.90], trades >= 10",platt,Crypto,1w,pooled,ece,0.32266168228843967,0.26661273223558607,0.0560489500528536,35.0,63.0,1.0
price_10_90,"price in [0.10, 0.90], trades >= 10",raw,Crypto,1w,pooled,ece,0.30914285714285716,0.24904761904761905,0.06009523809523812,35.0,63.0,1.0
price_10_90,"price in [0.10, 0.90], trades >= 10",venn_abers,Crypto,1w,pooled,ece,0.32792968182273974,0.2568391130725292,0.07109056875021053,35.0,63.0,1.0
price_10_90,"price in [0.10, 0.90], trades >= 10",binning10,Politics,1w,pooled,ece,0.09617286262980138,0.0847228171981125,0.011450045431688871,333.0,414.0,2.0
price_10_90,"price in [0.10, 0.90], trades >= 10",platt,Politics,1w,pooled,ece,0.10642594396828008,0.09100328791879535,0.015422656049484729,333.0,414.0,2.0
price_10_90,"price in [0.10, 0.90], trades >= 10",raw,Politics,1w,pooled,ece,0.09522522522522522,0.0826570048309178,0.012568220394307425,333.0,414.0,2.0
price_10_90,"price in [0.10, 0.90], trades >= 10",venn_abers,Politics,1w,pooled,ece,0.09787309072219752,0.08950272917149589,0.00837036155070163,333.0,414.0,2.0
price_10_90,"price in [0.10, 0.90], trades >= 10",binning10,Finance,1w,pooled,ece,0.08121293098009211,0.06765528154029227,0.01355764943979984,267.0,400.0,2.0
price_10_90,"price in [0.10, 0.90], trades >= 10",platt,Finance,1w,pooled,ece,0.11239048961169748,0.06643013262292646,0.04596035698877102,267.0,400.0,2.0
price_10_90,"price in [0.10, 0.90], trades >= 10",raw,Finance,1w,pooled,ece,0.12318352059925092,0.07814999999999994,0.045033520599250976,267.0,400.0,2.0
price_10_90,"price in [0.10, 0.90], trades >= 10",venn_abers,Finance,1w,pooled,ece,0.09536097516273974,0.06164548959565794,0.0337154855670818,267.0,400.0,2.0
price_10_90,"price in [0.10, 0.90], trades >= 10",binning10,Weather,1w,pooled,ece,0.20109606973310842,0.1257367408144085,0.07535932891869992,46.0,69.0,2.0
price_10_90,"price in [0.10, 0.90], trades >= 10",platt,Weather,1w,pooled,ece,0.25766995595873005,0.14127994858227347,0.11639000737645658,46.0,69.0,2.0
price_10_90,"price in [0.10, 0.90], trades >= 10",raw,Weather,1w,pooled,ece,0.25195652173913047,0.13275362318840572,0.11920289855072475,46.0,69.0,2.0
price_10_90,"price in [0.10, 0.90], trades >= 10",venn_abers,Weather,1w,pooled,ece,0.22904424324459094,0.13415547016191862,0.09488877308267232,46.0,69.0,2.0
price_10_90,"price in [0.10, 0.90], trades >= 10",binning10,Entertainment,1w,pooled,ece,0.07080455224156756,0.04335233126421639,0.02745222097735117,443.0,561.0,2.0
price_10_90,"price in [0.10, 0.90], trades >= 10",platt,Entertainment,1w,pooled,ece,0.07243851098841372,0.0527942667507351,0.019644244237678625,443.0,561.0,2.0
price_10_90,"price in [0.10, 0.90], trades >= 10",raw,Entertainment,1w,pooled,ece,0.06523702031602709,0.047415329768270925,0.01782169054775616,443.0,561.0,2.0
price_10_90,"price in [0.10, 0.90], trades >= 10",venn_abers,Entertainment,1w,pooled,ece,0.06442745299855737,0.05681062704792147,0.007616825950635904,443.0,561.0,2.0
price_10_90,"price in [0.10, 0.90], trades >= 10",binning10,ALL,1w,pooled,ece,0.037016482974801805,0.028765588127132882,0.008250894847668923,2415.0,3008.0,2.0
price_10_90,"price in [0.10, 0.90], trades >= 10",platt,ALL,1w,pooled,ece,0.031996177787842806,0.026840188104093023,0.005155989683749782,2415.0,3008.0,2.0
price_10_90,"price in [0.10, 0.90], trades >= 10",raw,ALL,1w,pooled,ece,0.027590062111801213,0.026000664893616954,0.0015893972181842582,2415.0,3008.0,2.0
price_10_90,"price in [0.10, 0.90], trades >= 10",venn_abers,ALL,1w,pooled,ece,0.03775754145309482,0.03165679974713327,0.006100741705961546,2415.0,3008.0,2.0
price_10_90,"price in [0.10, 0.90], trades >= 10",binning10,Sports,1w,per_domain,log_loss,0.5781140825400289,0.5159929323641413,0.062121150175887596,1273.0,1501.0,2.0
price_10_90,"price in [0.10, 0.90], trades >= 10",platt,Sports,1w,per_domain,log_loss,0.5600996532419947,0.4932230560817174,0.06687659716027733,1273.0,1501.0,2.0
price_10_90,"price in [0.10, 0.90], trades >= 10",raw,Sports,1w,per_domain,log_loss,0.5603000036718605,0.4942292345446718,0.06607076912718868,1273.0,1501.0,2.0
price_10_90,"price in [0.10, 0.90], trades >= 10",venn_abers,Sports,1w,per_domain,log_loss,0.5697689874587568,0.49900567529833234,0.07076331216042447,1273.0,1501.0,2.0
price_10_90,"price in [0.10, 0.90], trades >= 10",binning10,Politics,1w,per_domain,log_loss,0.572739033204284,0.5085392441553426,0.06419978904894141,333.0,414.0,2.0
price_10_90,"price in [0.10, 0.90], trades >= 10",platt,Politics,1w,per_domain,log_loss,0.5722840463594919,0.5090157688385026,0.06326827752098929,333.0,414.0,2.0
price_10_90,"price in [0.10, 0.90], trades >= 10",raw,Politics,1w,per_domain,log_loss,0.5729607155077338,0.5003272814683138,0.07263343403941991,333.0,414.0,2.0
price_10_90,"price in [0.10, 0.90], trades >= 10",venn_abers,Politics,1w,per_domain,log_loss,0.5610596069988323,0.5061095134015936,0.05495009359723868,333.0,414.0,2.0
price_10_90,"price in [0.10, 0.90], trades >= 10",binning10,Finance,1w,per_domain,log_loss,0.4915013798861927,0.37711052523537986,0.11439085465081283,267.0,400.0,2.0
price_10_90,"price in [0.10, 0.90], trades >= 10",platt,Finance,1w,per_domain,log_loss,0.4867621040274528,0.37709914148625684,0.10966296254119595,267.0,400.0,2.0
price_10_90,"price in [0.10, 0.90], trades >= 10",raw,Finance,1w,per_domain,log_loss,0.49208463352172527,0.38218115005603026,0.109903483465695,267.0,400.0,2.0
price_10_90,"price in [0.10, 0.90], trades >= 10",venn_abers,Finance,1w,per_domain,log_loss,0.4856006641719782,0.3811781279636904,0.10442253620828784,267.0,400.0,2.0
price_10_90,"price in [0.10, 0.90], trades >= 10",binning10,Weather,1w,per_domain,log_loss,0.9235627904245176,0.6950691083832664,0.2284936820412512,46.0,69.0,2.0
price_10_90,"price in [0.10, 0.90], trades >= 10",platt,Weather,1w,per_domain,log_loss,0.6455040681126506,0.5067812119735211,0.1387228561391295,46.0,69.0,2.0
price_10_90,"price in [0.10, 0.90], trades >= 10",raw,Weather,1w,per_domain,log_loss,0.673655312584308,0.5131965512374482,0.16045876134685977,46.0,69.0,2.0
price_10_90,"price in [0.10, 0.90], trades >= 10",venn_abers,Weather,1w,per_domain,log_loss,0.6675911397624309,0.5158599556670267,0.1517311840954042,46.0,69.0,2.0
price_10_90,"price in [0.10, 0.90], trades >= 10",binning10,Entertainment,1w,per_domain,log_loss,0.6038068653073793,0.5197241620838845,0.08408270322349476,443.0,561.0,2.0
price_10_90,"price in [0.10, 0.90], trades >= 10",platt,Entertainment,1w,per_domain,log_loss,0.59012619400673,0.511847517089728,0.07827867691700208,443.0,561.0,2.0
price_10_90,"price in [0.10, 0.90], trades >= 10",raw,Entertainment,1w,per_domain,log_loss,0.570832710977508,0.4946017284655889,0.07623098251191907,443.0,561.0,2.0
price_10_90,"price in [0.10, 0.90], trades >= 10",venn_abers,Entertainment,1w,per_domain,log_loss,0.5876782884808605,0.5073084638432528,0.08036982463760767,443.0,561.0,2.0
price_10_90,"price in [0.10, 0.90], trades >= 10",binning10,ALL,1w,per_domain,log_loss,0.579111991215408,0.500988072006976,0.07812391920843198,2362.0,2945.0,2.0
price_10_90,"price in [0.10, 0.90], trades >= 10",platt,ALL,1w,per_domain,log_loss,0.5608221925775883,0.48353628277956234,0.07728590979802591,2362.0,2945.0,2.0
price_10_90,"price in [0.10, 0.90], trades >= 10",raw,ALL,1w,per_domain,log_loss,0.5585569243990552,0.4803830788816387,0.07817384551741652,2362.0,2945.0,2.0
price_10_90,"price in [0.10, 0.90], trades >= 10",venn_abers,ALL,1w,per_domain,log_loss,0.5642907797314225,0.48597707759375963,0.07831370213766287,2362.0,2945.0,2.0
price_10_90,"price in [0.10, 0.90], trades >= 10",binning10,Sports,1w,pooled,log_loss,0.5701011489224724,0.4981663871124087,0.07193476181006375,1273.0,1501.0,2.0
price_10_90,"price in [0.10, 0.90], trades >= 10",platt,Sports,1w,pooled,log_loss,0.5595635146079497,0.4918944943086919,0.06766902029925781,1273.0,1501.0,2.0
price_10_90,"price in [0.10, 0.90], trades >= 10",raw,Sports,1w,pooled,log_loss,0.5603000036718605,0.4942292345446718,0.06607076912718868,1273.0,1501.0,2.0
price_10_90,"price in [0.10, 0.90], trades >= 10",venn_abers,Sports,1w,pooled,log_loss,0.5681120295620531,0.49834935025612354,0.06976267930592955,1273.0,1501.0,2.0
price_10_90,"price in [0.10, 0.90], trades >= 10",binning10,Crypto,1w,pooled,log_loss,0.6078177463111343,0.5257977914190173,0.082019954892117,53.0,63.0,2.0
price_10_90,"price in [0.10, 0.90], trades >= 10",platt,Crypto,1w,pooled,log_loss,0.6046127416813621,0.5234647571531931,0.08114798452816907,53.0,63.0,2.0
price_10_90,"price in [0.10, 0.90], trades >= 10",raw,Crypto,1w,pooled,log_loss,0.5774668229195636,0.49664914592685566,0.08081767699270798,53.0,63.0,2.0
price_10_90,"price in [0.10, 0.90], trades >= 10",venn_abers,Crypto,1w,pooled,log_loss,0.6163711636301503,0.5199542786799785,0.09641688495017187,53.0,63.0,2.0
price_10_90,"price in [0.10, 0.90], trades >= 10",binning10,Politics,1w,pooled,log_loss,0.5665648725028892,0.5103715124274023,0.05619336007548692,333.0,414.0,2.0
price_10_90,"price in [0.10, 0.90], trades >= 10",platt,Politics,1w,pooled,log_loss,0.5780351731760046,0.5059325372535569,0.0721026359224477,333.0,414.0,2.0
price_10_90,"price in [0.10, 0.90], trades >= 10",raw,Politics,1w,pooled,log_loss,0.5729607155077338,0.5003272814683138,0.07263343403941991,333.0,414.0,2.0
price_10_90,"price in [0.10, 0.90], trades >= 10",venn_abers,Politics,1w,pooled,log_loss,0.5710287638854495,0.5056405665564576,0.06538819732899193,333.0,414.0,2.0
price_10_90,"price in [0.10, 0.90], trades >= 10",binning10,Finance,1w,pooled,log_loss,0.47962378516335646,0.3796669712488857,0.09995681391447075,267.0,400.0,2.0
price_10_90,"price in [0.10, 0.90], trades >= 10",platt,Finance,1w,pooled,log_loss,0.4826301481678689,0.37281874308730706,0.10981140508056186,267.0,400.0,2.0
price_10_90,"price in [0.10, 0.90], trades >= 10",raw,Finance,1w,pooled,log_loss,0.49208463352172527,0.38218115005603026,0.109903483465695,267.0,400.0,2.0
price_10_90,"price in [0.10, 0.90], trades >= 10",venn_abers,Finance,1w,pooled,log_loss,0.4904065083776644,0.3822014413306844,0.10820506704698002,267.0,400.0,2.0
price_10_90,"price in [0.10, 0.90], trades >= 10",binning10,Weather,1w,pooled,log_loss,0.7011820407501778,0.5234949639237829,0.17768707682639484,46.0,69.0,2.0
price_10_90,"price in [0.10, 0.90], trades >= 10",platt,Weather,1w,pooled,log_loss,0.6955516274328787,0.5293138205560235,0.1662378068768552,46.0,69.0,2.0
price_10_90,"price in [0.10, 0.90], trades >= 10",raw,Weather,1w,pooled,log_loss,0.673655312584308,0.5131965512374482,0.16045876134685977,46.0,69.0,2.0
price_10_90,"price in [0.10, 0.90], trades >= 10",venn_abers,Weather,1w,pooled,log_loss,0.7108612229257846,0.5314852503633745,0.1793759725624101,46.0,69.0,2.0
price_10_90,"price in [0.10, 0.90], trades >= 10",binning10,Entertainment,1w,pooled,log_loss,0.5792534725402156,0.49824352505820696,0.08100994748200868,443.0,561.0,2.0
price_10_90,"price in [0.10, 0.90], trades >= 10",platt,Entertainment,1w,pooled,log_loss,0.5736714178831905,0.4977542377202539,0.07591718016293664,443.0,561.0,2.0
price_10_90,"price in [0.10, 0.90], trades >= 10",raw,Entertainment,1w,pooled,log_loss,0.570832710977508,0.4946017284655889,0.07623098251191907,443.0,561.0,2.0
price_10_90,"price in [0.10, 0.90], trades >= 10",venn_abers,Entertainment,1w,pooled,log_loss,0.5773297569072499,0.5016604926370826,0.07566926427016729,443.0,561.0,2.0
price_10_90,"price in [0.10, 0.90], trades >= 10",binning10,ALL,1w,pooled,log_loss,0.5646138378984263,0.48526242441091,0.07935141348751634,2415.0,3008.0,2.0
price_10_90,"price in [0.10, 0.90], trades >= 10",platt,ALL,1w,pooled,log_loss,0.559771678930695,0.4806044761620084,0.0791672027686866,2415.0,3008.0,2.0
price_10_90,"price in [0.10, 0.90], trades >= 10",raw,ALL,1w,pooled,log_loss,0.5589719242423625,0.48072375781243937,0.07824816642992316,2415.0,3008.0,2.0
price_10_90,"price in [0.10, 0.90], trades >= 10",venn_abers,ALL,1w,pooled,log_loss,0.5653921739047951,0.4857377938904267,0.07965438001436842,2415.0,3008.0,2.0
price_10_90,"price in [0.10, 0.90], trades >= 10",conformal_mondrian,Sports,24h,per_domain,avg_set_size,1.590395846852693,1.4839845124956004,0.10641133435709271,7705.0,8523.0,7.0
price_10_90,"price in [0.10, 0.90], trades >= 10",conformal_mondrian,Crypto,24h,per_domain,avg_set_size,1.6103225806451613,1.4414364640883979,0.16888611655676344,1550.0,1810.0,7.0
price_10_90,"price in [0.10, 0.90], trades >= 10",conformal_mondrian,Politics,24h,per_domain,avg_set_size,1.6253902185223725,1.4707874682472482,0.15460275027512438,961.0,1181.0,11.0
price_10_90,"price in [0.10, 0.90], trades >= 10",conformal_mondrian,Finance,24h,per_domain,avg_set_size,1.3896206533192834,1.2654297614539947,0.12419089186528876,3796.0,5282.0,14.0
price_10_90,"price in [0.10, 0.90], trades >= 10",conformal_mondrian,Weather,24h,per_domain,avg_set_size,1.4776358813005122,1.3859138835506155,0.09172199774989664,16209.0,19253.0,14.0
price_10_90,"price in [0.10, 0.90], trades >= 10",conformal_mondrian,Entertainment,24h,per_domain,avg_set_size,1.4170702179176755,1.2638223770134958,0.15324784090417976,1652.0,2297.0,12.0
price_10_90,"price in [0.10, 0.90], trades >= 10",conformal_mondrian,ALL,24h,per_domain,avg_set_size,1.502180528974367,1.3890366661451,0.11314386282926714,31873.0,38346.0,14.0
price_10_90,"price in [0.10, 0.90], trades >= 10",conformal_marginal,Sports,24h,pooled,avg_set_size,1.5868916288124595,1.4993546873166725,0.08753694149578695,7705.0,8523.0,7.0
price_10_90,"price in [0.10, 0.90], trades >= 10",conformal_marginal,Crypto,24h,pooled,avg_set_size,1.4380645161290322,1.3574585635359115,0.08060595259312064,1550.0,1810.0,7.0
price_10_90,"price in [0.10, 0.90], trades >= 10",conformal_marginal,Politics,24h,pooled,avg_set_size,1.5088449531737773,1.3751058425063505,0.13373911066742683,961.0,1181.0,11.0
price_10_90,"price in [0.10, 0.90], trades >= 10",conformal_marginal,Finance,24h,pooled,avg_set_size,1.2644889357218125,1.174176448315032,0.09031248740678044,3796.0,5282.0,14.0
price_10_90,"price in [0.10, 0.90], trades >= 10",conformal_marginal,Weather,24h,pooled,avg_set_size,1.5155777654389537,1.41411728042383,0.10146048501512372,16209.0,19253.0,14.0
price_10_90,"price in [0.10, 0.90], trades >= 10",conformal_marginal,Entertainment,24h,pooled,avg_set_size,1.3577481840193704,1.2398781018720069,0.1178700821473635,1652.0,2297.0,12.0
price_10_90,"price in [0.10, 0.90], trades >= 10",conformal_marginal,ALL,24h,pooled,avg_set_size,1.4907602045618549,1.3856986387106869,0.10506156585116799,31873.0,38346.0,14.0
price_10_90,"price in [0.10, 0.90], trades >= 10",binning10,Sports,24h,per_domain,brier,0.21046808757153068,0.19703021121609482,0.013437876355435863,7346.0,8056.0,2.0
price_10_90,"price in [0.10, 0.90], trades >= 10",platt,Sports,24h,per_domain,brier,0.2090956243037475,0.19531884004403613,0.013776784259711378,7346.0,8056.0,2.0
price_10_90,"price in [0.10, 0.90], trades >= 10",raw,Sports,24h,per_domain,brier,0.20854857065069424,0.19450662859980133,0.014041942050892903,7346.0,8056.0,2.0
price_10_90,"price in [0.10, 0.90], trades >= 10",venn_abers,Sports,24h,per_domain,brier,0.2098298718996377,0.19566167624925304,0.014168195650384657,7346.0,8056.0,2.0
price_10_90,"price in [0.10, 0.90], trades >= 10",binning10,Crypto,24h,per_domain,brier,0.2192498576671943,0.21233016925139203,0.006919688415802261,1122.0,1255.0,3.0
price_10_90,"price in [0.10, 0.90], trades >= 10",platt,Crypto,24h,per_domain,brier,0.21737253507160695,0.2087109501928792,0.008661584878727757,1122.0,1255.0,3.0
price_10_90,"price in [0.10, 0.90], trades >= 10",raw,Crypto,24h,per_domain,brier,0.21549625668449196,0.2075482071713147,0.007948049513177263,1122.0,1255.0,3.0
price_10_90,"price in [0.10, 0.90], trades >= 10",venn_abers,Crypto,24h,per_domain,brier,0.21858721457296312,0.21008495064353075,0.008502263929432374,1122.0,1255.0,3.0
price_10_90,"price in [0.10, 0.90], trades >= 10",binning10,Politics,24h,per_domain,brier,0.20057924334441285,0.18020867162256524,0.020370571721847613,722.0,850.0,2.0
price_10_90,"price in [0.10, 0.90], trades >= 10",platt,Politics,24h,per_domain,brier,0.19800931782962608,0.17384593999229395,0.024163377837332134,722.0,850.0,2.0
price_10_90,"price in [0.10, 0.90], trades >= 10",raw,Politics,24h,per_domain,brier,0.196442243767313,0.17258705882352943,0.02385518494378358,722.0,850.0,2.0
price_10_90,"price in [0.10, 0.90], trades >= 10",venn_abers,Politics,24h,per_domain,brier,0.2012840271446428,0.1769070274529432,0.024376999691699597,722.0,850.0,2.0
price_10_90,"price in [0.10, 0.90], trades >= 10",binning10,Finance,24h,per_domain,brier,0.16869137695153646,0.14326308111442515,0.025428295837111314,3626.0,5042.0,13.0
price_10_90,"price in [0.10, 0.90], trades >= 10",platt,Finance,24h,per_domain,brier,0.16592586376869745,0.1402908654174998,0.025634998351197646,3626.0,5042.0,13.0
price_10_90,"price in [0.10, 0.90], trades >= 10",raw,Finance,24h,per_domain,brier,0.165269277440706,0.13977288774295915,0.02549638969774684,3626.0,5042.0,13.0
price_10_90,"price in [0.10, 0.90], trades >= 10",venn_abers,Finance,24h,per_domain,brier,0.16678035284471182,0.1409089945652956,0.025871358279416223,3626.0,5042.0,13.0
price_10_90,"price in [0.10, 0.90], trades >= 10",binning10,Weather,24h,per_domain,brier,0.1869889866032467,0.16605783433408103,0.02093115226916567,16209.0,19253.0,14.0
price_10_90,"price in [0.10, 0.90], trades >= 10",platt,Weather,24h,per_domain,brier,0.1855799375927749,0.16460507076801312,0.020974866824761795,16209.0,19253.0,14.0
price_10_90,"price in [0.10, 0.90], trades >= 10",raw,Weather,24h,per_domain,brier,0.18544007033129742,0.16451986183971326,0.020920208491584158,16209.0,19253.0,14.0
price_10_90,"price in [0.10, 0.90], trades >= 10",venn_abers,Weather,24h,per_domain,brier,0.18607443567181436,0.16508851625468468,0.020985919417129684,16209.0,19253.0,14.0
price_10_90,"price in [0.10, 0.90], trades >= 10",binning10,Entertainment,24h,per_domain,brier,0.18786270499397684,0.15123346929857076,0.036629235695406076,1500.0,2124.0,5.0
price_10_90,"price in [0.10, 0.90], trades >= 10",platt,Entertainment,24h,per_domain,brier,0.18194984672237635,0.14960908673661927,0.032340759985757084,1500.0,2124.0,5.0
price_10_90,"price in [0.10, 0.90], trades >= 10",raw,Entertainment,24h,per_domain,brier,0.18200453333333333,0.14920357815442556,0.03280095517890777,1500.0,2124.0,5.0
price_10_90,"price in [0.10, 0.90], trades >= 10",venn_abers,Entertainment,24h,per_domain,brier,0.1846455299412193,0.15088783221985366,0.03375769772136564,1500.0,2124.0,5.0
price_10_90,"price in [0.10, 0.90], trades >= 10",binning10,ALL,24h,per_domain,brier,0.19201600653454495,0.17079253534854275,0.021223471186002207,30525.0,36580.0,14.0
price_10_90,"price in [0.10, 0.90], trades >= 10",platt,ALL,24h,per_domain,brier,0.19018864303059171,0.1688750010399245,0.02131364199066721,30525.0,36580.0,14.0
price_10_90,"price in [0.10, 0.90], trades >= 10",raw,ALL,24h,per_domain,brier,0.1898013824733825,0.16848719518862765,0.021314187284754843,30525.0,36580.0,14.0
price_10_90,"price in [0.10, 0.90], trades >= 10",venn_abers,ALL,24h,per_domain,brier,0.19098399814759143,0.16948267249702706,0.021501325650564368,30525.0,36580.0,14.0
price_10_90,"price in [0.10, 0.90], trades >= 10",binning10,Sports,24h,pooled,brier,0.20820257355541724,0.1934175716892497,0.014785001866167546,7705.0,8523.0,7.0
price_10_90,"price in [0.10, 0.90], trades >= 10",platt,Sports,24h,pooled,brier,0.20654979863044284,0.19098663263745874,0.015563165992984102,7705.0,8523.0,7.0
price_10_90,"price in [0.10, 0.90], trades >= 10",raw,Sports,24h,pooled,brier,0.2066961323815704,0.19111743517540766,0.015578697206162728,7705.0,8523.0,7.0
price_10_90,"price in [0.10, 0.90], trades >= 10",venn_abers,Sports,24h,pooled,brier,0.2070688690467393,0.19144746322453465,0.015621405822204643,7705.0,8523.0,7.0
price_10_90,"price in [0.10, 0.90], trades >= 10",binning10,Crypto,24h,pooled,brier,0.20792276198762472,0.1935705019518548,0.01435226003576992,1550.0,1810.0,7.0
price_10_90,"price in [0.10, 0.90], trades >= 10",platt,Crypto,24h,pooled,brier,0.20501338967718627,0.18904357134868974,0.015969818328496532,1550.0,1810.0,7.0
price_10_90,"price in [0.10, 0.90], trades >= 10",raw,Crypto,24h,pooled,brier,0.20385341935483872,0.18808939226519333,0.015764027089645388,1550.0,1810.0,7.0
price_10_90,"price in [0.10, 0.90], trades >= 10",venn_abers,Crypto,24h,pooled,brier,0.20513808901883315,0.18920092253596119,0.015937166482871967,1550.0,1810.0,7.0
price_10_90,"price in [0.10, 0.90], trades >= 10",binning10,Politics,24h,pooled,brier,0.19602829813053269,0.17205270520534185,0.02397559292519083,961.0,1181.0,11.0
price_10_90,"price in [0.10, 0.90], trades >= 10",platt,Politics,24h,pooled,brier,0.19383909735320412,0.16797692763856872,0.025862169714635397,961.0,1181.0,11.0
price_10_90,"price in [0.10, 0.90], trades >= 10",raw,Politics,24h,pooled,brier,0.19373631633714877,0.16795546147332766,0.025780854863821118,961.0,1181.0,11.0
price_10_90,"price in [0.10, 0.90], trades >= 10",venn_abers,Politics,24h,pooled,brier,0.19454764799676413,0.16863980683731736,0.025907841159446776,961.0,1181.0,11.0
price_10_90,"price in [0.10, 0.90], trades >= 10",binning10,Finance,24h,pooled,brier,0.16698182181561635,0.143101887557777,0.023879934257839353,3796.0,5282.0,14.0
price_10_90,"price in [0.10, 0.90], trades >= 10",platt,Finance,24h,pooled,brier,0.1657332259064104,0.140065390583733,0.025667835322677413,3796.0,5282.0,14.0
price_10_90,"price in [0.10, 0.90], trades >= 10",raw,Finance,24h,pooled,brier,0.16501604320337196,0.13959288148428625,0.025423161719085707,3796.0,5282.0,14.0
price_10_90,"price in [0.10, 0.90], trades >= 10",venn_abers,Finance,24h,pooled,brier,0.1660914499820106,0.14054876059114807,0.025542689390862544,3796.0,5282.0,14.0
price_10_90,"price in [0.10, 0.90], trades >= 10",binning10,Weather,24h,pooled,brier,0.18675155511542313,0.16648284390006104,0.020268711215362084,16209.0,19253.0,14.0
price_10_90,"price in [0.10, 0.90], trades >= 10",platt,Weather,24h,pooled,brier,0.18557847924683651,0.1646018229267883,0.02097665632004822,16209.0,19253.0,14.0
price_10_90,"price in [0.10, 0.90], trades >= 10",raw,Weather,24h,pooled,brier,0.18544007033129742,0.16451986183971326,0.020920208491584158,16209.0,19253.0,14.0
price_10_90,"price in [0.10, 0.90], trades >= 10",venn_abers,Weather,24h,pooled,brier,0.18602227791866854,0.16502233813772027,0.020999939780948274,16209.0,19253.0,14.0
price_10_90,"price in [0.10, 0.90], trades >= 10",binning10,Entertainment,24h,pooled,brier,0.1814899184710936,0.150379589865875,0.031110328605218618,1652.0,2297.0,12.0
price_10_90,"price in [0.10, 0.90], trades >= 10",platt,Entertainment,24h,pooled,brier,0.17890472653318523,0.1457891096352988,0.03311561689788642,1652.0,2297.0,12.0
price_10_90,"price in [0.10, 0.90], trades >= 10",raw,Entertainment,24h,pooled,brier,0.17903571428571427,0.1458505877231171,0.03318512656259717,1652.0,2297.0,12.0
price_10_90,"price in [0.10, 0.90], trades >= 10",venn_abers,Entertainment,24h,pooled,brier,0.17930949257060413,0.14622627629532722,0.03308321627527691,1652.0,2297.0,12.0
price_10_90,"price in [0.10, 0.90], trades >= 10",binning10,ALL,24h,pooled,brier,0.19061916363759202,0.16973439468256946,0.02088476895502256,31873.0,38346.0,14.0
price_10_90,"price in [0.10, 0.90], trades >= 10",platt,ALL,24h,pooled,brier,0.18913286571358706,0.1672171950231146,0.021915670690472455,31873.0,38346.0,14.0
price_10_90,"price in [0.10, 0.90], trades >= 10",raw,ALL,24h,pooled,brier,0.1889597182568318,0.16709801283054293,0.021861705426288874,31873.0,38346.0,14.0
price_10_90,"price in [0.10, 0.90], trades >= 10",venn_abers,ALL,24h,pooled,brier,0.18957511035519897,0.16765136903421501,0.021923741320983958,31873.0,38346.0,14.0
price_10_90,"price in [0.10, 0.90], trades >= 10",conformal_mondrian,Sports,24h,per_domain,coverage,0.9126541207008436,0.9017951425554382,0.010858978145405374,7705.0,8523.0,7.0
price_10_90,"price in [0.10, 0.90], trades >= 10",conformal_mondrian,Crypto,24h,per_domain,coverage,0.9096774193548387,0.8895027624309392,0.020174656923899525,1550.0,1810.0,7.0
price_10_90,"price in [0.10, 0.90], trades >= 10",conformal_mondrian,Politics,24h,per_domain,coverage,0.9417273673257024,0.9297205757832345,0.012006791542467865,961.0,1181.0,11.0
price_10_90,"price in [0.10, 0.90], trades >= 10",conformal_mondrian,Finance,24h,per_domain,coverage,0.9035827186512118,0.9043922756531617,-0.0008095570019499565,3796.0,5282.0,14.0
price_10_90,"price in [0.10, 0.90], trades >= 10",conformal_mondrian,Weather,24h,per_domain,coverage,0.9098648898759948,0.9104035734690697,-0.0005386835930749623,16209.0,19253.0,14.0
price_10_90,"price in [0.10, 0.90], trades >= 10",conformal_mondrian,Entertainment,24h,per_domain,coverage,0.8934624697336562,0.8959512407488028,-0.0024887710151466624,1652.0,2297.0,12.0
price_10_90,"price in [0.10, 0.90], trades >= 10",conformal_mondrian,ALL,24h,per_domain,coverage,0.9098923854045744,0.9064048401397798,0.003487545264794556,31873.0,38346.0,14.0
price_10_90,"price in [0.10, 0.90], trades >= 10",conformal_marginal,Sports,24h,pooled,coverage,0.9127839065541856,0.9068403144432711,0.005943592110914553,7705.0,8523.0,7.0
price_10_90,"price in [0.10, 0.90], trades >= 10",conformal_marginal,Crypto,24h,pooled,coverage,0.8729032258064516,0.869060773480663,0.0038424523257886145,1550.0,1810.0,7.0
price_10_90,"price in [0.10, 0.90], trades >= 10",conformal_marginal,Politics,24h,pooled,coverage,0.9125910509885536,0.9026248941574937,0.009966156831059947,961.0,1181.0,11.0
price_10_90,"price in [0.10, 0.90], trades >= 10",conformal_marginal,Finance,24h,pooled,coverage,0.8714436248682824,0.8807269973494888,-0.009283372481206364,3796.0,5282.0,14.0
price_10_90,"price in [0.10, 0.90], trades >= 10",conformal_marginal,Weather,24h,pooled,coverage,0.9201061138873465,0.9186620266971381,0.0014440871902083874,16209.0,19253.0,14.0
price_10_90,"price in [0.10, 0.90], trades >= 10",conformal_marginal,Entertainment,24h,pooled,coverage,0.8825665859564165,0.8929037875489769,-0.010337201592560463,1652.0,2297.0,12.0
price_10_90,"price in [0.10, 0.90], trades >= 10",conformal_marginal,ALL,24h,pooled,coverage,0.9080726633828005,0.9064309184791113,0.0016417449036891796,31873.0,38346.0,14.0
price_10_90,"price in [0.10, 0.90], trades >= 10",binning10,Sports,24h,per_domain,ece,0.030464456569098273,0.032369369695811084,-0.0019049131267128115,7346.0,8056.0,2.0
price_10_90,"price in [0.10, 0.90], trades >= 10",platt,Sports,24h,per_domain,ece,0.02429919510068719,0.02664818331466433,-0.0023489882139771413,7346.0,8056.0,2.0
price_10_90,"price in [0.10, 0.90], trades >= 10",raw,Sports,24h,per_domain,ece,0.020549959161448396,0.020059582919562974,0.0004903762418854221,7346.0,8056.0,2.0
price_10_90,"price in [0.10, 0.90], trades >= 10",venn_abers,Sports,24h,per_domain,ece,0.03157850977132843,0.031845769248676124,-0.00026725947734769495,7346.0,8056.0,2.0
price_10_90,"price in [0.10, 0.90], trades >= 10",binning10,Crypto,24h,per_domain,ece,0.10247040653410218,0.09166339541153079,0.010807011122571389,1122.0,1255.0,3.0
price_10_90,"price in [0.10, 0.90], trades >= 10",platt,Crypto,24h,per_domain,ece,0.09425034507306898,0.08477639870823005,0.009473946364838934,1122.0,1255.0,3.0
price_10_90,"price in [0.10, 0.90], trades >= 10",raw,Crypto,24h,per_domain,ece,0.07680926916221034,0.07308366533864538,0.0037256038235649602,1122.0,1255.0,3.0
price_10_90,"price in [0.10, 0.90], trades >= 10",venn_abers,Crypto,24h,per_domain,ece,0.08723291927284095,0.08629394667676055,0.0009389725960804035,1122.0,1255.0,3.0
price_10_90,"price in [0.10, 0.90], trades >= 10",binning10,Politics,24h,per_domain,ece,0.06744662734058499,0.06732872355497445,0.00011790378561053749,722.0,850.0,2.0
price_10_90,"price in [0.10, 0.90], trades >= 10",platt,Politics,24h,per_domain,ece,0.07763312549645306,0.06298892360629378,0.014644201890159275,722.0,850.0,2.0
price_10_90,"price in [0.10, 0.90], trades >= 10",raw,Politics,24h,per_domain,ece,0.07037396121883659,0.05418823529411764,0.016185725924718945,722.0,850.0,2.0
price_10_90,"price in [0.10, 0.90], trades >= 10",venn_abers,Politics,24h,per_domain,ece,0.07381293871760687,0.07005019431903009,0.003762744398576781,722.0,850.0,2.0
price_10_90,"price in [0.10, 0.90], trades >= 10",binning10,Finance,24h,per_domain,ece,0.0631350440457119,0.049525661217858175,0.01360938282785372,3626.0,5042.0,13.0
price_10_90,"price in [0.10, 0.90], trades >= 10",platt,Finance,24h,per_domain,ece,0.06629113250469229,0.048946442756568134,0.017344689748124156,3626.0,5042.0,13.0
price_10_90,"price in [0.10, 0.90], trades >= 10",raw,Finance,24h,per_domain,ece,0.06400441257584115,0.04713407378024589,0.016870338795595262,3626.0,5042.0,13.0
price_10_90,"price in [0.10, 0.90], trades >= 10",venn_abers,Finance,24h,per_domain,ece,0.05549635662757351,0.04265650888261662,0.01283984774495689,3626.0,5042.0,13.0
price_10_90,"price in [0.10, 0.90], trades >= 10",binning10,Weather,24h,per_domain,ece,0.033154945599070604,0.028259122505836218,0.004895823093234386,16209.0,19253.0,14.0
price_10_90,"price in [0.10, 0.90], trades >= 10",platt,Weather,24h,per_domain,ece,0.03374826690998739,0.030105782885413785,0.003642484024573605,16209.0,19253.0,14.0
price_10_90,"price in [0.10, 0.90], trades >= 10",raw,Weather,24h,per_domain,ece,0.03384477759269541,0.031140601464706767,0.0027041761279886466,16209.0,19253.0,14.0
price_10_90,"price in [0.10, 0.90], trades >= 10",venn_abers,Weather,24h,per_domain,ece,0.03221840308182659,0.02747286029237298,0.004745542789453605,16209.0,19253.0,14.0
price_10_90,"price in [0.10, 0.90], trades >= 10",binning10,Entertainment,24h,per_domain,ece,0.08293232478088298,0.062050468110091336,0.02088185667079165,1500.0,2124.0,5.0
price_10_90,"price in [0.10, 0.90], trades >= 10",platt,Entertainment,24h,per_domain,ece,0.06240856050765179,0.05092700302923609,0.0114815574784157,1500.0,2124.0,5.0
price_10_90,"price in [0.10, 0.90], trades >= 10",raw,Entertainment,24h,per_domain,ece,0.06653333333333335,0.05322975517890769,0.013303578154425656,1500.0,2124.0,5.0
price_10_90,"price in [0.10, 0.90], trades >= 10",venn_abers,Entertainment,24h,per_domain,ece,0.0571577408091962,0.04761127033252135,0.009546470476674854,1500.0,2124.0,5.0
price_10_90,"price in [0.10, 0.90], trades >= 10",binning10,ALL,24h,per_domain,ece,0.030748880803461554,0.02718690414792961,0.0035619766555319426,30525.0,36580.0,14.0
price_10_90,"price in [0.10, 0.90], trades >= 10",platt,ALL,24h,per_domain,ece,0.027943666799075374,0.023644043949163737,0.004299622849911637,30525.0,36580.0,14.0
price_10_90,"price in [0.10, 0.90], trades >= 10",raw,ALL,24h,per_domain,ece,0.023970515970515967,0.020861126298523717,0.0031093896719922506,30525.0,36580.0,14.0
price_10_90,"price in [0.10, 0.90], trades >= 10",venn_abers,ALL,24h,per_domain,ece,0.02941522177585014,0.02562559128148185,0.003789630494368288,30525.0,36580.0,14.0
price_10_90,"price in [0.10, 0.90], trades >= 10",binning10,Sports,24h,pooled,ece,0.02399007929926897,0.025189667085482446,-0.0011995877862134748,7692.0,8507.0,4.0
price_10_90,"price in [0.10, 0.90], trades >= 10",platt,Sports,24h,pooled,ece,0.020815564830867276,0.019720045130552078,0.0010955197003151979,7692.0,8507.0,4.0
price_10_90,"price in [0.10, 0.90], trades >= 10",raw,Sports,24h,pooled,ece,0.02279381175247009,0.0225061713882684,0.00028764036420169184,7692.0,8507.0,4.0
price_10_90,"price in [0.10, 0.90], trades >= 10",venn_abers,Sports,24h,pooled,ece,0.021792535856903935,0.018729799207191908,0.003062736649712027,7692.0,8507.0,4.0
price_10_90,"price in [0.10, 0.90], trades >= 10",binning10,Crypto,24h,pooled,ece,0.08293119838311082,0.07921721179236617,0.00371398659074465,1549.0,1809.0,6.0
price_10_90,"price in [0.10, 0.90], trades >= 10",platt,Crypto,24h,pooled,ece,0.08356593846366867,0.07510578458836492,0.008460153875303744,1549.0,1809.0,6.0
price_10_90,"price in [0.10, 0.90], trades >= 10",raw,Crypto,24h,pooled,ece,0.08044544867656553,0.0713266998341625,0.009118748842403032,1549.0,1809.0,6.0
price_10_90,"price in [0.10, 0.90], trades >= 10",venn_abers,Crypto,24h,pooled,ece,0.08551961820616442,0.07526038054429476,0.01025923766186966,1549.0,1809.0,6.0
price_10_90,"price in [0.10, 0.90], trades >= 10",binning10,Politics,24h,pooled,ece,0.07058748755170881,0.059668302688659636,0.010919184863049172,907.0,1128.0,3.0
price_10_90,"price in [0.10, 0.90], trades >= 10",platt,Politics,24h,pooled,ece,0.07106686033132219,0.05958154267086787,0.011485317660454318,907.0,1128.0,3.0
price_10_90,"price in [0.10, 0.90], trades >= 10",raw,Politics,24h,pooled,ece,0.07167585446527014,0.05866134751773047,0.013014506947539667,907.0,1128.0,3.0
price_10_90,"price in [0.10, 0.90], trades >= 10",venn_abers,Politics,24h,pooled,ece,0.07259553718948675,0.06747693008864772,0.005118607100839029,907.0,1128.0,3.0
price_10_90,"price in [0.10, 0.90], trades >= 10",binning10,Finance,24h,pooled,ece,0.05629325968308767,0.04576491229599999,0.010528347387087675,3796.0,5282.0,14.0
price_10_90,"price in [0.10, 0.90], trades >= 10",platt,Finance,24h,pooled,ece,0.0674266399311737,0.049039678061254,0.018386961869919706,3796.0,5282.0,14.0
price_10_90,"price in [0.10, 0.90], trades >= 10",raw,Finance,24h,pooled,ece,0.06413329820864068,0.047016281711472874,0.017117016497167806,3796.0,5282.0,14.0
price_10_90,"price in [0.10, 0.90], trades >= 10",venn_abers,Finance,24h,pooled,ece,0.05764384205436238,0.04692599111585258,0.010717850938509806,3796.0,5282.0,14.0
price_10_90,"price in [0.10, 0.90], trades >= 10",binning10,Weather,24h,pooled,ece,0.03326497243729048,0.028399483469221186,0.0048654889680692925,16209.0,19253.0,14.0
price_10_90,"price in [0.10, 0.90], trades >= 10",platt,Weather,24h,pooled,ece,0.03465994725267584,0.030905407369483412,0.00375453988319243,16209.0,19253.0,14.0
price_10_90,"price in [0.10, 0.90], trades >= 10",raw,Weather,24h,pooled,ece,0.03384477759269541,0.031140601464706767,0.0027041761279886466,16209.0,19253.0,14.0
price_10_90,"price in [0.10, 0.90], trades >= 10",venn_abers,Weather,24h,pooled,ece,0.03238804859731382,0.027413265506912674,0.004974783090401145,16209.0,19253.0,14.0
price_10_90,"price in [0.10, 0.90], trades >= 10",binning10,Entertainment,24h,pooled,ece,0.06484898158850501,0.04828980393860398,0.01655917764990103,1601.0,2278.0,7.0
price_10_90,"price in [0.10, 0.90], trades >= 10",platt,Entertainment,24h,pooled,ece,0.06884057390950599,0.05673437389797113,0.012106200011534854,1601.0,2278.0,7.0
price_10_90,"price in [0.10, 0.90], trades >= 10",raw,Entertainment,24h,pooled,ece,0.07162398500936916,0.05771729587357328,0.013906689135795881,1601.0,2278.0,7.0
price_10_90,"price in [0.10, 0.90], trades >= 10",venn_abers,Entertainment,24h,pooled,ece,0.06571848958710158,0.05587365940519543,0.009844830181906149,1601.0,2278.0,7.0
price_10_90,"price in [0.10, 0.90], trades >= 10",binning10,ALL,24h,pooled,ece,0.023925224612084833,0.02400371003095071,-7.848541886587568e-05,31873.0,38346.0,14.0
price_10_90,"price in [0.10, 0.90], trades >= 10",platt,ALL,24h,pooled,ece,0.02438162758993156,0.021169881694451012,0.0032117458954805493,31873.0,38346.0,14.0
price_10_90,"price in [0.10, 0.90], trades >= 10",raw,ALL,24h,pooled,ece,0.023474100335707338,0.02118865070672294,0.0022854496289843977,31873.0,38346.0,14.0
price_10_90,"price in [0.10, 0.90], trades >= 10",venn_abers,ALL,24h,pooled,ece,0.02614605432461388,0.022847668389768924,0.003298385934844956,31873.0,38346.0,14.0
price_10_90,"price in [0.10, 0.90], trades >= 10",binning10,Sports,24h,per_domain,log_loss,0.611203022241511,0.5823686799300497,0.028834342311461314,7346.0,8056.0,2.0
price_10_90,"price in [0.10, 0.90], trades >= 10",platt,Sports,24h,per_domain,log_loss,0.6068137413007474,0.5728338400979759,0.0339799012027715,7346.0,8056.0,2.0
price_10_90,"price in [0.10, 0.90], trades >= 10",raw,Sports,24h,per_domain,log_loss,0.604612570700129,0.5692322667403864,0.035380303959742565,7346.0,8056.0,2.0
price_10_90,"price in [0.10, 0.90], trades >= 10",venn_abers,Sports,24h,per_domain,log_loss,0.6079328024563307,0.5721407300962914,0.03579207236003934,7346.0,8056.0,2.0
price_10_90,"price in [0.10, 0.90], trades >= 10",binning10,Crypto,24h,per_domain,log_loss,0.6346096241171754,0.623023297642623,0.011586326474552378,1122.0,1255.0,3.0
price_10_90,"price in [0.10, 0.90], trades >= 10",platt,Crypto,24h,per_domain,log_loss,0.6297737108397164,0.6116720273092692,0.018101683530447277,1122.0,1255.0,3.0
price_10_90,"price in [0.10, 0.90], trades >= 10",raw,Crypto,24h,per_domain,log_loss,0.6258056618571758,0.6105075646404443,0.015298097216731477,1122.0,1255.0,3.0
price_10_90,"price in [0.10, 0.90], trades >= 10",venn_abers,Crypto,24h,per_domain,log_loss,0.6324170110690787,0.6152127313001804,0.017204279768898267,1122.0,1255.0,3.0
price_10_90,"price in [0.10, 0.90], trades >= 10",binning10,Politics,24h,per_domain,log_loss,0.5868351554748575,0.5345568981773706,0.05227825729748692,722.0,850.0,2.0
price_10_90,"price in [0.10, 0.90], trades >= 10",platt,Politics,24h,per_domain,log_loss,0.5797416669787596,0.519188727954222,0.06055293902453762,722.0,850.0,2.0
price_10_90,"price in [0.10, 0.90], trades >= 10",raw,Politics,24h,per_domain,log_loss,0.5761944137913283,0.5149192015814857,0.061275212209842556,722.0,850.0,2.0
price_10_90,"price in [0.10, 0.90], trades >= 10",venn_abers,Politics,24h,per_domain,log_loss,0.5884951962750072,0.5266544484725448,0.061840747802462404,722.0,850.0,2.0
price_10_90,"price in [0.10, 0.90], trades >= 10",binning10,Finance,24h,per_domain,log_loss,0.5184807557590206,0.45542283389917615,0.06305792185984449,3626.0,5042.0,13.0
price_10_90,"price in [0.10, 0.90], trades >= 10",platt,Finance,24h,per_domain,log_loss,0.5100754347674518,0.44570886023587797,0.0643665745315738,3626.0,5042.0,13.0
price_10_90,"price in [0.10, 0.90], trades >= 10",raw,Finance,24h,per_domain,log_loss,0.508524566819377,0.44466827258263486,0.0638562942367421,3626.0,5042.0,13.0
price_10_90,"price in [0.10, 0.90], trades >= 10",venn_abers,Finance,24h,per_domain,log_loss,0.512583128644609,0.4478610328392859,0.06472209580532307,3626.0,5042.0,13.0
price_10_90,"price in [0.10, 0.90], trades >= 10",binning10,Weather,24h,per_domain,log_loss,0.555323026629434,0.5025966412453713,0.05272638538406271,16209.0,19253.0,14.0
price_10_90,"price in [0.10, 0.90], trades >= 10",platt,Weather,24h,per_domain,log_loss,0.551961023310904,0.49886936850839697,0.05309165480250705,16209.0,19253.0,14.0
price_10_90,"price in [0.10, 0.90], trades >= 10",raw,Weather,24h,per_domain,log_loss,0.5518699455060798,0.4988964132036371,0.05297353230244273,16209.0,19253.0,14.0
price_10_90,"price in [0.10, 0.90], trades >= 10",venn_abers,Weather,24h,per_domain,log_loss,0.5533398539709663,0.5004019802257633,0.05293787374520298,16209.0,19253.0,14.0
price_10_90,"price in [0.10, 0.90], trades >= 10",binning10,Entertainment,24h,per_domain,log_loss,0.582374213223686,0.505051318376101,0.07732289484758503,1500.0,2124.0,5.0
price_10_90,"price in [0.10, 0.90], trades >= 10",platt,Entertainment,24h,per_domain,log_loss,0.5470160950537726,0.46730563025611477,0.07971046479765781,1500.0,2124.0,5.0
price_10_90,"price in [0.10, 0.90], trades >= 10",raw,Entertainment,24h,per_domain,log_loss,0.5460494850706481,0.4641246038855075,0.08192488118514057,1500.0,2124.0,5.0
price_10_90,"price in [0.10, 0.90], trades >= 10",venn_abers,Entertainment,24h,per_domain,log_loss,0.5537659835652899,0.46874372245273266,0.08502226111255728,1500.0,2124.0,5.0
price_10_90,"price in [0.10, 0.90], trades >= 10",binning10,ALL,24h,per_domain,log_loss,0.5693833861016442,0.5186794354881453,0.05070395061349886,30525.0,36580.0,14.0
price_10_90,"price in [0.10, 0.90], trades >= 10",platt,ALL,24h,per_domain,log_loss,0.563460351404095,0.5103406619116723,0.05311968949242274,30525.0,36580.0,14.0
price_10_90,"price in [0.10, 0.90], trades >= 10",raw,ALL,24h,per_domain,log_loss,0.5624207868083642,0.5090944283283942,0.053326358479969915,30525.0,36580.0,14.0
price_10_90,"price in [0.10, 0.90], trades >= 10",venn_abers,ALL,24h,per_domain,log_loss,0.5653956061524308,0.5116697730998091,0.053725833052621685,30525.0,36580.0,14.0
price_10_90,"price in [0.10, 0.90], trades >= 10",binning10,Sports,24h,pooled,log_loss,0.6039393006789885,0.5672316626548161,0.03670763802417243,7705.0,8523.0,7.0
price_10_90,"price in [0.10, 0.90], trades >= 10",platt,Sports,24h,pooled,log_loss,0.6000007817698444,0.5604670338806441,0.03953374788920028,7705.0,8523.0,7.0
price_10_90,"price in [0.10, 0.90], trades >= 10",raw,Sports,24h,pooled,log_loss,0.6003526217586859,0.5608356259185792,0.039516995840106706,7705.0,8523.0,7.0
price_10_90,"price in [0.10, 0.90], trades >= 10",venn_abers,Sports,24h,pooled,log_loss,0.6013406147630384,0.561639483852269,0.03970113091076932,7705.0,8523.0,7.0
price_10_90,"price in [0.10, 0.90], trades >= 10",binning10,Crypto,24h,pooled,log_loss,0.6100082312283829,0.5792410082659237,0.03076722296245915,1550.0,1810.0,7.0
price_10_90,"price in [0.10, 0.90], trades >= 10",platt,Crypto,24h,pooled,log_loss,0.6027053927983006,0.5653301342009363,0.03737525859736435,1550.0,1810.0,7.0
price_10_90,"price in [0.10, 0.90], trades >= 10",raw,Crypto,24h,pooled,log_loss,0.5990679217370599,0.5620312610954213,0.037036660641638575,1550.0,1810.0,7.0
price_10_90,"price in [0.10, 0.90], trades >= 10",venn_abers,Crypto,24h,pooled,log_loss,0.6033082952888206,0.5657764551006434,0.037531840188177124,1550.0,1810.0,7.0
price_10_90,"price in [0.10, 0.90], trades >= 10",binning10,Politics,24h,pooled,log_loss,0.5753765072093516,0.5186605036613231,0.056716003548028526,961.0,1181.0,11.0
price_10_90,"price in [0.10, 0.90], trades >= 10",platt,Politics,24h,pooled,log_loss,0.5698454894867033,0.5049171064928719,0.06492838299383141,961.0,1181.0,11.0
price_10_90,"price in [0.10, 0.90], trades >= 10",raw,Politics,24h,pooled,log_loss,0.5697910766201674,0.5050177615719633,0.06477331504820405,961.0,1181.0,11.0
price_10_90,"price in [0.10, 0.90], trades >= 10",venn_abers,Politics,24h,pooled,log_loss,0.5723346636017722,0.50726944788342,0.06506521571835222,961.0,1181.0,11.0
price_10_90,"price in [0.10, 0.90], trades >= 10",binning10,Finance,24h,pooled,log_loss,0.5133488967390865,0.45710402952004786,0.0562448672190386,3796.0,5282.0,14.0
price_10_90,"price in [0.10, 0.90], trades >= 10",platt,Finance,24h,pooled,log_loss,0.5097487856917258,0.44562541484892354,0.06412337084280223,3796.0,5282.0,14.0
price_10_90,"price in [0.10, 0.90], trades >= 10",raw,Finance,24h,pooled,log_loss,0.5079887019050159,0.4442828025889703,0.06370589931604559,3796.0,5282.0,14.0
price_10_90,"price in [0.10, 0.90], trades >= 10",venn_abers,Finance,24h,pooled,log_loss,0.5111811254098864,0.44790081213433064,0.06328031327555572,3796.0,5282.0,14.0
price_10_90,"price in [0.10, 0.90], trades >= 10",binning10,Weather,24h,pooled,log_loss,0.5550656892544841,0.503432886139897,0.05163280311458707,16209.0,19253.0,14.0
price_10_90,"price in [0.10, 0.90], trades >= 10",platt,Weather,24h,pooled,log_loss,0.5520569242501066,0.4989401565119879,0.05311676773811863,16209.0,19253.0,14.0
price_10_90,"price in [0.10, 0.90], trades >= 10",raw,Weather,24h,pooled,log_loss,0.5518699455060798,0.4988964132036371,0.05297353230244273,16209.0,19253.0,14.0
price_10_90,"price in [0.10, 0.90], trades >= 10",venn_abers,Weather,24h,pooled,log_loss,0.5532813172415252,0.5001833342875673,0.053097982953957845,16209.0,19253.0,14.0
price_10_90,"price in [0.10, 0.90], trades >= 10",binning10,Entertainment,24h,pooled,log_loss,0.5448192136866385,0.4682783970589175,0.07654081662772105,1652.0,2297.0,12.0
price_10_90,"price in [0.10, 0.90], trades >= 10",platt,Entertainment,24h,pooled,log_loss,0.5385087864703824,0.4549419004386741,0.08356688603170825,1652.0,2297.0,12.0
price_10_90,"price in [0.10, 0.90], trades >= 10",raw,Entertainment,24h,pooled,log_loss,0.5386567956701304,0.45494882372724704,0.08370797194288332,1652.0,2297.0,12.0
price_10_90,"price in [0.10, 0.90], trades >= 10",venn_abers,Entertainment,24h,pooled,log_loss,0.5398744116371145,0.4570936050104469,0.08278080662666759,1652.0,2297.0,12.0
price_10_90,"price in [0.10, 0.90], trades >= 10",binning10,ALL,24h,pooled,log_loss,0.5646652465636,0.5131730052525167,0.05149224131108321,31873.0,38346.0,14.0
price_10_90,"price in [0.10, 0.90], trades >= 10",platt,ALL,24h,pooled,log_loss,0.5609052956632754,0.505953815138514,0.0549514805247614,31873.0,38346.0,14.0
price_10_90,"price in [0.10, 0.90], trades >= 10",raw,ALL,24h,pooled,log_loss,0.5605147786390249,0.5056766404185392,0.054838138220485666,31873.0,38346.0,14.0
price_10_90,"price in [0.10, 0.90], trades >= 10",venn_abers,ALL,24h,pooled,log_loss,0.5621975922384624,0.5073744264850685,0.054823165753393965,31873.0,38346.0,14.0
trades_ge_100,"price in [0.05, 0.95], trades >= 100",conformal_mondrian,Sports,1w,per_domain,avg_set_size,1.388272583201268,1.3404397068620921,0.04783287633917577,1262.0,1501.0,2.0
trades_ge_100,"price in [0.05, 0.95], trades >= 100",conformal_mondrian,Crypto,1w,per_domain,avg_set_size,1.6666666666666667,1.3968253968253967,0.26984126984127,27.0,63.0,2.0
trades_ge_100,"price in [0.05, 0.95], trades >= 100",conformal_mondrian,Politics,1w,per_domain,avg_set_size,1.5188284518828452,1.4782608695652173,0.040567582317627915,239.0,414.0,2.0
trades_ge_100,"price in [0.05, 0.95], trades >= 100",conformal_mondrian,Finance,1w,per_domain,avg_set_size,1.342281879194631,1.25,0.09228187919463093,298.0,400.0,2.0
trades_ge_100,"price in [0.05, 0.95], trades >= 100",conformal_mondrian,Weather,1w,per_domain,avg_set_size,1.4482758620689655,1.3623188405797102,0.08595702148925533,58.0,69.0,2.0
trades_ge_100,"price in [0.05, 0.95], trades >= 100",conformal_mondrian,Entertainment,1w,per_domain,avg_set_size,1.3814432989690721,1.2709447415329769,0.11049855743609527,291.0,561.0,2.0
trades_ge_100,"price in [0.05, 0.95], trades >= 100",conformal_mondrian,ALL,1w,per_domain,avg_set_size,1.4004597701149426,1.3361037234042554,0.06435604671068718,2175.0,3008.0,2.0
trades_ge_100,"price in [0.05, 0.95], trades >= 100",conformal_marginal,Sports,1w,pooled,avg_set_size,1.488906497622821,1.4397068620919387,0.04919963553088236,1262.0,1501.0,2.0
trades_ge_100,"price in [0.05, 0.95], trades >= 100",conformal_marginal,Crypto,1w,pooled,avg_set_size,1.4814814814814814,1.4444444444444444,0.03703703703703698,27.0,63.0,2.0
trades_ge_100,"price in [0.05, 0.95], trades >= 100",conformal_marginal,Politics,1w,pooled,avg_set_size,1.3765690376569037,1.2946859903381642,0.08188304731873952,239.0,414.0,2.0
trades_ge_100,"price in [0.05, 0.95], trades >= 100",conformal_marginal,Finance,1w,pooled,avg_set_size,1.3053691275167785,1.225,0.08036912751677838,298.0,400.0,2.0
trades_ge_100,"price in [0.05, 0.95], trades >= 100",conformal_marginal,Weather,1w,pooled,avg_set_size,1.3620689655172413,1.289855072463768,0.07221389305347325,58.0,69.0,2.0
trades_ge_100,"price in [0.05, 0.95], trades >= 100",conformal_marginal,Entertainment,1w,pooled,avg_set_size,1.4123711340206186,1.3279857397504455,0.08438539427017311,291.0,561.0,2.0
trades_ge_100,"price in [0.05, 0.95], trades >= 100",conformal_marginal,ALL,1w,pooled,avg_set_size,1.4377011494252874,1.3670212765957446,0.0706798728295428,2175.0,3008.0,2.0
trades_ge_100,"price in [0.05, 0.95], trades >= 100",binning10,Sports,1w,per_domain,brier,0.18474022332034087,0.16784867923381336,0.016891544086527516,1262.0,1501.0,2.0
trades_ge_100,"price in [0.05, 0.95], trades >= 100",platt,Sports,1w,per_domain,brier,0.1709919017650966,0.16353624700929806,0.007455654755798541,1262.0,1501.0,2.0
trades_ge_100,"price in [0.05, 0.95], trades >= 100",raw,Sports,1w,per_domain,brier,0.17044516640253568,0.16381505662891402,0.006630109773621662,1262.0,1501.0,2.0
trades_ge_100,"price in [0.05, 0.95], trades >= 100",venn_abers,Sports,1w,per_domain,brier,0.17589088975440817,0.16650610596557833,0.009384783788829842,1262.0,1501.0,2.0
trades_ge_100,"price in [0.05, 0.95], trades >= 100",binning10,Politics,1w,per_domain,brier,0.1800277458055247,0.16777555856168286,0.012252187243841833,239.0,414.0,2.0
trades_ge_100,"price in [0.05, 0.95], trades >= 100",platt,Politics,1w,per_domain,brier,0.18299881608332125,0.16857276829237905,0.014426047790942198,239.0,414.0,2.0
trades_ge_100,"price in [0.05, 0.95], trades >= 100",raw,Politics,1w,per_domain,brier,0.1878828451882845,0.16762705314009657,0.02025579204818792,239.0,414.0,2.0
trades_ge_100,"price in [0.05, 0.95], trades >= 100",venn_abers,Politics,1w,per_domain,brier,0.17797671643813376,0.16689118551162999,0.011085530926503773,239.0,414.0,2.0
trades_ge_100,"price in [0.05, 0.95], trades >= 100",binning10,Finance,1w,per_domain,brier,0.1271264575259186,0.11904944449775788,0.008077013028160732,298.0,400.0,2.0
trades_ge_100,"price in [0.05, 0.95], trades >= 100",platt,Finance,1w,per_domain,brier,0.13229152116585033,0.118676489496621,0.013615031669229324,298.0,400.0,2.0
trades_ge_100,"price in [0.05, 0.95], trades >= 100",raw,Finance,1w,per_domain,brier,0.13573590604026847,0.11969099999999994,0.016044906040268536,298.0,400.0,2.0
trades_ge_100,"price in [0.05, 0.95], trades >= 100",venn_abers,Finance,1w,per_domain,brier,0.13297965180217586,0.11881904722385958,0.014160604578316277,298.0,400.0,2.0
trades_ge_100,"price in [0.05, 0.95], trades >= 100",binning10,Entertainment,1w,per_domain,brier,0.1900858187064003,0.17015406674937275,0.019931751957027538,291.0,561.0,2.0
trades_ge_100,"price in [0.05, 0.95], trades >= 100",platt,Entertainment,1w,per_domain,brier,0.19527109763390416,0.16787640359652767,0.027394694037376488,291.0,561.0,2.0
trades_ge_100,"price in [0.05, 0.95], trades >= 100",raw,Entertainment,1w,per_domain,brier,0.18863161512027493,0.1630573975044563,0.02557421761581863,291.0,561.0,2.0
trades_ge_100,"price in [0.05, 0.95], trades >= 100",venn_abers,Entertainment,1w,per_domain,brier,0.19125682456115975,0.1670539786710827,0.02420284589007704,291.0,561.0,2.0
trades_ge_100,"price in [0.05, 0.95], trades >= 100",binning10,ALL,1w,per_domain,brier,0.17673083763831426,0.1621002267100012,0.014630610928313054,2090.0,2945.0,2.0
trades_ge_100,"price in [0.05, 0.95], trades >= 100",platt,ALL,1w,per_domain,brier,0.17022739702887807,0.1590364905381931,0.011190906490684965,2090.0,2945.0,2.0
trades_ge_100,"price in [0.05, 0.95], trades >= 100",raw,ALL,1w,per_domain,brier,0.17002244019138754,0.15837269949066213,0.011649740700725414,2090.0,2945.0,2.0
trades_ge_100,"price in [0.05, 0.95], trades >= 100",venn_abers,ALL,1w,per_domain,brier,0.1721504355421641,0.16030131867065636,0.011849116871507748,2090.0,2945.0,2.0
trades_ge_100,"price in [0.05, 0.95], trades >= 100",binning10,Sports,1w,pooled,brier,0.17330860307551788,0.16626039016367725,0.007048212911840629,1262.0,1501.0,2.0
trades_ge_100,"price in [0.05, 0.95], trades >= 100",platt,Sports,1w,pooled,brier,0.17062389647609397,0.1632517081966502,0.007372188279443775,1262.0,1501.0,2.0
trades_ge_100,"price in [0.05, 0.95], trades >= 100",raw,Sports,1w,pooled,brier,0.17044516640253568,0.16381505662891402,0.006630109773621662,1262.0,1501.0,2.0
trades_ge_100,"price in [0.05, 0.95], trades >= 100",venn_abers,Sports,1w,pooled,brier,0.17548340021849437,0.16664013186433402,0.008843268354160355,1262.0,1501.0,2.0
trades_ge_100,"price in [0.05, 0.95], trades >= 100",binning10,Crypto,1w,pooled,brier,0.24818609597169353,0.1769117533035422,0.07127434266815133,27.0,63.0,2.0
trades_ge_100,"price in [0.05, 0.95], trades >= 100",platt,Crypto,1w,pooled,brier,0.24871898380371849,0.176884053438202,0.0718349303655165,27.0,63.0,2.0
trades_ge_100,"price in [0.05, 0.95], trades >= 100",raw,Crypto,1w,pooled,brier,0.23674074074074072,0.16431904761904761,0.07242169312169311,27.0,63.0,2.0
trades_ge_100,"price in [0.05, 0.95], trades >= 100",venn_abers,Crypto,1w,pooled,brier,0.2269009024117631,0.17346070487089318,0.05344019754086993,27.0,63.0,2.0
trades_ge_100,"price in [0.05, 0.95], trades >= 100",binning10,Politics,1w,pooled,brier,0.1935795726460784,0.17082340848035293,0.022756164165725457,239.0,414.0,2.0
trades_ge_100,"price in [0.05, 0.95], trades >= 100",platt,Politics,1w,pooled,brier,0.19121347757539306,0.17002654248707844,0.021186935088314623,239.0,414.0,2.0
trades_ge_100,"price in [0.05, 0.95], trades >= 100",raw,Politics,1w,pooled,brier,0.1878828451882845,0.16762705314009657,0.02025579204818792,239.0,414.0,2.0
trades_ge_100,"price in [0.05, 0.95], trades >= 100",venn_abers,Politics,1w,pooled,brier,0.18795446815615935,0.16829021103086653,0.019664257125292822,239.0,414.0,2.0
trades_ge_100,"price in [0.05, 0.95], trades >= 100",binning10,Finance,1w,pooled,brier,0.13757153964116473,0.11879203996661584,0.01877949967454888,298.0,400.0,2.0
trades_ge_100,"price in [0.05, 0.95], trades >= 100",platt,Finance,1w,pooled,brier,0.1332224875775838,0.11665787826007513,0.016564609317508652,298.0,400.0,2.0
trades_ge_100,"price in [0.05, 0.95], trades >= 100",raw,Finance,1w,pooled,brier,0.13573590604026847,0.11969099999999994,0.016044906040268536,298.0,400.0,2.0
trades_ge_100,"price in [0.05, 0.95], trades >= 100",venn_abers,Finance,1w,pooled,brier,0.13708088854625558,0.11981863401242077,0.017262254533834814,298.0,400.0,2.0
trades_ge_100,"price in [0.05, 0.95], trades >= 100",binning10,Weather,1w,pooled,brier,0.2041685489466394,0.1766943998504649,0.027474149096174516,58.0,69.0,2.0
trades_ge_100,"price in [0.05, 0.95], trades >= 100",platt,Weather,1w,pooled,brier,0.20298945157670364,0.17635414840011499,0.02663530317658866,58.0,69.0,2.0
trades_ge_100,"price in [0.05, 0.95], trades >= 100",raw,Weather,1w,pooled,brier,0.1995293103448276,0.17060869565217388,0.028920614692653723,58.0,69.0,2.0
trades_ge_100,"price in [0.05, 0.95], trades >= 100",venn_abers,Weather,1w,pooled,brier,0.2083397155407516,0.1763677478025344,0.0319719677382172,58.0,69.0,2.0
trades_ge_100,"price in [0.05, 0.95], trades >= 100",binning10,Entertainment,1w,pooled,brier,0.18773359239763215,0.16313952233502185,0.0245940700626103,291.0,561.0,2.0
trades_ge_100,"price in [0.05, 0.95], trades >= 100",platt,Entertainment,1w,pooled,brier,0.1894855189742339,0.16390002502726111,0.025585493946972793,291.0,561.0,2.0
trades_ge_100,"price in [0.05, 0.95], trades >= 100",raw,Entertainment,1w,pooled,brier,0.18863161512027493,0.1630573975044563,0.02557421761581863,291.0,561.0,2.0
trades_ge_100,"price in [0.05, 0.95], trades >= 100",venn_abers,Entertainment,1w,pooled,brier,0.18500484526187183,0.16421713133396468,0.020787713927907153,291.0,561.0,2.0
trades_ge_100,"price in [0.05, 0.95], trades >= 100",binning10,ALL,1w,pooled,brier,0.17432210095385522,0.16045650891321295,0.013865592040642277,2175.0,3008.0,2.0
trades_ge_100,"price in [0.05, 0.95], trades >= 100",platt,ALL,1w,pooled,brier,0.1721180535940785,0.15869514612478747,0.013422907469291034,2175.0,3008.0,2.0
trades_ge_100,"price in [0.05, 0.95], trades >= 100",raw,ALL,1w,pooled,brier,0.17163751724137932,0.15849724069148927,0.013140276549890056,2175.0,3008.0,2.0
trades_ge_100,"price in [0.05, 0.95], trades >= 100",venn_abers,ALL,1w,pooled,brier,0.1743805570526584,0.16055506934298794,0.013825487709670459,2175.0,3008.0,2.0
trades_ge_100,"price in [0.05, 0.95], trades >= 100",conformal_mondrian,Sports,1w,per_domain,coverage,0.904120443740095,0.8994003997335112,0.004720044006583879,1262.0,1501.0,2.0
trades_ge_100,"price in [0.05, 0.95], trades >= 100",conformal_mondrian,Crypto,1w,per_domain,coverage,0.8888888888888888,0.9206349206349205,-0.03174603174603163,27.0,63.0,2.0
trades_ge_100,"price in [0.05, 0.95], trades >= 100",conformal_mondrian,Politics,1w,per_domain,coverage,0.9330543933054394,0.9492753623188406,-0.0162209690134012,239.0,414.0,2.0
trades_ge_100,"price in [0.05, 0.95], trades >= 100",conformal_mondrian,Finance,1w,per_domain,coverage,0.9395973154362416,0.925,0.014597315436241542,298.0,400.0,2.0
trades_ge_100,"price in [0.05, 0.95], trades >= 100",conformal_mondrian,Weather,1w,per_domain,coverage,0.8793103448275862,0.8985507246376812,-0.019240379810094965,58.0,69.0,2.0
trades_ge_100,"price in [0.05, 0.95], trades >= 100",conformal_mondrian,Entertainment,1w,per_domain,coverage,0.8831615120274914,0.8805704099821747,0.002591102045316651,291.0,561.0,2.0
trades_ge_100,"price in [0.05, 0.95], trades >= 100",conformal_mondrian,ALL,1w,per_domain,coverage,0.9085057471264368,0.9065824468085106,0.001923300317926202,2175.0,3008.0,2.0
trades_ge_100,"price in [0.05, 0.95], trades >= 100",conformal_marginal,Sports,1w,pooled,coverage,0.9239302694136292,0.9233844103930713,0.0005458590205579261,1262.0,1501.0,2.0
trades_ge_100,"price in [0.05, 0.95], trades >= 100",conformal_marginal,Crypto,1w,pooled,coverage,0.8518518518518519,0.9365079365079364,-0.08465608465608454,27.0,63.0,2.0
trades_ge_100,"price in [0.05, 0.95], trades >= 100",conformal_marginal,Politics,1w,pooled,coverage,0.8661087866108786,0.8647342995169082,0.0013744870939704779,239.0,414.0,2.0
trades_ge_100,"price in [0.05, 0.95], trades >= 100",conformal_marginal,Finance,1w,pooled,coverage,0.9194630872483222,0.915,0.004463087248322117,298.0,400.0,2.0
trades_ge_100,"price in [0.05, 0.95], trades >= 100",conformal_marginal,Weather,1w,pooled,coverage,0.8620689655172413,0.8695652173913043,-0.007496251874062998,58.0,69.0,2.0
trades_ge_100,"price in [0.05, 0.95], trades >= 100",conformal_marginal,Entertainment,1w,pooled,coverage,0.9003436426116839,0.8948306595365418,0.0055129830751420306,291.0,561.0,2.0
trades_ge_100,"price in [0.05, 0.95], trades >= 100",conformal_marginal,ALL,1w,pooled,coverage,0.911264367816092,0.9079122340425532,0.0033521337735388235,2175.0,3008.0,2.0
trades_ge_100,"price in [0.05, 0.95], trades >= 100",binning10,Sports,1w,per_domain,ece,0.07727228172504022,0.02776293861383324,0.049509343111206985,1262.0,1501.0,2.0
trades_ge_100,"price in [0.05, 0.95], trades >= 100",platt,Sports,1w,per_domain,ece,0.05392376377041212,0.04842506010164429,0.005498703668767833,1262.0,1501.0,2.0
trades_ge_100,"price in [0.05, 0.95], trades >= 100",raw,Sports,1w,per_domain,ece,0.04652931854199682,0.04882078614257154,-0.0022914676005747203,1262.0,1501.0,2.0
trades_ge_100,"price in [0.05, 0.95], trades >= 100",venn_abers,Sports,1w,per_domain,ece,0.04913930031090598,0.04441822648640734,0.004721073824498635,1262.0,1501.0,2.0
trades_ge_100,"price in [0.05, 0.95], trades >= 100",binning10,Politics,1w,per_domain,ece,0.06387975044714223,0.07069835109176426,-0.00681860064462203,239.0,414.0,2.0
trades_ge_100,"price in [0.05, 0.95], trades >= 100",platt,Politics,1w,per_domain,ece,0.0993320034663853,0.09986268581086084,-0.0005306823444755498,239.0,414.0,2.0
trades_ge_100,"price in [0.05, 0.95], trades >= 100",raw,Politics,1w,per_domain,ece,0.1060251046025105,0.0826570048309178,0.023368099771592696,239.0,414.0,2.0
trades_ge_100,"price in [0.05, 0.95], trades >= 100",venn_abers,Politics,1w,per_domain,ece,0.09545398291248049,0.09372962860670729,0.0017243543057731958,239.0,414.0,2.0
trades_ge_100,"price in [0.05, 0.95], trades >= 100",binning10,Finance,1w,per_domain,ece,0.06237947347393594,0.07274779609570409,-0.01036832262176815,298.0,400.0,2.0
trades_ge_100,"price in [0.05, 0.95], trades >= 100",platt,Finance,1w,per_domain,ece,0.06773218914552707,0.07357710181337784,-0.0058449126678507685,298.0,400.0,2.0
trades_ge_100,"price in [0.05, 0.95], trades >= 100",raw,Finance,1w,per_domain,ece,0.08110738255033556,0.07814999999999994,0.002957382550335619,298.0,400.0,2.0
trades_ge_100,"price in [0.05, 0.95], trades >= 100",venn_abers,Finance,1w,per_domain,ece,0.06774401010952699,0.0809003113290391,-0.013156301219512112,298.0,400.0,2.0
trades_ge_100,"price in [0.05, 0.95], trades >= 100",binning10,Entertainment,1w,per_domain,ece,0.09818362061387749,0.0985982108534351,-0.0004145902395576162,291.0,561.0,2.0
trades_ge_100,"price in [0.05, 0.95], trades >= 100",platt,Entertainment,1w,per_domain,ece,0.10963298759067759,0.06802498509227702,0.041608002498400576,291.0,561.0,2.0
trades_ge_100,"price in [0.05, 0.95], trades >= 100",raw,Entertainment,1w,per_domain,ece,0.08254295532646047,0.047415329768270925,0.035127625558189546,291.0,561.0,2.0
trades_ge_100,"price in [0.05, 0.95], trades >= 100",venn_abers,Entertainment,1w,per_domain,ece,0.090992425684377,0.07151207594708969,0.01948034973728731,291.0,561.0,2.0
trades_ge_100,"price in [0.05, 0.95], trades >= 100",binning10,ALL,1w,per_domain,ece,0.05678435671512034,0.03576816538422392,0.021016191330896418,2090.0,2945.0,2.0
trades_ge_100,"price in [0.05, 0.95], trades >= 100",platt,ALL,1w,per_domain,ece,0.03394418977245933,0.024447490622752758,0.009496699149706574,2090.0,2945.0,2.0
trades_ge_100,"price in [0.05, 0.95], trades >= 100",raw,ALL,1w,per_domain,ece,0.027698564593301427,0.025507640067911678,0.0021909245253897494,2090.0,2945.0,2.0
trades_ge_100,"price in [0.05, 0.95], trades >= 100",venn_abers,ALL,1w,per_domain,ece,0.03740485485242963,0.040036432646552385,-0.0026315777941227567,2090.0,2945.0,2.0
trades_ge_100,"price in [0.05, 0.95], trades >= 100",binning10,Sports,1w,pooled,ece,0.05831802327288138,0.04886983176471512,0.00944819150816626,1262.0,1501.0,2.0
trades_ge_100,"price in [0.05, 0.95], trades >= 100",platt,Sports,1w,pooled,ece,0.04547241899610784,0.042094600380041265,0.0033778186160665774,1262.0,1501.0,2.0
trades_ge_100,"price in [0.05, 0.95], trades >= 100",raw,Sports,1w,pooled,ece,0.04652931854199682,0.04882078614257154,-0.0022914676005747203,1262.0,1501.0,2.0
trades_ge_100,"price in [0.05, 0.95], trades >= 100",venn_abers,Sports,1w,pooled,ece,0.046104838963178116,0.04471786438190376,0.0013869745812743542,1262.0,1501.0,2.0
trades_ge_100,"price in [0.05, 0.95], trades >= 100",binning10,Crypto,1w,pooled,ece,0.30096769887151287,0.24585450451254398,0.05511319435896889,22.0,63.0,1.0
trades_ge_100,"price in [0.05, 0.95], trades >= 100",platt,Crypto,1w,pooled,ece,0.33107332365398423,0.26661273223558607,0.06446059141839816,22.0,63.0,1.0
trades_ge_100,"price in [0.05, 0.95], trades >= 100",raw,Crypto,1w,pooled,ece,0.32227272727272727,0.24904761904761905,0.07322510822510822,22.0,63.0,1.0
trades_ge_100,"price in [0.05, 0.95], trades >= 100",venn_abers,Crypto,1w,pooled,ece,0.3117411787455224,0.2568391130725292,0.05490206567299316,22.0,63.0,1.0
trades_ge_100,"price in [0.05, 0.95], trades >= 100",binning10,Politics,1w,pooled,ece,0.10254712509080273,0.0847228171981125,0.017824307892690225,239.0,414.0,2.0
trades_ge_100,"price in [0.05, 0.95], trades >= 100",platt,Politics,1w,pooled,ece,0.11140369564764657,0.09100328791879535,0.020400407728851225,239.0,414.0,2.0
trades_ge_100,"price in [0.05, 0.95], trades >= 100",raw,Politics,1w,pooled,ece,0.1060251046025105,0.0826570048309178,0.023368099771592696,239.0,414.0,2.0
trades_ge_100,"price in [0.05, 0.95], trades >= 100",venn_abers,Politics,1w,pooled,ece,0.10203277225099491,0.08950272917149589,0.012530043079499023,239.0,414.0,2.0
trades_ge_100,"price in [0.05, 0.95], trades >= 100",binning10,Finance,1w,pooled,ece,0.07015504705183029,0.06765528154029227,0.0024997655115380213,298.0,400.0,2.0
trades_ge_100,"price in [0.05, 0.95], trades >= 100",platt,Finance,1w,pooled,ece,0.07217466774034839,0.06643013262292646,0.005744535117421928,298.0,400.0,2.0
trades_ge_100,"price in [0.05, 0.95], trades >= 100",raw,Finance,1w,pooled,ece,0.08110738255033556,0.07814999999999994,0.002957382550335619,298.0,400.0,2.0
trades_ge_100,"price in [0.05, 0.95], trades >= 100",venn_abers,Finance,1w,pooled,ece,0.06670819985964285,0.06164548959565794,0.005062710263984915,298.0,400.0,2.0
trades_ge_100,"price in [0.05, 0.95], trades >= 100",binning10,Weather,1w,pooled,ece,0.16541962532394366,0.1257367408144085,0.039682884509535166,58.0,69.0,2.0
trades_ge_100,"price in [0.05, 0.95], trades >= 100",platt,Weather,1w,pooled,ece,0.17832878445593367,0.14127994858227347,0.0370488358736602,58.0,69.0,2.0
trades_ge_100,"price in [0.05, 0.95], trades >= 100",raw,Weather,1w,pooled,ece,0.1687931034482759,0.13275362318840572,0.036039480259870166,58.0,69.0,2.0
trades_ge_100,"price in [0.05, 0.95], trades >= 100",venn_abers,Weather,1w,pooled,ece,0.18748905590707815,0.13415547016191862,0.053333585745159534,58.0,69.0,2.0
trades_ge_100,"price in [0.05, 0.95], trades >= 100",binning10,Entertainment,1w,pooled,ece,0.08895625003501362,0.04335233126421639,0.045603918770797225,291.0,561.0,2.0
trades_ge_100,"price in [0.05, 0.95], trades >= 100",platt,Entertainment,1w,pooled,ece,0.08881731093347503,0.0527942667507351,0.03602304418273993,291.0,561.0,2.0
trades_ge_100,"price in [0.05, 0.95], trades >= 100",raw,Entertainment,1w,pooled,ece,0.08254295532646047,0.047415329768270925,0.035127625558189546,291.0,561.0,2.0
trades_ge_100,"price in [0.05, 0.95], trades >= 100",venn_abers,Entertainment,1w,pooled,ece,0.06858328133857156,0.05681062704792147,0.011772654290650088,291.0,561.0,2.0
trades_ge_100,"price in [0.05, 0.95], trades >= 100",binning10,ALL,1w,pooled,ece,0.04107636158147754,0.028765588127132882,0.012310773454344656,2175.0,3008.0,2.0
trades_ge_100,"price in [0.05, 0.95], trades >= 100",platt,ALL,1w,pooled,ece,0.03399623984448693,0.026840188104093023,0.007156051740393906,2175.0,3008.0,2.0
trades_ge_100,"price in [0.05, 0.95], trades >= 100",raw,ALL,1w,pooled,ece,0.026271264367816124,0.026000664893616954,0.00027059947419916935,2175.0,3008.0,2.0
trades_ge_100,"price in [0.05, 0.95], trades >= 100",venn_abers,ALL,1w,pooled,ece,0.0361382808779692,0.03165679974713327,0.004481481130835928,2175.0,3008.0,2.0
trades_ge_100,"price in [0.05, 0.95], trades >= 100",binning10,Sports,1w,per_domain,log_loss,0.57969979832697,0.5159929323641413,0.06370686596282871,1262.0,1501.0,2.0
trades_ge_100,"price in [0.05, 0.95], trades >= 100",platt,Sports,1w,per_domain,log_loss,0.510707834100781,0.4932230560817174,0.017484778019063618,1262.0,1501.0,2.0
trades_ge_100,"price in [0.05, 0.95], trades >= 100",raw,Sports,1w,per_domain,log_loss,0.5098696589194522,0.4942292345446718,0.015640424374780415,1262.0,1501.0,2.0
trades_ge_100,"price in [0.05, 0.95], trades >= 100",venn_abers,Sports,1w,per_domain,log_loss,0.5205628541680398,0.49900567529833234,0.021557178869707483,1262.0,1501.0,2.0
trades_ge_100,"price in [0.05, 0.95], trades >= 100",binning10,Politics,1w,per_domain,log_loss,0.5420211371283015,0.5085392441553426,0.03348189297295889,239.0,414.0,2.0
trades_ge_100,"price in [0.05, 0.95], trades >= 100",platt,Politics,1w,per_domain,log_loss,0.5442519573278647,0.5090157688385026,0.03523618848936205,239.0,414.0,2.0
trades_ge_100,"price in [0.05, 0.95], trades >= 100",raw,Politics,1w,per_domain,log_loss,0.5526797417458196,0.5003272814683138,0.05235246027750573,239.0,414.0,2.0
trades_ge_100,"price in [0.05, 0.95], trades >= 100",venn_abers,Politics,1w,per_domain,log_loss,0.5339421275137033,0.5061095134015936,0.027832614112109688,239.0,414.0,2.0
trades_ge_100,"price in [0.05, 0.95], trades >= 100",binning10,Finance,1w,per_domain,log_loss,0.4701884049620616,0.37711052523537986,0.09307787972668174,298.0,400.0,2.0
trades_ge_100,"price in [0.05, 0.95], trades >= 100",platt,Finance,1w,per_domain,log_loss,0.41594840013016393,0.37709914148625684,0.03884925864390709,298.0,400.0,2.0
trades_ge_100,"price in [0.05, 0.95], trades >= 100",raw,Finance,1w,per_domain,log_loss,0.4242077290051427,0.38218115005603026,0.042026578949112436,298.0,400.0,2.0
trades_ge_100,"price in [0.05, 0.95], trades >= 100",venn_abers,Finance,1w,per_domain,log_loss,0.42181043449970973,0.3811781279636904,0.04063230653601935,298.0,400.0,2.0
trades_ge_100,"price in [0.05, 0.95], trades >= 100",binning10,Entertainment,1w,per_domain,log_loss,0.5669087662451009,0.5197241620838845,0.04718460416121639,291.0,561.0,2.0
trades_ge_100,"price in [0.05, 0.95], trades >= 100",platt,Entertainment,1w,per_domain,log_loss,0.5805180363024115,0.511847517089728,0.06867051921268352,291.0,561.0,2.0
trades_ge_100,"price in [0.05, 0.95], trades >= 100",raw,Entertainment,1w,per_domain,log_loss,0.5574064105157185,0.4946017284655889,0.06280468205012957,291.0,561.0,2.0
trades_ge_100,"price in [0.05, 0.95], trades >= 100",venn_abers,Entertainment,1w,per_domain,log_loss,0.567687881968809,0.5073084638432528,0.06037941812555625,291.0,561.0,2.0
trades_ge_100,"price in [0.05, 0.95], trades >= 100",binning10,ALL,1w,per_domain,log_loss,0.5579955946977603,0.500988072006976,0.05700752269078424,2090.0,2945.0,2.0
trades_ge_100,"price in [0.05, 0.95], trades >= 100",platt,ALL,1w,per_domain,log_loss,0.5107525723633187,0.48353628277956234,0.02721628958375638,2090.0,2945.0,2.0
trades_ge_100,"price in [0.05, 0.95], trades >= 100",raw,ALL,1w,per_domain,log_loss,0.509169921788137,0.4803830788816387,0.0287868429064983,2090.0,2945.0,2.0
trades_ge_100,"price in [0.05, 0.95], trades >= 100",venn_abers,ALL,1w,per_domain,log_loss,0.5145737672582192,0.48597707759375963,0.028596689664459607,2090.0,2945.0,2.0
trades_ge_100,"price in [0.05, 0.95], trades >= 100",binning10,Sports,1w,pooled,log_loss,0.5148372372769405,0.4981663871124087,0.016670850164531847,1262.0,1501.0,2.0
trades_ge_100,"price in [0.05, 0.95], trades >= 100",platt,Sports,1w,pooled,log_loss,0.5103935066935947,0.4918944943086919,0.018499012384902813,1262.0,1501.0,2.0
trades_ge_100,"price in [0.05, 0.95], trades >= 100",raw,Sports,1w,pooled,log_loss,0.5098696589194522,0.4942292345446718,0.015640424374780415,1262.0,1501.0,2.0
trades_ge_100,"price in [0.05, 0.95], trades >= 100",venn_abers,Sports,1w,pooled,log_loss,0.5200853998241766,0.49834935025612354,0.02173604956805303,1262.0,1501.0,2.0
trades_ge_100,"price in [0.05, 0.95], trades >= 100",binning10,Crypto,1w,pooled,log_loss,0.718235334636371,0.5257977914190173,0.19243754321735373,27.0,63.0,2.0
trades_ge_100,"price in [0.05, 0.95], trades >= 100",platt,Crypto,1w,pooled,log_loss,0.694333005363827,0.5234647571531931,0.17086824821063396,27.0,63.0,2.0
trades_ge_100,"price in [0.05, 0.95], trades >= 100",raw,Crypto,1w,pooled,log_loss,0.6709500416314728,0.49664914592685566,0.1743008957046171,27.0,63.0,2.0
trades_ge_100,"price in [0.05, 0.95], trades >= 100",venn_abers,Crypto,1w,pooled,log_loss,0.6491140815363932,0.5199542786799785,0.1291598028564147,27.0,63.0,2.0
trades_ge_100,"price in [0.05, 0.95], trades >= 100",binning10,Politics,1w,pooled,log_loss,0.565237444848067,0.5103715124274023,0.05486593242066473,239.0,414.0,2.0
trades_ge_100,"price in [0.05, 0.95], trades >= 100",platt,Politics,1w,pooled,log_loss,0.5606787740891604,0.5059325372535569,0.054746236835603534,239.0,414.0,2.0
trades_ge_100,"price in [0.05, 0.95], trades >= 100",raw,Politics,1w,pooled,log_loss,0.5526797417458196,0.5003272814683138,0.05235246027750573,239.0,414.0,2.0
trades_ge_100,"price in [0.05, 0.95], trades >= 100",venn_abers,Politics,1w,pooled,log_loss,0.5539730778218814,0.5056405665564576,0.048332511265423816,239.0,414.0,2.0
trades_ge_100,"price in [0.05, 0.95], trades >= 100",binning10,Finance,1w,pooled,log_loss,0.43010775371319304,0.3796669712488857,0.05044078246430733,298.0,400.0,2.0
trades_ge_100,"price in [0.05, 0.95], trades >= 100",platt,Finance,1w,pooled,log_loss,0.41992550355735225,0.37281874308730706,0.047106760470045195,298.0,400.0,2.0
trades_ge_100,"price in [0.05, 0.95], trades >= 100",raw,Finance,1w,pooled,log_loss,0.4242077290051427,0.38218115005603026,0.042026578949112436,298.0,400.0,2.0
trades_ge_100,"price in [0.05, 0.95], trades >= 100",venn_abers,Finance,1w,pooled,log_loss,0.42769541350762924,0.3822014413306844,0.04549397217694484,298.0,400.0,2.0
trades_ge_100,"price in [0.05, 0.95], trades >= 100",binning10,Weather,1w,pooled,log_loss,0.5999121047150481,0.5234949639237829,0.07641714079126516,58.0,69.0,2.0
trades_ge_100,"price in [0.05, 0.95], trades >= 100",platt,Weather,1w,pooled,log_loss,0.5947586196200342,0.5293138205560235,0.06544479906401068,58.0,69.0,2.0
trades_ge_100,"price in [0.05, 0.95], trades >= 100",raw,Weather,1w,pooled,log_loss,0.5873127939783545,0.5131965512374482,0.07411624274090622,58.0,69.0,2.0
trades_ge_100,"price in [0.05, 0.95], trades >= 100",venn_abers,Weather,1w,pooled,log_loss,0.6283892374489735,0.5314852503633745,0.096903987085599,58.0,69.0,2.0
trades_ge_100,"price in [0.05, 0.95], trades >= 100",binning10,Entertainment,1w,pooled,log_loss,0.5585634617790144,0.49824352505820696,0.06031993672080743,291.0,561.0,2.0
trades_ge_100,"price in [0.05, 0.95], trades >= 100",platt,Entertainment,1w,pooled,log_loss,0.5604815676814651,0.4977542377202539,0.06272732996121116,291.0,561.0,2.0
trades_ge_100,"price in [0.05, 0.95], trades >= 100",raw,Entertainment,1w,pooled,log_loss,0.5574064105157185,0.4946017284655889,0.06280468205012957,291.0,561.0,2.0
trades_ge_100,"price in [0.05, 0.95], trades >= 100",venn_abers,Entertainment,1w,pooled,log_loss,0.5529469797413517,0.5016604926370826,0.051286487104269085,291.0,561.0,2.0
trades_ge_100,"price in [0.05, 0.95], trades >= 100",binning10,ALL,1w,pooled,log_loss,0.5194104261402605,0.48526242441091,0.03414800172935045,2175.0,3008.0,2.0
trades_ge_100,"price in [0.05, 0.95], trades >= 100",platt,ALL,1w,pooled,log_loss,0.5147585102495671,0.4806044761620084,0.03415403408755868,2175.0,3008.0,2.0
trades_ge_100,"price in [0.05, 0.95], trades >= 100",raw,ALL,1w,pooled,log_loss,0.5132620366491958,0.48072375781243937,0.03253827883675642,2175.0,3008.0,2.0
trades_ge_100,"price in [0.05, 0.95], trades >= 100",venn_abers,ALL,1w,pooled,log_loss,0.5200371496464691,0.4857377938904267,0.03429935575604237,2175.0,3008.0,2.0
trades_ge_100,"price in [0.05, 0.95], trades >= 100",conformal_mondrian,Sports,24h,per_domain,avg_set_size,1.5260115606936415,1.486658795749705,0.03935276494393647,5709.0,8470.0,3.0
trades_ge_100,"price in [0.05, 0.95], trades >= 100",conformal_mondrian,Crypto,24h,per_domain,avg_set_size,1.6445993031358885,1.4278884462151396,0.21671085692074898,287.0,1255.0,3.0
trades_ge_100,"price in [0.05, 0.95], trades >= 100",conformal_mondrian,Politics,24h,per_domain,avg_set_size,1.5966514459665144,1.4752475247524752,0.1214039212140392,657.0,1111.0,5.0
trades_ge_100,"price in [0.05, 0.95], trades >= 100",conformal_mondrian,Finance,24h,per_domain,avg_set_size,1.5076363636363637,1.291510398908967,0.21612596472739676,1375.0,2933.0,8.0
trades_ge_100,"price in [0.05, 0.95], trades >= 100",conformal_mondrian,Weather,24h,per_domain,avg_set_size,1.4679594000908953,1.3667132177770476,0.10124618231384774,6601.0,12173.0,8.0
trades_ge_100,"price in [0.05, 0.95], trades >= 100",conformal_mondrian,Entertainment,24h,per_domain,avg_set_size,1.420654911838791,1.304186539480657,0.1164683723581339,794.0,1887.0,5.0
trades_ge_100,"price in [0.05, 0.95], trades >= 100",conformal_mondrian,ALL,24h,per_domain,avg_set_size,1.4993191985994943,1.398145819109562,0.10117337948993232,15423.0,27829.0,8.0
trades_ge_100,"price in [0.05, 0.95], trades >= 100",conformal_marginal,Sports,24h,pooled,avg_set_size,1.561744613767735,1.5017709563164108,0.059973657451324325,5709.0,8470.0,3.0
trades_ge_100,"price in [0.05, 0.95], trades >= 100",conformal_marginal,Crypto,24h,pooled,avg_set_size,1.5714285714285714,1.3864541832669324,0.18497438816163903,287.0,1255.0,3.0
trades_ge_100,"price in [0.05, 0.95], trades >= 100",conformal_marginal,Politics,24h,pooled,avg_set_size,1.5281582952815829,1.3807380738073807,0.1474202214742022,657.0,1111.0,5.0
trades_ge_100,"price in [0.05, 0.95], trades >= 100",conformal_marginal,Finance,24h,pooled,avg_set_size,1.3687272727272728,1.175929082850324,0.19279818987694886,1375.0,2933.0,8.0
trades_ge_100,"price in [0.05, 0.95], trades >= 100",conformal_marginal,Weather,24h,pooled,avg_set_size,1.5190122708680502,1.3953832251704592,0.12362904569759103,6601.0,12173.0,8.0
trades_ge_100,"price in [0.05, 0.95], trades >= 100",conformal_marginal,Entertainment,24h,pooled,avg_set_size,1.3476070528967254,1.2443031266560678,0.10330392624065765,794.0,1887.0,5.0
trades_ge_100,"price in [0.05, 0.95], trades >= 100",conformal_marginal,ALL,24h,pooled,avg_set_size,1.5139726382675225,1.3934025656689066,0.12057007259861585,15423.0,27829.0,8.0
trades_ge_100,"price in [0.05, 0.95], trades >= 100",binning10,Sports,24h,per_domain,brier,0.20690268755801147,0.19703021121609482,0.009872476341916653,5358.0,8056.0,2.0
trades_ge_100,"price in [0.05, 0.95], trades >= 100",platt,Sports,24h,per_domain,brier,0.20432785571527604,0.19531884004403613,0.009009015671239906,5358.0,8056.0,2.0
trades_ge_100,"price in [0.05, 0.95], trades >= 100",raw,Sports,24h,per_domain,brier,0.2034337812616648,0.19450662859980133,0.008927152661863474,5358.0,8056.0,2.0
trades_ge_100,"price in [0.05, 0.95], trades >= 100",venn_abers,Sports,24h,per_domain,brier,0.20492115563366078,0.19566167624925304,0.009259479384407743,5358.0,8056.0,2.0
trades_ge_100,"price in [0.05, 0.95], trades >= 100",binning10,Crypto,24h,per_domain,brier,0.27243760243213655,0.21233016925139203,0.06010743318074452,287.0,1255.0,3.0
trades_ge_100,"price in [0.05, 0.95], trades >= 100",platt,Crypto,24h,per_domain,brier,0.26262195247151965,0.2087109501928792,0.05391100227864046,287.0,1255.0,3.0
trades_ge_100,"price in [0.05, 0.95], trades >= 100",raw,Crypto,24h,per_domain,brier,0.2630975609756097,0.2075482071713147,0.055549353804295015,287.0,1255.0,3.0
trades_ge_100,"price in [0.05, 0.95], trades >= 100",venn_abers,Crypto,24h,per_domain,brier,0.2633632641025935,0.21008495064353075,0.053278313459062726,287.0,1255.0,3.0
trades_ge_100,"price in [0.05, 0.95], trades >= 100",binning10,Politics,24h,per_domain,brier,0.2332239009666778,0.18020867162256524,0.05301522934411257,478.0,850.0,2.0
trades_ge_100,"price in [0.05, 0.95], trades >= 100",platt,Politics,24h,per_domain,brier,0.21653211145978296,0.17384593999229395,0.042686171467489015,478.0,850.0,2.0
trades_ge_100,"price in [0.05, 0.95], trades >= 100",raw,Politics,24h,per_domain,brier,0.21404142259414227,0.17258705882352943,0.041454363770612845,478.0,850.0,2.0
trades_ge_100,"price in [0.05, 0.95], trades >= 100",venn_abers,Politics,24h,per_domain,brier,0.21952642491580776,0.1769070274529432,0.042619397462864556,478.0,850.0,2.0
trades_ge_100,"price in [0.05, 0.95], trades >= 100",binning10,Finance,24h,per_domain,brier,0.17802007281893575,0.14801072293905126,0.03000934987988449,1375.0,2933.0,8.0
trades_ge_100,"price in [0.05, 0.95], trades >= 100",platt,Finance,24h,per_domain,brier,0.17410954818506316,0.14559472516942804,0.028514823015635127,1375.0,2933.0,8.0
trades_ge_100,"price in [0.05, 0.95], trades >= 100",raw,Finance,24h,per_domain,brier,0.17339032727272727,0.14487262188885097,0.028517705383876296,1375.0,2933.0,8.0
trades_ge_100,"price in [0.05, 0.95], trades >= 100",venn_abers,Finance,24h,per_domain,brier,0.17530131738633542,0.14562220870599055,0.029679108680344873,1375.0,2933.0,8.0
trades_ge_100,"price in [0.05, 0.95], trades >= 100",binning10,Weather,24h,per_domain,brier,0.18985093560872662,0.1617782358222146,0.02807269978651203,6601.0,12173.0,8.0
trades_ge_100,"price in [0.05, 0.95], trades >= 100",platt,Weather,24h,per_domain,brier,0.18853187919217282,0.16022097194356122,0.0283109072486116,6601.0,12173.0,8.0
trades_ge_100,"price in [0.05, 0.95], trades >= 100",raw,Weather,24h,per_domain,brier,0.18901343735797607,0.16036866014951118,0.028644777208464894,6601.0,12173.0,8.0
trades_ge_100,"price in [0.05, 0.95], trades >= 100",venn_abers,Weather,24h,per_domain,brier,0.1888152787475402,0.16081736788302797,0.027997910864512227,6601.0,12173.0,8.0
trades_ge_100,"price in [0.05, 0.95], trades >= 100",binning10,Entertainment,24h,per_domain,brier,0.1768298549410472,0.15440818308007434,0.022421671860972853,779.0,1830.0,3.0
trades_ge_100,"price in [0.05, 0.95], trades >= 100",platt,Entertainment,24h,per_domain,brier,0.17406100056695525,0.15163810315412368,0.02242289741283157,779.0,1830.0,3.0
trades_ge_100,"price in [0.05, 0.95], trades >= 100",raw,Entertainment,24h,per_domain,brier,0.17506059050064185,0.15130409836065573,0.023756492139986124,779.0,1830.0,3.0
trades_ge_100,"price in [0.05, 0.95], trades >= 100",venn_abers,Entertainment,24h,per_domain,brier,0.1770224352524718,0.15384925030712052,0.023173184945351283,779.0,1830.0,3.0
trades_ge_100,"price in [0.05, 0.95], trades >= 100",binning10,ALL,24h,per_domain,brier,0.1972032060474686,0.17319024264409816,0.024012963403370446,14878.0,27097.0,8.0
trades_ge_100,"price in [0.05, 0.95], trades >= 100",platt,ALL,24h,per_domain,brier,0.1944587030046515,0.17116606325582967,0.023292639748821842,14878.0,27097.0,8.0
trades_ge_100,"price in [0.05, 0.95], trades >= 100",raw,ALL,24h,per_domain,brier,0.1942653985750773,0.17079687788316045,0.02346852069191685,14878.0,27097.0,8.0
trades_ge_100,"price in [0.05, 0.95], trades >= 100",venn_abers,ALL,24h,per_domain,brier,0.19517380583900754,0.17184787746589716,0.02332592837311037,14878.0,27097.0,8.0
trades_ge_100,"price in [0.05, 0.95], trades >= 100",binning10,Sports,24h,pooled,brier,0.20236140783027878,0.19400384009650223,0.00835756773377655,5709.0,8470.0,3.0
trades_ge_100,"price in [0.05, 0.95], trades >= 100",platt,Sports,24h,pooled,brier,0.19997254360398442,0.1916183371218205,0.008354206482163923,5709.0,8470.0,3.0
trades_ge_100,"price in [0.05, 0.95], trades >= 100",raw,Sports,24h,pooled,brier,0.20008777369066388,0.19175458087367175,0.00833319281699213,5709.0,8470.0,3.0
trades_ge_100,"price in [0.05, 0.95], trades >= 100",venn_abers,Sports,24h,pooled,brier,0.20057539475282496,0.19207163248730078,0.008503762265524184,5709.0,8470.0,3.0
trades_ge_100,"price in [0.05, 0.95], trades >= 100",binning10,Crypto,24h,pooled,brier,0.25865001006220456,0.2118720171234874,0.04677799293871715,287.0,1255.0,3.0
trades_ge_100,"price in [0.05, 0.95], trades >= 100",platt,Crypto,24h,pooled,brier,0.2581650232452688,0.20829454540474795,0.049870477840520844,287.0,1255.0,3.0
trades_ge_100,"price in [0.05, 0.95], trades >= 100",raw,Crypto,24h,pooled,brier,0.2630975609756097,0.2075482071713147,0.055549353804295015,287.0,1255.0,3.0
trades_ge_100,"price in [0.05, 0.95], trades >= 100",venn_abers,Crypto,24h,pooled,brier,0.26150434195984457,0.20867087415239008,0.05283346780745449,287.0,1255.0,3.0
trades_ge_100,"price in [0.05, 0.95], trades >= 100",binning10,Politics,24h,pooled,brier,0.2075529424809938,0.17390059213511452,0.03365235034587927,657.0,1111.0,5.0
trades_ge_100,"price in [0.05, 0.95], trades >= 100",platt,Politics,24h,pooled,brier,0.20204595427302588,0.169767404816027,0.03227854945699887,657.0,1111.0,5.0
trades_ge_100,"price in [0.05, 0.95], trades >= 100",raw,Politics,24h,pooled,brier,0.20391248097412484,0.16977110711071108,0.03414137386341376,657.0,1111.0,5.0
trades_ge_100,"price in [0.05, 0.95], trades >= 100",venn_abers,Politics,24h,pooled,brier,0.20465673935644146,0.17040788413326288,0.03424885522317858,657.0,1111.0,5.0
trades_ge_100,"price in [0.05, 0.95], trades >= 100",binning10,Finance,24h,pooled,brier,0.1771467922708741,0.14787632203235104,0.029270470238523055,1375.0,2933.0,8.0
trades_ge_100,"price in [0.05, 0.95], trades >= 100",platt,Finance,24h,pooled,brier,0.17410297730749125,0.1452296752678865,0.028873302039604753,1375.0,2933.0,8.0
trades_ge_100,"price in [0.05, 0.95], trades >= 100",raw,Finance,24h,pooled,brier,0.17339032727272727,0.14487262188885097,0.028517705383876296,1375.0,2933.0,8.0
trades_ge_100,"price in [0.05, 0.95], trades >= 100",venn_abers,Finance,24h,pooled,brier,0.17413820908721386,0.14553721504178488,0.028600994045428985,1375.0,2933.0,8.0
trades_ge_100,"price in [0.05, 0.95], trades >= 100",binning10,Weather,24h,pooled,brier,0.18911010482515425,0.16233240648348418,0.02677769834167007,6601.0,12173.0,8.0
trades_ge_100,"price in [0.05, 0.95], trades >= 100",platt,Weather,24h,pooled,brier,0.18872467138335117,0.16033649311193013,0.02838817827142104,6601.0,12173.0,8.0
trades_ge_100,"price in [0.05, 0.95], trades >= 100",raw,Weather,24h,pooled,brier,0.18901343735797607,0.16036866014951118,0.028644777208464894,6601.0,12173.0,8.0
trades_ge_100,"price in [0.05, 0.95], trades >= 100",venn_abers,Weather,24h,pooled,brier,0.1891463084391842,0.1608350678967474,0.028311240542436805,6601.0,12173.0,8.0
trades_ge_100,"price in [0.05, 0.95], trades >= 100",binning10,Entertainment,24h,pooled,brier,0.17739741105149262,0.1531020572093334,0.024295353842159223,794.0,1887.0,5.0
trades_ge_100,"price in [0.05, 0.95], trades >= 100",platt,Entertainment,24h,pooled,brier,0.17410566560361976,0.1493413173392739,0.02476434826434587,794.0,1887.0,5.0
trades_ge_100,"price in [0.05, 0.95], trades >= 100",raw,Entertainment,24h,pooled,brier,0.1743610831234257,0.14939671436142019,0.0249643687620055,794.0,1887.0,5.0
trades_ge_100,"price in [0.05, 0.95], trades >= 100",venn_abers,Entertainment,24h,pooled,brier,0.17438679227326964,0.15000204966977573,0.02438474260349391,794.0,1887.0,5.0
trades_ge_100,"price in [0.05, 0.95], trades >= 100",binning10,ALL,24h,pooled,brier,0.19442535817280085,0.17251833280275303,0.021907025370047822,15423.0,27829.0,8.0
trades_ge_100,"price in [0.05, 0.95], trades >= 100",platt,ALL,24h,pooled,brier,0.1926916847015816,0.17005894536946464,0.022632739332116958,15423.0,27829.0,8.0
trades_ge_100,"price in [0.05, 0.95], trades >= 100",raw,ALL,24h,pooled,brier,0.19297884328600143,0.17004709835064136,0.02293174493536007,15423.0,27829.0,8.0
trades_ge_100,"price in [0.05, 0.95], trades >= 100",venn_abers,ALL,24h,pooled,brier,0.19328626629776857,0.17053475275619928,0.02275151354156929,15423.0,27829.0,8.0
trades_ge_100,"price in [0.05, 0.95], trades >= 100",conformal_mondrian,Sports,24h,per_domain,coverage,0.9024347521457348,0.9018890200708383,0.0005457320748964989,5709.0,8470.0,3.0
trades_ge_100,"price in [0.05, 0.95], trades >= 100",conformal_mondrian,Crypto,24h,per_domain,coverage,0.8641114982578397,0.8677290836653386,-0.0036175854074989022,287.0,1255.0,3.0
trades_ge_100,"price in [0.05, 0.95], trades >= 100",conformal_mondrian,Politics,24h,per_domain,coverage,0.9193302891933028,0.9306930693069307,-0.011362780113627902,657.0,1111.0,5.0
trades_ge_100,"price in [0.05, 0.95], trades >= 100",conformal_mondrian,Finance,24h,per_domain,coverage,0.9207272727272727,0.9048755540402319,0.015851718687040828,1375.0,2933.0,8.0
trades_ge_100,"price in [0.05, 0.95], trades >= 100",conformal_mondrian,Weather,24h,per_domain,coverage,0.9034994697773064,0.910786166105315,-0.007286696328008602,6601.0,12173.0,8.0
trades_ge_100,"price in [0.05, 0.95], trades >= 100",conformal_mondrian,Entertainment,24h,per_domain,coverage,0.9093198992443325,0.904610492845787,0.004709406398545557,794.0,1887.0,5.0
trades_ge_100,"price in [0.05, 0.95], trades >= 100",conformal_mondrian,ALL,24h,per_domain,coverage,0.9048823186150554,0.9058895396888138,-0.0010072210737583909,15423.0,27829.0,8.0
trades_ge_100,"price in [0.05, 0.95], trades >= 100",conformal_marginal,Sports,24h,pooled,coverage,0.9127693116132423,0.9067296340023612,0.006039677610881089,5709.0,8470.0,3.0
trades_ge_100,"price in [0.05, 0.95], trades >= 100",conformal_marginal,Crypto,24h,pooled,coverage,0.8397212543554007,0.852589641434263,-0.012868387078862287,287.0,1255.0,3.0
trades_ge_100,"price in [0.05, 0.95], trades >= 100",conformal_marginal,Politics,24h,pooled,coverage,0.8995433789954338,0.9027902790279028,-0.003246900032468969,657.0,1111.0,5.0
trades_ge_100,"price in [0.05, 0.95], trades >= 100",conformal_marginal,Finance,24h,pooled,coverage,0.8938181818181818,0.874872144561882,0.01894603725629984,1375.0,2933.0,8.0
trades_ge_100,"price in [0.05, 0.95], trades >= 100",conformal_marginal,Weather,24h,pooled,coverage,0.917133767610968,0.9192475149921958,-0.0021137473812278262,6601.0,12173.0,8.0
trades_ge_100,"price in [0.05, 0.95], trades >= 100",conformal_marginal,Entertainment,24h,pooled,coverage,0.8904282115869018,0.8913619501854796,-0.0009337385985778157,794.0,1887.0,5.0
trades_ge_100,"price in [0.05, 0.95], trades >= 100",conformal_marginal,ALL,24h,pooled,coverage,0.9098748622187642,0.9052067986632649,0.004668063555499313,15423.0,27829.0,8.0
trades_ge_100,"price in [0.05, 0.95], trades >= 100",binning10,Sports,24h,per_domain,ece,0.04445705630599784,0.032369369695811084,0.012087686610186756,5358.0,8056.0,2.0
trades_ge_100,"price in [0.05, 0.95], trades >= 100",platt,Sports,24h,per_domain,ece,0.036182355928920516,0.02664818331466433,0.009534172614256185,5358.0,8056.0,2.0
trades_ge_100,"price in [0.05, 0.95], trades >= 100",raw,Sports,24h,per_domain,ece,0.03167973124300111,0.020059582919562974,0.011620148323438134,5358.0,8056.0,2.0
trades_ge_100,"price in [0.05, 0.95], trades >= 100",venn_abers,Sports,24h,per_domain,ece,0.03217767381441656,0.031845769248676124,0.0003319045657404346,5358.0,8056.0,2.0
trades_ge_100,"price in [0.05, 0.95], trades >= 100",binning10,Crypto,24h,per_domain,ece,0.1852422061498113,0.09166339541153079,0.0935788107382805,287.0,1255.0,3.0
trades_ge_100,"price in [0.05, 0.95], trades >= 100",platt,Crypto,24h,per_domain,ece,0.1741365441466713,0.08477639870823005,0.08936014543844124,287.0,1255.0,3.0
trades_ge_100,"price in [0.05, 0.95], trades >= 100",raw,Crypto,24h,per_domain,ece,0.17790940766550523,0.07308366533864538,0.10482574232685984,287.0,1255.0,3.0
trades_ge_100,"price in [0.05, 0.95], trades >= 100",venn_abers,Crypto,24h,per_domain,ece,0.16129412613511898,0.08629394667676055,0.07500017945835843,287.0,1255.0,3.0
trades_ge_100,"price in [0.05, 0.95], trades >= 100",binning10,Politics,24h,per_domain,ece,0.13947696216924857,0.06732872355497445,0.07214823861427412,478.0,850.0,2.0
trades_ge_100,"price in [0.05, 0.95], trades >= 100",platt,Politics,24h,per_domain,ece,0.08435747449821128,0.06298892360629378,0.021368550891917498,478.0,850.0,2.0
trades_ge_100,"price in [0.05, 0.95], trades >= 100",raw,Politics,24h,per_domain,ece,0.07008368200836822,0.05418823529411764,0.015895446714250576,478.0,850.0,2.0
trades_ge_100,"price in [0.05, 0.95], trades >= 100",venn_abers,Politics,24h,per_domain,ece,0.09629739606975943,0.07005019431903009,0.026247201750729338,478.0,850.0,2.0
trades_ge_100,"price in [0.05, 0.95], trades >= 100",binning10,Finance,24h,per_domain,ece,0.08150468554095311,0.05506612352487449,0.026438562016078616,1375.0,2933.0,8.0
trades_ge_100,"price in [0.05, 0.95], trades >= 100",platt,Finance,24h,per_domain,ece,0.0899932032219663,0.05483075959475298,0.03516244362721332,1375.0,2933.0,8.0
trades_ge_100,"price in [0.05, 0.95], trades >= 100",raw,Finance,24h,per_domain,ece,0.08345454545454545,0.05318104330037499,0.030273502154170455,1375.0,2933.0,8.0
trades_ge_100,"price in [0.05, 0.95], trades >= 100",venn_abers,Finance,24h,per_domain,ece,0.07663175007386112,0.04887615377536998,0.027755596298491142,1375.0,2933.0,8.0
trades_ge_100,"price in [0.05, 0.95], trades >= 100",binning10,Weather,24h,per_domain,ece,0.0345330537757853,0.02617991402079765,0.008353139754987648,6597.0,12173.0,6.0
trades_ge_100,"price in [0.05, 0.95], trades >= 100",platt,Weather,24h,per_domain,ece,0.035526771172667795,0.027827239232292578,0.007699531940375218,6597.0,12173.0,6.0
trades_ge_100,"price in [0.05, 0.95], trades >= 100",raw,Weather,24h,per_domain,ece,0.0337623162043353,0.03187135463731206,0.0018909615670232374,6597.0,12173.0,6.0
trades_ge_100,"price in [0.05, 0.95], trades >= 100",venn_abers,Weather,24h,per_domain,ece,0.026730374890662302,0.024038900168152664,0.002691474722509638,6597.0,12173.0,6.0
trades_ge_100,"price in [0.05, 0.95], trades >= 100",binning10,Entertainment,24h,per_domain,ece,0.05416355986632963,0.060655701823368324,-0.006492141957038691,779.0,1830.0,3.0
trades_ge_100,"price in [0.05, 0.95], trades >= 100",platt,Entertainment,24h,per_domain,ece,0.05224702876369726,0.04416230499845,0.008084723765247256,779.0,1830.0,3.0
trades_ge_100,"price in [0.05, 0.95], trades >= 100",raw,Entertainment,24h,per_domain,ece,0.061617458279845945,0.04689071038251363,0.014726747897332318,779.0,1830.0,3.0
trades_ge_100,"price in [0.05, 0.95], trades >= 100",venn_abers,Entertainment,24h,per_domain,ece,0.05534697678166925,0.040863936940397555,0.014483039841271694,779.0,1830.0,3.0
trades_ge_100,"price in [0.05, 0.95], trades >= 100",binning10,ALL,24h,per_domain,ece,0.0358627155330496,0.02698653250586426,0.00887618302718534,14878.0,27097.0,8.0
trades_ge_100,"price in [0.05, 0.95], trades >= 100",platt,ALL,24h,per_domain,ece,0.02386076680746304,0.021266637973053153,0.002594128834409886,14878.0,27097.0,8.0
trades_ge_100,"price in [0.05, 0.95], trades >= 100",raw,ALL,24h,per_domain,ece,0.029037505041000132,0.01918957818208651,0.00984792685891362,14878.0,27097.0,8.0
trades_ge_100,"price in [0.05, 0.95], trades >= 100",venn_abers,ALL,24h,per_domain,ece,0.029132572083715478,0.02497101717280223,0.004161554910913249,14878.0,27097.0,8.0
trades_ge_100,"price in [0.05, 0.95], trades >= 100",binning10,Sports,24h,pooled,ece,0.030826078228588686,0.024823860806702024,0.006002217421886662,5709.0,8470.0,3.0
trades_ge_100,"price in [0.05, 0.95], trades >= 100",platt,Sports,24h,pooled,ece,0.028849690388963213,0.019107293048138047,0.009742397340825167,5709.0,8470.0,3.0
trades_ge_100,"price in [0.05, 0.95], trades >= 100",raw,Sports,24h,pooled,ece,0.033702925205815366,0.02192089728453356,0.011782027921281805,5709.0,8470.0,3.0
trades_ge_100,"price in [0.05, 0.95], trades >= 100",venn_abers,Sports,24h,pooled,ece,0.028323694166525713,0.01815398379758054,0.010169710368945175,5709.0,8470.0,3.0
trades_ge_100,"price in [0.05, 0.95], trades >= 100",binning10,Crypto,24h,pooled,ece,0.16210215575796694,0.07442782917002537,0.08767432658794157,287.0,1255.0,3.0
trades_ge_100,"price in [0.05, 0.95], trades >= 100",platt,Crypto,24h,pooled,ece,0.16683593184946108,0.07489035783278715,0.09194557401667393,287.0,1255.0,3.0
trades_ge_100,"price in [0.05, 0.95], trades >= 100",raw,Crypto,24h,pooled,ece,0.17790940766550523,0.07308366533864538,0.10482574232685984,287.0,1255.0,3.0
trades_ge_100,"price in [0.05, 0.95], trades >= 100",venn_abers,Crypto,24h,pooled,ece,0.15367298660555365,0.07481322816441588,0.07885975844113777,287.0,1255.0,3.0
trades_ge_100,"price in [0.05, 0.95], trades >= 100",binning10,Politics,24h,pooled,ece,0.08122388923140428,0.05957765571962007,0.021646233511784206,652.0,1099.0,3.0
trades_ge_100,"price in [0.05, 0.95], trades >= 100",platt,Politics,24h,pooled,ece,0.07090342391646447,0.055397412786404164,0.015506011130060303,652.0,1099.0,3.0
trades_ge_100,"price in [0.05, 0.95], trades >= 100",raw,Politics,24h,pooled,ece,0.0758588957055215,0.05440400363967241,0.021454892065849086,652.0,1099.0,3.0
trades_ge_100,"price in [0.05, 0.95], trades >= 100",venn_abers,Politics,24h,pooled,ece,0.08590124763838652,0.06352473474112807,0.02237651289725845,652.0,1099.0,3.0
trades_ge_100,"price in [0.05, 0.95], trades >= 100",binning10,Finance,24h,pooled,ece,0.088765546819764,0.048677624011536774,0.04008792280822722,1375.0,2933.0,8.0
trades_ge_100,"price in [0.05, 0.95], trades >= 100",platt,Finance,24h,pooled,ece,0.09030023778174799,0.05467974416178475,0.035620493619963244,1375.0,2933.0,8.0
trades_ge_100,"price in [0.05, 0.95], trades >= 100",raw,Finance,24h,pooled,ece,0.08345454545454545,0.05318104330037499,0.030273502154170455,1375.0,2933.0,8.0
trades_ge_100,"price in [0.05, 0.95], trades >= 100",venn_abers,Finance,24h,pooled,ece,0.08170142060503598,0.05216320429653621,0.029538216308499766,1375.0,2933.0,8.0
trades_ge_100,"price in [0.05, 0.95], trades >= 100",binning10,Weather,24h,pooled,ece,0.03446399605435821,0.02554215779908763,0.00892183825527058,6597.0,12173.0,6.0
trades_ge_100,"price in [0.05, 0.95], trades >= 100",platt,Weather,24h,pooled,ece,0.034978068421906094,0.03039071059821246,0.004587357823693634,6597.0,12173.0,6.0
trades_ge_100,"price in [0.05, 0.95], trades >= 100",raw,Weather,24h,pooled,ece,0.0337623162043353,0.03187135463731206,0.0018909615670232374,6597.0,12173.0,6.0
trades_ge_100,"price in [0.05, 0.95], trades >= 100",venn_abers,Weather,24h,pooled,ece,0.03539976481508862,0.025429678523600386,0.009970086291488236,6597.0,12173.0,6.0
trades_ge_100,"price in [0.05, 0.95], trades >= 100",binning10,Entertainment,24h,pooled,ece,0.05731299559934838,0.040999989461418425,0.016313006137929957,779.0,1877.0,3.0
trades_ge_100,"price in [0.05, 0.95], trades >= 100",platt,Entertainment,24h,pooled,ece,0.05738425446745622,0.049148599930575486,0.008235654536880736,779.0,1877.0,3.0
trades_ge_100,"price in [0.05, 0.95], trades >= 100",raw,Entertainment,24h,pooled,ece,0.061617458279845945,0.050234416622269545,0.0113830416575764,779.0,1877.0,3.0
trades_ge_100,"price in [0.05, 0.95], trades >= 100",venn_abers,Entertainment,24h,pooled,ece,0.05472375700379917,0.046030057301543144,0.008693699702256023,779.0,1877.0,3.0
trades_ge_100,"price in [0.05, 0.95], trades >= 100",binning10,ALL,24h,pooled,ece,0.030970000354963632,0.022761986482483704,0.008208013872479929,15423.0,27829.0,8.0
trades_ge_100,"price in [0.05, 0.95], trades >= 100",platt,ALL,24h,pooled,ece,0.024761327255949376,0.018792860412385752,0.005968466843563624,15423.0,27829.0,8.0
trades_ge_100,"price in [0.05, 0.95], trades >= 100",raw,ALL,24h,pooled,ece,0.027759190818906827,0.020060728017535605,0.0076984628013712225,15423.0,27829.0,8.0
trades_ge_100,"price in [0.05, 0.95], trades >= 100",venn_abers,ALL,24h,pooled,ece,0.027769761725213216,0.02075490970889185,0.007014852016321366,15423.0,27829.0,8.0
trades_ge_100,"price in [0.05, 0.95], trades >= 100",binning10,Sports,24h,per_domain,log_loss,0.601953486811877,0.5823686799300497,0.019584806881827288,5358.0,8056.0,2.0
trades_ge_100,"price in [0.05, 0.95], trades >= 100",platt,Sports,24h,per_domain,log_loss,0.59322161902442,0.5728338400979759,0.020387778926444167,5358.0,8056.0,2.0
trades_ge_100,"price in [0.05, 0.95], trades >= 100",raw,Sports,24h,per_domain,log_loss,0.589914064453962,0.5692322667403864,0.02068179771357559,5358.0,8056.0,2.0
trades_ge_100,"price in [0.05, 0.95], trades >= 100",venn_abers,Sports,24h,per_domain,log_loss,0.5926567253447951,0.5721407300962914,0.02051599524850367,5358.0,8056.0,2.0
trades_ge_100,"price in [0.05, 0.95], trades >= 100",binning10,Crypto,24h,per_domain,log_loss,0.7594429152590023,0.623023297642623,0.13641961761637933,287.0,1255.0,3.0
trades_ge_100,"price in [0.05, 0.95], trades >= 100",platt,Crypto,24h,per_domain,log_loss,0.73455462579806,0.6116720273092692,0.1228825984887908,287.0,1255.0,3.0
trades_ge_100,"price in [0.05, 0.95], trades >= 100",raw,Crypto,24h,per_domain,log_loss,0.7431084319597663,0.6105075646404443,0.13260086731932197,287.0,1255.0,3.0
trades_ge_100,"price in [0.05, 0.95], trades >= 100",venn_abers,Crypto,24h,per_domain,log_loss,0.7363254348470263,0.6152127313001804,0.12111270354684589,287.0,1255.0,3.0
trades_ge_100,"price in [0.05, 0.95], trades >= 100",binning10,Politics,24h,per_domain,log_loss,0.6598951611463948,0.5345568981773706,0.12533826296902417,478.0,850.0,2.0
trades_ge_100,"price in [0.05, 0.95], trades >= 100",platt,Politics,24h,per_domain,log_loss,0.6219447473880478,0.519188727954222,0.10275601943382584,478.0,850.0,2.0
trades_ge_100,"price in [0.05, 0.95], trades >= 100",raw,Politics,24h,per_domain,log_loss,0.6150075847246299,0.5149192015814857,0.10008838314314417,478.0,850.0,2.0
trades_ge_100,"price in [0.05, 0.95], trades >= 100",venn_abers,Politics,24h,per_domain,log_loss,0.6262812505568732,0.5266544484725448,0.09962680208432839,478.0,850.0,2.0
trades_ge_100,"price in [0.05, 0.95], trades >= 100",binning10,Finance,24h,per_domain,log_loss,0.5378859219665073,0.4675022403361811,0.07038368163032621,1375.0,2933.0,8.0
trades_ge_100,"price in [0.05, 0.95], trades >= 100",platt,Finance,24h,per_domain,log_loss,0.5277303128452083,0.4589131817530863,0.06881713109212201,1375.0,2933.0,8.0
trades_ge_100,"price in [0.05, 0.95], trades >= 100",raw,Finance,24h,per_domain,log_loss,0.5284268698779881,0.457336512256571,0.07109035762141713,1375.0,2933.0,8.0
trades_ge_100,"price in [0.05, 0.95], trades >= 100",venn_abers,Finance,24h,per_domain,log_loss,0.5311616101157102,0.4600649928232646,0.0710966172924456,1375.0,2933.0,8.0
trades_ge_100,"price in [0.05, 0.95], trades >= 100",binning10,Weather,24h,per_domain,log_loss,0.562829880204891,0.49161171021300515,0.07121816999188585,6601.0,12173.0,8.0
trades_ge_100,"price in [0.05, 0.95], trades >= 100",platt,Weather,24h,per_domain,log_loss,0.5596720989866913,0.4875437554524237,0.07212834353426767,6601.0,12173.0,8.0
trades_ge_100,"price in [0.05, 0.95], trades >= 100",raw,Weather,24h,per_domain,log_loss,0.5622852885793143,0.4884541542617515,0.07383113431756277,6601.0,12173.0,8.0
trades_ge_100,"price in [0.05, 0.95], trades >= 100",venn_abers,Weather,24h,per_domain,log_loss,0.5602754602850666,0.48955848088871823,0.07071697939634836,6601.0,12173.0,8.0
trades_ge_100,"price in [0.05, 0.95], trades >= 100",binning10,Entertainment,24h,per_domain,log_loss,0.5444857203305233,0.49086220523519897,0.05362351509532437,779.0,1830.0,3.0
trades_ge_100,"price in [0.05, 0.95], trades >= 100",platt,Entertainment,24h,per_domain,log_loss,0.5236035156936815,0.47109876737901857,0.0525047483146629,779.0,1830.0,3.0
trades_ge_100,"price in [0.05, 0.95], trades >= 100",raw,Entertainment,24h,per_domain,log_loss,0.5262461521854432,0.4698652904929169,0.05638086169252632,779.0,1830.0,3.0
trades_ge_100,"price in [0.05, 0.95], trades >= 100",venn_abers,Entertainment,24h,per_domain,log_loss,0.5307695766541791,0.4757817130103612,0.054987863643817914,779.0,1830.0,3.0
trades_ge_100,"price in [0.05, 0.95], trades >= 100",binning10,ALL,24h,per_domain,log_loss,0.5805648839977993,0.5233671971959288,0.05719768680187043,14878.0,27097.0,8.0
trades_ge_100,"price in [0.05, 0.95], trades >= 100",platt,ALL,24h,per_domain,log_loss,0.572287945011901,0.5154327589907103,0.05685518602119066,14878.0,27097.0,8.0
trades_ge_100,"price in [0.05, 0.95], trades >= 100",raw,ALL,24h,per_domain,log_loss,0.5724010748327667,0.5143291636604582,0.05807191117230848,14878.0,27097.0,8.0
trades_ge_100,"price in [0.05, 0.95], trades >= 100",venn_abers,ALL,24h,per_domain,log_loss,0.5732180131354433,0.5169709018436386,0.05624711129180471,14878.0,27097.0,8.0
trades_ge_100,"price in [0.05, 0.95], trades >= 100",binning10,Sports,24h,pooled,log_loss,0.5888831058134988,0.5686371742496794,0.020245931563819375,5709.0,8470.0,3.0
trades_ge_100,"price in [0.05, 0.95], trades >= 100",platt,Sports,24h,pooled,log_loss,0.5818459665364846,0.5620595854753959,0.019786381061088654,5709.0,8470.0,3.0
trades_ge_100,"price in [0.05, 0.95], trades >= 100",raw,Sports,24h,pooled,log_loss,0.5817461348825465,0.5624502372662838,0.019295897616262603,5709.0,8470.0,3.0
trades_ge_100,"price in [0.05, 0.95], trades >= 100",venn_abers,Sports,24h,pooled,log_loss,0.5837298679577333,0.5632183309740798,0.02051153698365349,5709.0,8470.0,3.0
trades_ge_100,"price in [0.05, 0.95], trades >= 100",binning10,Crypto,24h,pooled,log_loss,0.7250339106020623,0.6235736064105264,0.10146030419153595,287.0,1255.0,3.0
trades_ge_100,"price in [0.05, 0.95], trades >= 100",platt,Crypto,24h,pooled,log_loss,0.723875065553766,0.613587707223221,0.11028735833054504,287.0,1255.0,3.0
trades_ge_100,"price in [0.05, 0.95], trades >= 100",raw,Crypto,24h,pooled,log_loss,0.7431084319597663,0.6105075646404443,0.13260086731932197,287.0,1255.0,3.0
trades_ge_100,"price in [0.05, 0.95], trades >= 100",venn_abers,Crypto,24h,pooled,log_loss,0.7324877654455532,0.614432712166269,0.11805505327928412,287.0,1255.0,3.0
trades_ge_100,"price in [0.05, 0.95], trades >= 100",binning10,Politics,24h,pooled,log_loss,0.6029002722068902,0.522428787890319,0.08047148431657125,657.0,1111.0,5.0
trades_ge_100,"price in [0.05, 0.95], trades >= 100",platt,Politics,24h,pooled,log_loss,0.586887103081928,0.5084282661838295,0.07845883689809852,657.0,1111.0,5.0
trades_ge_100,"price in [0.05, 0.95], trades >= 100",raw,Politics,24h,pooled,log_loss,0.5919993966818425,0.5085516261206264,0.0834477705612161,657.0,1111.0,5.0
trades_ge_100,"price in [0.05, 0.95], trades >= 100",venn_abers,Politics,24h,pooled,log_loss,0.5940510487391172,0.5103201093760138,0.08373093936310338,657.0,1111.0,5.0
trades_ge_100,"price in [0.05, 0.95], trades >= 100",binning10,Finance,24h,pooled,log_loss,0.5360703272162358,0.468339245099524,0.0677310821167118,1375.0,2933.0,8.0
trades_ge_100,"price in [0.05, 0.95], trades >= 100",platt,Finance,24h,pooled,log_loss,0.527146728525268,0.45833946148218746,0.06880726704308054,1375.0,2933.0,8.0
trades_ge_100,"price in [0.05, 0.95], trades >= 100",raw,Finance,24h,pooled,log_loss,0.5284268698779881,0.457336512256571,0.07109035762141713,1375.0,2933.0,8.0
trades_ge_100,"price in [0.05, 0.95], trades >= 100",venn_abers,Finance,24h,pooled,log_loss,0.5274770028361279,0.46009517291303037,0.06738182992309749,1375.0,2933.0,8.0
trades_ge_100,"price in [0.05, 0.95], trades >= 100",binning10,Weather,24h,pooled,log_loss,0.561002617098081,0.4927159071763091,0.06828670992177188,6601.0,12173.0,8.0
trades_ge_100,"price in [0.05, 0.95], trades >= 100",platt,Weather,24h,pooled,log_loss,0.5601100353326265,0.48803734883343125,0.07207268649919524,6601.0,12173.0,8.0
trades_ge_100,"price in [0.05, 0.95], trades >= 100",raw,Weather,24h,pooled,log_loss,0.5622852885793143,0.4884541542617515,0.07383113431756277,6601.0,12173.0,8.0
trades_ge_100,"price in [0.05, 0.95], trades >= 100",venn_abers,Weather,24h,pooled,log_loss,0.5611757406191992,0.48953221049262796,0.07164353012657121,6601.0,12173.0,8.0
trades_ge_100,"price in [0.05, 0.95], trades >= 100",binning10,Entertainment,24h,pooled,log_loss,0.5352413407504414,0.47498888162105146,0.060252459129389924,794.0,1887.0,5.0
trades_ge_100,"price in [0.05, 0.95], trades >= 100",platt,Entertainment,24h,pooled,log_loss,0.5232428437470186,0.46492746330971424,0.05831538043730433,794.0,1887.0,5.0
trades_ge_100,"price in [0.05, 0.95], trades >= 100",raw,Entertainment,24h,pooled,log_loss,0.5244585128777226,0.4649512335242891,0.05950727935343353,794.0,1887.0,5.0
trades_ge_100,"price in [0.05, 0.95], trades >= 100",venn_abers,Entertainment,24h,pooled,log_loss,0.5230796944057959,0.467034430171189,0.05604526423460693,794.0,1887.0,5.0
trades_ge_100,"price in [0.05, 0.95], trades >= 100",binning10,ALL,24h,pooled,log_loss,0.5726110654356864,0.5191395267109555,0.05347153872473087,15423.0,27829.0,8.0
trades_ge_100,"price in [0.05, 0.95], trades >= 100",platt,ALL,24h,pooled,log_loss,0.5675071974572776,0.5123456637469554,0.055161533710322175,15423.0,27829.0,8.0
trades_ge_100,"price in [0.05, 0.95], trades >= 100",raw,ALL,24h,pooled,log_loss,0.56915364085172,0.5124088090778093,0.056744831773910764,15423.0,27829.0,8.0
trades_ge_100,"price in [0.05, 0.95], trades >= 100",venn_abers,ALL,24h,pooled,log_loss,0.5691471545069303,0.5137937643770738,0.05535339012985652,15423.0,27829.0,8.0
