kind,test_quarter,tau,domain,bin,lo,hi,n,successes,freq,ci_lo,ci_hi,method,mean_p,mean_y
binning_cal,2022Q2,24h,Weather,0,0.05,0.13900000000000007,101,10.0,0.09900990099009901,0.04850875612040665,0.17455282607711903,,,
binning_cal,2022Q2,24h,Weather,1,0.13900000000000007,0.21,81,21.0,0.25925925925925924,0.16819753663753437,0.3686029741483376,,,
binning_cal,2022Q2,24h,Weather,2,0.21,0.3,111,33.0,0.2972972972972973,0.21427478220768265,0.3914605208168578,,,
binning_cal,2022Q2,24h,Weather,3,0.3,0.39,102,37.0,0.3627450980392157,0.2698242993725785,0.46386159199165594,,,
binning_cal,2022Q2,24h,Weather,4,0.39,0.47,104,62.0,0.5961538461538461,0.49543231082908396,0.6912527833117448,,,
binning_cal,2022Q2,24h,Weather,5,0.47,0.56,99,55.0,0.5555555555555556,0.4522414206642466,0.6554569983409868,,,
binning_cal,2022Q2,24h,Weather,6,0.56,0.66,107,67.0,0.6261682242990654,0.5273528763316065,0.7178100021132778,,,
binning_cal,2022Q2,24h,Weather,7,0.66,0.75,96,74.0,0.7708333333333334,0.6738506162285336,0.8504660275246896,,,
binning_cal,2022Q2,24h,Weather,8,0.75,0.83,101,79.0,0.7821782178217822,0.6889966746324689,0.8581735598770538,,,
binning_cal,2022Q2,24h,Weather,9,0.83,0.95,108,103.0,0.9537037037037037,0.8952619054516794,0.9847990766945507,,,
binning_cal,2022Q3,24h,Finance,0,0.05,0.07,31,2.0,0.06451612903225806,0.007910983461854705,0.21421615716340225,,,
binning_cal,2022Q3,24h,Finance,1,0.07,0.09,24,1.0,0.041666666666666664,0.0010543524454697472,0.2112016834569731,,,
binning_cal,2022Q3,24h,Finance,2,0.09,0.12,36,4.0,0.1111111111111111,0.031116139945015234,0.2606109205108292,,,
binning_cal,2022Q3,24h,Finance,3,0.12,0.16,31,3.0,0.0967741935483871,0.0204198626877921,0.2575390646277355,,,
binning_cal,2022Q3,24h,Finance,4,0.16,0.2,27,6.0,0.2222222222222222,0.08621693994756671,0.42258306004437896,,,
binning_cal,2022Q3,24h,Finance,5,0.2,0.26,37,4.0,0.10810810810810811,0.030251965068749623,0.25417593607747896,,,
binning_cal,2022Q3,24h,Finance,6,0.26,0.4020000000000002,36,9.0,0.25,0.1212032941238352,0.422029584578144,,,
binning_cal,2022Q3,24h,Finance,7,0.4020000000000002,0.65,29,14.0,0.4827586206896552,0.294485582951841,0.6746850036385436,,,
binning_cal,2022Q3,24h,Finance,8,0.65,0.84,31,19.0,0.6129032258064516,0.4218695891340412,0.7815004015014309,,,
binning_cal,2022Q3,24h,Finance,9,0.84,0.95,35,32.0,0.9142857142857143,0.7694249813411228,0.9819623601857825,,,
binning_cal,2022Q3,24h,Weather,0,0.05,0.11,152,4.0,0.02631578947368421,0.007215714600666021,0.06600619506006432,,,
binning_cal,2022Q3,24h,Weather,1,0.11,0.17,173,32.0,0.18497109826589594,0.13009442801419385,0.2509704254695268,,,
binning_cal,2022Q3,24h,Weather,2,0.17,0.24,173,43.0,0.24855491329479767,0.18609349357804322,0.31984182941866085,,,
binning_cal,2022Q3,24h,Weather,3,0.24,0.31,172,56.0,0.32558139534883723,0.25621470534112,0.4010809444748793,,,
binning_cal,2022Q3,24h,Weather,4,0.31,0.38,183,63.0,0.3442622950819672,0.27573088925477335,0.4179320354531584,,,
binning_cal,2022Q3,24h,Weather,5,0.38,0.45800000000000185,181,89.0,0.49171270718232046,0.4167853683661405,0.5669158896933459,,,
binning_cal,2022Q3,24h,Weather,6,0.45800000000000185,0.56,159,84.0,0.5283018867924528,0.4476703945726767,0.6078588647832932,,,
binning_cal,2022Q3,24h,Weather,7,0.56,0.68,171,113.0,0.6608187134502924,0.5846114599029271,0.7313405646483173,,,
binning_cal,2022Q3,24h,Weather,8,0.68,0.8,183,128.0,0.6994535519125683,0.627432680280315,0.7648824872635205,,,
binning_cal,2022Q3,24h,Weather,9,0.8,0.95,177,164.0,0.9265536723163842,0.8776792183271517,0.9603151705003453,,,
binning_cal,2022Q4,24h,Finance,0,0.05,0.06,46,1.0,0.021739130434782608,0.0005502356948807102,0.11527182559799,,,
binning_cal,2022Q4,24h,Finance,1,0.06,0.08,74,5.0,0.06756756756756757,0.022301512329235232,0.15067872854307848,,,
binning_cal,2022Q4,24h,Finance,2,0.08,0.1,67,8.0,0.11940298507462686,0.05298480594316101,0.22178513843994277,,,
binning_cal,2022Q4,24h,Finance,3,0.1,0.13,85,10.0,0.11764705882352941,0.05788185492785866,0.20573311904234298,,,
binning_cal,2022Q4,24h,Finance,4,0.13,0.17,84,13.0,0.15476190476190477,0.08505934650281942,0.25009768087184137,,,
binning_cal,2022Q4,24h,Finance,5,0.17,0.2,57,11.0,0.19298245614035087,0.10047222859773226,0.3191097862685582,,,
binning_cal,2022Q4,24h,Finance,6,0.2,0.26,85,15.0,0.17647058823529413,0.10227011214254747,0.2743049016981395,,,
binning_cal,2022Q4,24h,Finance,7,0.26,0.38,74,21.0,0.28378378378378377,0.18501107492794885,0.400520363308156,,,
binning_cal,2022Q4,24h,Finance,8,0.38,0.73,71,34.0,0.4788732394366197,0.3587791864655684,0.6007848322388705,,,
binning_cal,2022Q4,24h,Finance,9,0.73,0.95,75,57.0,0.76,0.647476043844978,0.8511307824851023,,,
binning_cal,2022Q4,24h,Weather,0,0.05,0.1,187,4.0,0.0213903743315508,0.0058581885166619045,0.053859610665378234,,,
binning_cal,2022Q4,24h,Weather,1,0.1,0.15,230,34.0,0.14782608695652175,0.10459672811027812,0.2003997863085121,,,
binning_cal,2022Q4,24h,Weather,2,0.15,0.21,243,48.0,0.19753086419753085,0.14938284752533343,0.2532216659361233,,,
binning_cal,2022Q4,24h,Weather,3,0.21,0.27,238,71.0,0.29831932773109243,0.24093410217913314,0.360808612546415,,,
binning_cal,2022Q4,24h,Weather,4,0.27,0.33,218,60.0,0.27522935779816515,0.2170746056665919,0.33960988172872764,,,
binning_cal,2022Q4,24h,Weather,5,0.33,0.39,228,73.0,0.3201754385964912,0.26012176541025017,0.3849787818652841,,,
binning_cal,2022Q4,24h,Weather,6,0.39,0.46,251,124.0,0.4940239043824701,0.43057189756038877,0.557618682087034,,,
binning_cal,2022Q4,24h,Weather,7,0.46,0.57,221,113.0,0.5113122171945701,0.4433811674722195,0.5789357769409037,,,
binning_cal,2022Q4,24h,Weather,8,0.57,0.74,238,167.0,0.7016806722689075,0.639191387453585,0.7590658978208669,,,
binning_cal,2022Q4,24h,Weather,9,0.74,0.95,232,196.0,0.8448275862068966,0.7917047617854323,0.8888913710478203,,,
binning_cal,2023Q1,24h,Finance,0,0.05,0.06,69,4.0,0.057971014492753624,0.01601915853309327,0.14182890779228532,,,
binning_cal,2023Q1,24h,Finance,1,0.06,0.08,118,8.0,0.06779661016949153,0.029722179066212447,0.12921925152072575,,,
binning_cal,2023Q1,24h,Finance,2,0.08,0.1,101,11.0,0.10891089108910891,0.05563722383530296,0.18652009521092638,,,
binning_cal,2023Q1,24h,Finance,3,0.1,0.13,145,17.0,0.11724137931034483,0.06980159186072105,0.1810689705980985,,,
binning_cal,2023Q1,24h,Finance,4,0.13,0.16,106,17.0,0.16037735849056603,0.09629180909052286,0.24431648430587954,,,
binning_cal,2023Q1,24h,Finance,5,0.16,0.19,87,14.0,0.16091954022988506,0.0908639984987516,0.25523271499193323,,,
binning_cal,2023Q1,24h,Finance,6,0.19,0.24,123,23.0,0.18699186991869918,0.12238545612675876,0.2672490362116282,,,
binning_cal,2023Q1,24h,Finance,7,0.24,0.34,112,26.0,0.23214285714285715,0.1575921766720092,0.3213537250729895,,,
binning_cal,2023Q1,24h,Finance,8,0.34,0.645,116,46.0,0.39655172413793105,0.3069355450221987,0.4915830722689794,,,
binning_cal,2023Q1,24h,Finance,9,0.645,0.95,109,82.0,0.7522935779816514,0.6604314921891916,0.8299801477432028,,,
binning_cal,2023Q1,24h,Weather,0,0.05,0.09,235,11.0,0.04680851063829787,0.023595078824525505,0.08220838941827835,,,
binning_cal,2023Q1,24h,Weather,1,0.09,0.13,246,29.0,0.11788617886178862,0.08038881390516454,0.16490025367324532,,,
binning_cal,2023Q1,24h,Weather,2,0.13,0.18,262,51.0,0.1946564885496183,0.14850447194212202,0.24786293281410765,,,
binning_cal,2023Q1,24h,Weather,3,0.18,0.24,265,56.0,0.21132075471698114,0.16375768691125486,0.26546700151512437,,,
binning_cal,2023Q1,24h,Weather,4,0.24,0.3,262,63.0,0.24045801526717558,0.19000183377305987,0.29688950706992484,,,
binning_cal,2023Q1,24h,Weather,5,0.3,0.35,236,78.0,0.3305084745762712,0.2708473381271803,0.3944907888671924,,,
binning_cal,2023Q1,24h,Weather,6,0.35,0.41,290,101.0,0.3482758620689655,0.2935200432901609,0.4061684620672958,,,
binning_cal,2023Q1,24h,Weather,7,0.41,0.47,235,114.0,0.4851063829787234,0.4196242025333341,0.5509689575776956,,,
binning_cal,2023Q1,24h,Weather,8,0.47,0.64,281,144.0,0.5124555160142349,0.45236995579785,0.5722756861896702,,,
binning_cal,2023Q1,24h,Weather,9,0.64,0.95,264,211.0,0.7992424242424242,0.7457767916209159,0.845851654507542,,,
binning_cal,2023Q2,24h,Finance,0,0.05,0.06,87,5.0,0.05747126436781609,0.018921890168969304,0.12904245628792563,,,
binning_cal,2023Q2,24h,Finance,1,0.06,0.08,151,10.0,0.06622516556291391,0.03221184842491523,0.118417104211501,,,
binning_cal,2023Q2,24h,Finance,2,0.08,0.1,135,18.0,0.13333333333333333,0.08097556996590252,0.2025168846655635,,,
binning_cal,2023Q2,24h,Finance,3,0.1,0.1280000000000007,192,27.0,0.140625,0.09476214192835028,0.19796969659452865,,,
binning_cal,2023Q2,24h,Finance,4,0.1280000000000007,0.15,100,17.0,0.17,0.10226491003552825,0.25817541063215865,,,
binning_cal,2023Q2,24h,Finance,5,0.15,0.19,171,24.0,0.14035087719298245,0.09204110561639106,0.20159741818407942,,,
binning_cal,2023Q2,24h,Finance,6,0.19,0.23,150,24.0,0.16,0.10528667783956379,0.22864918353310765,,,
binning_cal,2023Q2,24h,Finance,7,0.23,0.32,137,38.0,0.2773722627737226,0.20434772307335305,0.36028617659575113,,,
binning_cal,2023Q2,24h,Finance,8,0.32,0.57,145,51.0,0.35172413793103446,0.2743318306885818,0.4353120272011981,,,
binning_cal,2023Q2,24h,Finance,9,0.57,0.95,145,108.0,0.7448275862068966,0.6658386396784106,0.8135360844546443,,,
binning_cal,2023Q2,24h,Weather,0,0.05,0.08,232,11.0,0.04741379310344827,0.02390323794799427,0.08325121883050911,,,
binning_cal,2023Q2,24h,Weather,1,0.08,0.12,289,24.0,0.08304498269896193,0.05393253373642922,0.1210446203216674,,,
binning_cal,2023Q2,24h,Weather,2,0.12,0.16,260,34.0,0.13076923076923078,0.09228944800343739,0.1779171090290837,,,
binning_cal,2023Q2,24h,Weather,3,0.16,0.22,301,57.0,0.1893687707641196,0.14669674796350804,0.23827501872614654,,,
binning_cal,2023Q2,24h,Weather,4,0.22,0.28,296,74.0,0.25,0.20170439611772786,0.30337716905120526,,,
binning_cal,2023Q2,24h,Weather,5,0.28,0.33,258,70.0,0.2713178294573643,0.2180329072855005,0.32994130838373237,,,
binning_cal,2023Q2,24h,Weather,6,0.33,0.3720000000000027,308,106.0,0.34415584415584416,0.291201420196782,0.40014167446302235,,,
binning_cal,2023Q2,24h,Weather,7,0.3720000000000027,0.43,267,99.0,0.3707865168539326,0.31270095344423043,0.43177545596116884,,,
binning_cal,2023Q2,24h,Weather,8,0.43,0.52,278,130.0,0.4676258992805755,0.40779664331632676,0.5281525428929951,,,
binning_cal,2023Q2,24h,Weather,9,0.52,0.94,288,180.0,0.625,0.5662944948340654,0.6811046162033273,,,
binning_cal,2023Q3,24h,Finance,0,0.05,0.06,89,7.0,0.07865168539325842,0.032207063304351156,0.1553594591233389,,,
binning_cal,2023Q3,24h,Finance,1,0.06,0.08,174,14.0,0.08045977011494253,0.04468591570262356,0.13131330405170824,,,
binning_cal,2023Q3,24h,Finance,2,0.08,0.1,148,21.0,0.14189189189189189,0.09002917230608731,0.20868392080698397,,,
binning_cal,2023Q3,24h,Finance,3,0.1,0.13,211,29.0,0.13744075829383887,0.09401676108838948,0.19138884565016495,,,
binning_cal,2023Q3,24h,Finance,4,0.13,0.15,107,16.0,0.14953271028037382,0.08795466502268863,0.23144540528174398,,,
binning_cal,2023Q3,24h,Finance,5,0.15,0.19,184,26.0,0.14130434782608695,0.0944267963004626,0.20015042596687138,,,
binning_cal,2023Q3,24h,Finance,6,0.19,0.23,161,27.0,0.16770186335403728,0.1135207697835242,0.23453781915186683,,,
binning_cal,2023Q3,24h,Finance,7,0.23,0.32,176,46.0,0.26136363636363635,0.19814293747913048,0.33280790592595316,,,
binning_cal,2023Q3,24h,Finance,8,0.32,0.55,156,57.0,0.36538461538461536,0.2898432224778778,0.44614586543277884,,,
binning_cal,2023Q3,24h,Finance,9,0.55,0.95,158,119.0,0.7531645569620253,0.6783720770702255,0.818210419613223,,,
binning_cal,2023Q3,24h,Weather,0,0.05,0.08,253,14.0,0.05533596837944664,0.030579394752483745,0.0911022114387812,,,
binning_cal,2023Q3,24h,Weather,1,0.08,0.12,323,27.0,0.08359133126934984,0.05580916909453387,0.11929088284686788,,,
binning_cal,2023Q3,24h,Weather,2,0.12,0.16,293,40.0,0.13651877133105803,0.09935414069109905,0.1812290341915241,,,
binning_cal,2023Q3,24h,Weather,3,0.16,0.21,290,50.0,0.1724137931034483,0.13076004551215686,0.2209075573202436,,,
binning_cal,2023Q3,24h,Weather,4,0.21,0.26,281,67.0,0.23843416370106763,0.18982520985132956,0.2926520719743616,,,
binning_cal,2023Q3,24h,Weather,5,0.26,0.31,289,72.0,0.2491349480968858,0.20034027752893893,0.3031545167938814,,,
binning_cal,2023Q3,24h,Weather,6,0.31,0.35,275,81.0,0.29454545454545455,0.24132684574058108,0.35225471923790624,,,
binning_cal,2023Q3,24h,Weather,7,0.35,0.4,336,116.0,0.34523809523809523,0.29447622736006207,0.3987560549942349,,,
binning_cal,2023Q3,24h,Weather,8,0.4,0.46900000000000086,316,142.0,0.44936708860759494,0.39364172986767965,0.5060504609438687,,,
binning_cal,2023Q3,24h,Weather,9,0.46900000000000086,0.94,296,161.0,0.543918918918919,0.4852925422444123,0.6016574392156047,,,
binning_cal,2023Q4,24h,Finance,0,0.05,0.06,94,7.0,0.07446808510638298,0.03046351294118753,0.14742976413280162,,,
binning_cal,2023Q4,24h,Finance,1,0.06,0.09,231,20.0,0.08658008658008658,0.05368821212030152,0.13054850586280783,,,
binning_cal,2023Q4,24h,Finance,2,0.09,0.11,154,23.0,0.14935064935064934,0.09709247614920305,0.21562493393266466,,,
binning_cal,2023Q4,24h,Finance,3,0.11,0.13,139,21.0,0.1510791366906475,0.09601925130655128,0.22162290506434265,,,
binning_cal,2023Q4,24h,Finance,4,0.13,0.165,207,33.0,0.15942028985507245,0.1123500053303458,0.21653649148936802,,,
binning_cal,2023Q4,24h,Finance,5,0.165,0.2,142,20.0,0.14084507042253522,0.08820367684507578,0.20911073500860441,,,
binning_cal,2023Q4,24h,Finance,6,0.2,0.25,183,41.0,0.22404371584699453,0.16583205357216238,0.29141986072206044,,,
binning_cal,2023Q4,24h,Finance,7,0.25,0.33,166,45.0,0.2710843373493976,0.2051081140276625,0.34542785878491883,,,
binning_cal,2023Q4,24h,Finance,8,0.33,0.64,168,80.0,0.47619047619047616,0.3987119229005613,0.5545238384161727,,,
binning_cal,2023Q4,24h,Finance,9,0.64,0.95,166,143.0,0.8614457831325302,0.7993871269005522,0.9100974999251689,,,
binning_cal,2023Q4,24h,Weather,0,0.05,0.08,243,16.0,0.06584362139917696,0.0381005391124452,0.10472532209845205,,,
binning_cal,2023Q4,24h,Weather,1,0.08,0.12,326,26.0,0.07975460122699386,0.052758230397897815,0.11467600594748024,,,
binning_cal,2023Q4,24h,Weather,2,0.12,0.17,347,51.0,0.14697406340057637,0.11143015160093224,0.18867618511412518,,,
binning_cal,2023Q4,24h,Weather,3,0.17,0.22,319,52.0,0.16300940438871472,0.12420357617573417,0.20820729530399695,,,
binning_cal,2023Q4,24h,Weather,4,0.22,0.27,301,73.0,0.2425249169435216,0.19518994492905786,0.29500727030783847,,,
binning_cal,2023Q4,24h,Weather,5,0.27,0.31,292,71.0,0.24315068493150685,0.1950636918284051,0.29653319703213116,,,
binning_cal,2023Q4,24h,Weather,6,0.31,0.35,309,99.0,0.32038834951456313,0.26868677641154565,0.3755745382304585,,,
binning_cal,2023Q4,24h,Weather,7,0.35,0.39,305,110.0,0.36065573770491804,0.30671333362496755,0.4173345437165915,,,
binning_cal,2023Q4,24h,Weather,8,0.39,0.47,380,163.0,0.42894736842105263,0.3785939063595952,0.48041632067161305,,,
binning_cal,2023Q4,24h,Weather,9,0.47,0.95,319,173.0,0.542319749216301,0.48590454144370465,0.5979419073231793,,,
binning_cal,2024Q1,24h,Finance,0,0.05,0.06,84,5.0,0.05952380952380952,0.01960757823215596,0.13346573291396713,,,
binning_cal,2024Q1,24h,Finance,1,0.06,0.09,200,19.0,0.095,0.05816960972512025,0.14437663997685252,,,
binning_cal,2024Q1,24h,Finance,2,0.09,0.11,149,23.0,0.15436241610738255,0.1004397640784818,0.2225626806135007,,,
binning_cal,2024Q1,24h,Finance,3,0.11,0.14,180,29.0,0.16111111111111112,0.1106321106083521,0.22311706313113644,,,
binning_cal,2024Q1,24h,Finance,4,0.14,0.17,138,20.0,0.14492753623188406,0.09082897389075557,0.21491836417848978,,,
binning_cal,2024Q1,24h,Finance,5,0.17,0.21,190,32.0,0.16842105263157894,0.11814343232567454,0.22936004465336648,,,
binning_cal,2024Q1,24h,Finance,6,0.21,0.25200000000000045,170,43.0,0.2529411764705882,0.1895008740163315,0.32520610481148104,,,
binning_cal,2024Q1,24h,Finance,7,0.25200000000000045,0.36,152,45.0,0.29605263157894735,0.22483636597676335,0.37541109631186087,,,
binning_cal,2024Q1,24h,Finance,8,0.36,0.7,162,95.0,0.5864197530864198,0.5064959755725025,0.6631220670792776,,,
binning_cal,2024Q1,24h,Finance,9,0.7,0.95,162,139.0,0.8580246913580247,0.7946203789580344,0.9078222546009603,,,
binning_cal,2024Q1,24h,Weather,0,0.05,0.09,293,24.0,0.08191126279863481,0.0531861938121999,0.1194262966703778,,,
binning_cal,2024Q1,24h,Weather,1,0.09,0.14,372,38.0,0.10215053763440861,0.07330689267980357,0.13750821816800948,,,
binning_cal,2024Q1,24h,Weather,2,0.14,0.18,293,40.0,0.13651877133105803,0.09935414069109905,0.1812290341915241,,,
binning_cal,2024Q1,24h,Weather,3,0.18,0.23,385,79.0,0.2051948051948052,0.1659572308850118,0.24903317427605676,,,
binning_cal,2024Q1,24h,Weather,4,0.23,0.27,296,73.0,0.24662162162162163,0.19858300000504345,0.29981145285105315,,,
binning_cal,2024Q1,24h,Weather,5,0.27,0.32,385,91.0,0.23636363636363636,0.19479597882021385,0.2820376740494609,,,
binning_cal,2024Q1,24h,Weather,6,0.32,0.36,367,123.0,0.335149863760218,0.2869950076744449,0.38598995620493287,,,
binning_cal,2024Q1,24h,Weather,7,0.36,0.4,311,114.0,0.3665594855305466,0.3128963581813957,0.4227915005145081,,,
binning_cal,2024Q1,24h,Weather,8,0.4,0.48,375,171.0,0.456,0.40477885910195,0.5079211006013896,,,
binning_cal,2024Q1,24h,Weather,9,0.48,0.95,347,183.0,0.5273775216138329,0.4733662700343646,0.5809176784826543,,,
binning_cal,2024Q2,24h,Finance,0,0.05,0.07,157,13.0,0.08280254777070063,0.044826037194323654,0.1374325922600066,,,
binning_cal,2024Q2,24h,Finance,1,0.07,0.09,129,13.0,0.10077519379844961,0.05475866264208867,0.16616275122169366,,,
binning_cal,2024Q2,24h,Finance,2,0.09,0.11,154,20.0,0.12987012987012986,0.08116628783198608,0.19342644996192487,,,
binning_cal,2024Q2,24h,Finance,3,0.11,0.14,202,31.0,0.15346534653465346,0.10671603198946002,0.21070393639375107,,,
binning_cal,2024Q2,24h,Finance,4,0.14,0.17,134,18.0,0.13432835820895522,0.08159537547343786,0.20396602054478805,,,
binning_cal,2024Q2,24h,Finance,5,0.17,0.21,173,37.0,0.2138728323699422,0.15528067192059195,0.28253624461815985,,,
binning_cal,2024Q2,24h,Finance,6,0.21,0.26,173,39.0,0.2254335260115607,0.16548495042009623,0.29503646395811295,,,
binning_cal,2024Q2,24h,Finance,7,0.26,0.38,169,50.0,0.2958579881656805,0.22823268019403684,0.37080041337489,,,
binning_cal,2024Q2,24h,Finance,8,0.38,0.72,166,106.0,0.6385542168674698,0.5604961526359755,0.7115676931361841,,,
binning_cal,2024Q2,24h,Finance,9,0.72,0.95,165,145.0,0.8787878787878788,0.8190201652684077,0.9243648346812388,,,
binning_cal,2024Q2,24h,Weather,0,0.05,0.1,360,38.0,0.10555555555555556,0.07578694866297056,0.14199750875611258,,,
binning_cal,2024Q2,24h,Weather,1,0.1,0.15,385,50.0,0.12987012987012986,0.09795051436012663,0.16761143532474074,,,
binning_cal,2024Q2,24h,Weather,2,0.15,0.19,390,69.0,0.17692307692307693,0.14034389700742855,0.2184898988815957,,,
binning_cal,2024Q2,24h,Weather,3,0.19,0.23,372,72.0,0.1935483870967742,0.1546339246876509,0.23741961799572994,,,
binning_cal,2024Q2,24h,Weather,4,0.23,0.27,360,86.0,0.2388888888888889,0.19575871604861966,0.28637235047244275,,,
binning_cal,2024Q2,24h,Weather,5,0.27,0.31,383,94.0,0.2454308093994778,0.2031392571780506,0.2917066182632014,,,
binning_cal,2024Q2,24h,Weather,6,0.31,0.36,456,148.0,0.32456140350877194,0.28175008466367646,0.36966678385099877,,,
binning_cal,2024Q2,24h,Weather,7,0.36,0.4,342,124.0,0.36257309941520466,0.31154649831562414,0.41600261854567844,,,
binning_cal,2024Q2,24h,Weather,8,0.4,0.48,420,190.0,0.4523809523809524,0.4040717537171946,0.5013655896007154,,,
binning_cal,2024Q2,24h,Weather,9,0.48,0.95,422,218.0,0.5165876777251185,0.467751776088238,0.5651894538472476,,,
binning_cal,2024Q2,24h,Entertainment,0,0.05,0.07,13,0.0,0.0,0.0,0.24705263800047092,,,
binning_cal,2024Q2,24h,Entertainment,1,0.07,0.1,14,0.0,0.0,0.0,0.23163576165011646,,,
binning_cal,2024Q2,24h,Entertainment,2,0.1,0.12,12,0.0,0.0,0.0,0.2646484693970512,,,
binning_cal,2024Q2,24h,Entertainment,3,0.12,0.22,15,1.0,0.06666666666666667,0.0016864302413527013,0.3194845665783034,,,
binning_cal,2024Q2,24h,Entertainment,4,0.22,0.31,14,4.0,0.2857142857142857,0.08388931830712752,0.5810352571836608,,,
binning_cal,2024Q2,24h,Entertainment,5,0.31,0.45400000000000035,15,4.0,0.26666666666666666,0.07787154629104358,0.5510032410369705,,,
binning_cal,2024Q2,24h,Entertainment,6,0.45400000000000035,0.6190000000000001,13,7.0,0.5384615384615384,0.25134548227030357,0.807767558198712,,,
binning_cal,2024Q2,24h,Entertainment,7,0.6190000000000001,0.77,13,10.0,0.7692307692307693,0.461868460765959,0.9496189265088485,,,
binning_cal,2024Q2,24h,Entertainment,8,0.77,0.9,11,10.0,0.9090909090909091,0.5872200830116173,0.9977010277861857,,,
binning_cal,2024Q2,24h,Entertainment,9,0.9,0.95,18,18.0,1.0,0.8146980318621477,1.0,,,
binning_cal,2024Q3,24h,Finance,0,0.05,0.06,104,6.0,0.057692307692307696,0.021463878543519253,0.12134988653168398,,,
binning_cal,2024Q3,24h,Finance,1,0.06,0.08,180,14.0,0.07777777777777778,0.04317318360171928,0.12705506096328376,,,
binning_cal,2024Q3,24h,Finance,2,0.08,0.1,179,15.0,0.08379888268156424,0.04766068579246963,0.13444640082971712,,,
binning_cal,2024Q3,24h,Finance,3,0.1,0.13,277,40.0,0.1444043321299639,0.10521058002732624,0.19140601466844323,,,
binning_cal,2024Q3,24h,Finance,4,0.13,0.15,140,18.0,0.12857142857142856,0.07801271233366505,0.19556887078368174,,,
binning_cal,2024Q3,24h,Finance,5,0.15,0.19,221,43.0,0.19457013574660634,0.14453585235594912,0.2529965155300541,,,
binning_cal,2024Q3,24h,Finance,6,0.19,0.24,171,34.0,0.19883040935672514,0.14180030573487423,0.2666038116941283,,,
binning_cal,2024Q3,24h,Finance,7,0.24,0.36,203,60.0,0.2955665024630542,0.23374292239134256,0.36347200097667215,,,
binning_cal,2024Q3,24h,Finance,8,0.36,0.6929999999999995,197,115.0,0.583756345177665,0.5115558715905615,0.6533969840887621,,,
binning_cal,2024Q3,24h,Finance,9,0.6929999999999995,0.95,186,164.0,0.8817204301075269,0.8264132060264613,0.9243705297343419,,,
binning_cal,2024Q3,24h,Weather,0,0.05,0.1,352,33.0,0.09375,0.06541391428415892,0.1291385867375834,,,
binning_cal,2024Q3,24h,Weather,1,0.1,0.15,419,51.0,0.12171837708830549,0.09198504268664927,0.15691682049078856,,,
binning_cal,2024Q3,24h,Weather,2,0.15,0.19,432,70.0,0.16203703703703703,0.1285476288525091,0.20023524102160273,,,
binning_cal,2024Q3,24h,Weather,3,0.19,0.23,445,91.0,0.20449438202247192,0.16796720802004447,0.24500272299251696,,,
binning_cal,2024Q3,24h,Weather,4,0.23,0.28,517,115.0,0.22243713733075435,0.18729461786593657,0.26078787885697996,,,
binning_cal,2024Q3,24h,Weather,5,0.28,0.31,351,93.0,0.26495726495726496,0.21951922037001043,0.31441072639188,,,
binning_cal,2024Q3,24h,Weather,6,0.31,0.36,517,184.0,0.35589941972920697,0.3145878008705809,0.39886931240346074,,,
binning_cal,2024Q3,24h,Weather,7,0.36,0.4,361,125.0,0.3462603878116344,0.2972350303079627,0.39783149065129975,,,
binning_cal,2024Q3,24h,Weather,8,0.4,0.49,484,213.0,0.44008264462809915,0.3953098176468465,0.4855917905623749,,,
binning_cal,2024Q3,24h,Weather,9,0.49,0.95,457,239.0,0.5229759299781181,0.4760668952990626,0.5695857880197646,,,
binning_cal,2024Q3,24h,Entertainment,0,0.05,0.07,16,0.0,0.0,0.0,0.2059072142078227,,,
binning_cal,2024Q3,24h,Entertainment,1,0.07,0.1,19,0.0,0.0,0.0,0.17646691180696536,,,
binning_cal,2024Q3,24h,Entertainment,2,0.1,0.13,19,0.0,0.0,0.0,0.17646691180696536,,,
binning_cal,2024Q3,24h,Entertainment,3,0.13,0.22,18,1.0,0.05555555555555555,0.0014055561673694222,0.27294359967336845,,,
binning_cal,2024Q3,24h,Entertainment,4,0.22,0.33,21,7.0,0.3333333333333333,0.1458769423430967,0.5696754829041242,,,
binning_cal,2024Q3,24h,Entertainment,5,0.33,0.4760000000000002,19,6.0,0.3157894736842105,0.1257606358729833,0.5655015688461509,,,
binning_cal,2024Q3,24h,Entertainment,6,0.4760000000000002,0.69,18,8.0,0.4444444444444444,0.21530150738729983,0.6924283410012437,,,
binning_cal,2024Q3,24h,Entertainment,7,0.69,0.8680000000000001,19,16.0,0.8421052631578947,0.6042154487333258,0.9661737509982353,,,
binning_cal,2024Q3,24h,Entertainment,8,0.8680000000000001,0.92,16,15.0,0.9375,0.697679261565468,0.9984188882772341,,,
binning_cal,2024Q3,24h,Entertainment,9,0.92,0.95,22,21.0,0.9545454545454546,0.7715556023323665,0.9988498524734264,,,
,2024Q4,24h,Politics,0,0.05,0.07,2,,,,,raw,0.05,0.0
,2024Q4,24h,Politics,1,0.07,0.15200000000000002,4,,,,,raw,0.0975,0.25
,2024Q4,24h,Politics,2,0.15200000000000002,0.2200000000000001,3,,,,,raw,0.18333333333333335,0.0
,2024Q4,24h,Politics,3,0.2200000000000001,0.332,3,,,,,raw,0.2966666666666667,0.6666666666666666
,2024Q4,24h,Politics,4,0.332,0.6,2,,,,,raw,0.42000000000000004,0.0
,2024Q4,24h,Politics,5,0.6,0.758,3,,,,,raw,0.7000000000000001,0.6666666666666666
,2024Q4,24h,Politics,6,0.758,0.84,2,,,,,raw,0.7949999999999999,0.5
,2024Q4,24h,Politics,7,0.84,0.904,4,,,,,raw,0.86,1.0
,2024Q4,24h,Politics,8,0.904,0.94,2,,,,,raw,0.92,1.0
,2024Q4,24h,Politics,9,0.94,0.94,4,,,,,raw,0.94,0.5
,2024Q4,24h,Sports,0,0.05,0.06,2,,,,,raw,0.05,0.0
,2024Q4,24h,Sports,1,0.06,0.08,4,,,,,raw,0.0625,0.0
,2024Q4,24h,Sports,2,0.08,0.098,5,,,,,raw,0.082,0.0
,2024Q4,24h,Sports,3,0.098,0.12,3,,,,,raw,0.10666666666666667,0.0
,2024Q4,24h,Sports,4,0.12,0.16,4,,,,,raw,0.13,0.0
,2024Q4,24h,Sports,5,0.16,0.2920000000000001,4,,,,,raw,0.1975,0.5
,2024Q4,24h,Sports,6,0.2920000000000001,0.7840000000000001,4,,,,,raw,0.5700000000000001,0.75
,2024Q4,24h,Sports,7,0.7840000000000001,0.844,3,,,,,raw,0.8066666666666666,0.3333333333333333
,2024Q4,24h,Sports,8,0.844,0.902,4,,,,,raw,0.8675,1.0
,2024Q4,24h,Sports,9,0.902,0.93,4,,,,,raw,0.9225000000000001,1.0
,2024Q4,24h,Politics,0,0.051126893996935735,0.07084488130801063,2,,,,,platt,0.051126893996935735,0.0
,2024Q4,24h,Politics,1,0.07084488130801063,0.15036059547989603,4,,,,,platt,0.09758340453573038,0.25
,2024Q4,24h,Politics,2,0.15036059547989603,0.21553861700100765,3,,,,,platt,0.18043755283552834,0.0
,2024Q4,24h,Politics,3,0.21553861700100765,0.3225659146683223,3,,,,,platt,0.2888044060309401,0.6666666666666666
,2024Q4,24h,Politics,4,0.3225659146683223,0.5817547327574735,2,,,,,platt,0.40717256641826755,0.0
,2024Q4,24h,Politics,5,0.5817547327574735,0.7397217381436071,3,,,,,platt,0.6816380255279638,0.6666666666666666
,2024Q4,24h,Politics,6,0.7397217381436071,0.8242970669919296,2,,,,,platt,0.7778079368354007,0.5
,2024Q4,24h,Politics,7,0.8242970669919296,0.8921413518366915,4,,,,,platt,0.845430688051859,1.0
,2024Q4,24h,Politics,8,0.8921413518366915,0.9312945057794986,2,,,,,platt,0.9094632418928653,1.0
,2024Q4,24h,Politics,9,0.9312945057794986,0.9312945057794986,4,,,,,platt,0.9312945057794986,0.5
,2024Q4,24h,Sports,0,0.051126893996935735,0.06101044517158591,2,,,,,platt,0.051126893996935735,0.0
,2024Q4,24h,Sports,1,0.06101044517158591,0.08063839232631514,4,,,,,platt,0.0634690542056921,0.0
,2024Q4,24h,Sports,2,0.08063839232631514,0.09818038682874507,5,,,,,platt,0.08259015256974704,0.0
,2024Q4,24h,Sports,3,0.09818038682874507,0.11950998341189278,3,,,,,platt,0.10659495902201632,0.0
,2024Q4,24h,Sports,4,0.11950998341189278,0.15805798608722196,4,,,,,platt,0.12915844627078804,0.0
,2024Q4,24h,Sports,5,0.15805798608722196,0.2843453846159726,4,,,,,platt,0.19398970755708028,0.5
,2024Q4,24h,Sports,6,0.2843453846159726,0.766311282351184,4,,,,,platt,0.5543016850751706,0.75
,2024Q4,24h,Sports,7,0.766311282351184,0.8285114452150912,3,,,,,platt,0.789660634334925,0.3333333333333333
,2024Q4,24h,Sports,8,0.8285114452150912,0.890046286613992,4,,,,,platt,0.8532624544585224,1.0
,2024Q4,24h,Sports,9,0.890046286613992,0.9203249332809805,4,,,,,platt,0.9121535341447454,1.0
,2024Q4,24h,Politics,0,0.07123287671232877,0.08192090395480225,2,,,,,venn_abers,0.07123287671232877,0.0
,2024Q4,24h,Politics,1,0.08192090395480225,0.1327589238614384,4,,,,,venn_abers,0.09947109027527348,0.25
,2024Q4,24h,Politics,2,0.1327589238614384,0.2154728682170543,3,,,,,venn_abers,0.18552800734618916,0.0
,2024Q4,24h,Politics,3,0.2154728682170543,0.3559718969555035,2,,,,,venn_abers,0.2908116735066119,0.5
,2024Q4,24h,Politics,4,0.3559718969555035,0.6504676164670921,3,,,,,venn_abers,0.3816640756531467,0.3333333333333333
,2024Q4,24h,Politics,5,0.6504676164670921,0.746031746031746,1,,,,,venn_abers,0.6504676164670921,1.0
,2024Q4,24h,Politics,6,0.746031746031746,0.8125,3,,,,,venn_abers,0.746031746031746,0.3333333333333333
,2024Q4,24h,Politics,7,0.8125,0.878766907832652,5,,,,,venn_abers,0.8211229946524063,1.0
,2024Q4,24h,Politics,8,0.878766907832652,0.9521044992743105,2,,,,,venn_abers,0.9273356401384083,1.0
,2024Q4,24h,Politics,9,0.9521044992743105,0.9521044992743105,4,,,,,venn_abers,0.9521044992743105,0.5
,2024Q4,24h,Sports,0,0.07123287671232877,0.07123287671232878,2,,,,,venn_abers,0.07123287671232877,0.0
,2024Q4,24h,Sports,1,0.07123287671232878,0.08192090395480227,4,,,,,venn_abers,0.07390488352294715,0.0
,2024Q4,24h,Sports,2,0.08192090395480227,0.1115934306599223,5,,,,,venn_abers,0.08450224040522113,0.0
,2024Q4,24h,Sports,3,0.1115934306599223,0.1170212765957447,1,,,,,venn_abers,0.11578489177317873,0.0
,2024Q4,24h,Sports,4,0.1170212765957447,0.14325068870523416,5,,,,,venn_abers,0.11702127659574471,0.0
,2024Q4,24h,Sports,5,0.14325068870523416,0.3032375740994074,5,,,,,venn_abers,0.18570337625728744,0.4
,2024Q4,24h,Sports,6,0.3032375740994074,0.7530176334242878,4,,,,,venn_abers,0.5996892540895014,0.75
,2024Q4,24h,Sports,7,0.7530176334242878,0.8119124146243472,3,,,,,venn_abers,0.7904948130368816,0.3333333333333333
,2024Q4,24h,Sports,8,0.8119124146243472,0.876470588235294,4,,,,,venn_abers,0.8177083333333334,1.0
,2024Q4,24h,Sports,9,0.876470588235294,0.9411764705882353,4,,,,,venn_abers,0.9411764705882353,1.0
binning_cal,2024Q4,24h,Finance,0,0.05,0.06,99,10.0,0.10101010101010101,0.04951087220866289,0.17792456141884982,,,
binning_cal,2024Q4,24h,Finance,1,0.06,0.08,169,12.0,0.07100591715976332,0.03722592424555132,0.12074769277297773,,,
binning_cal,2024Q4,24h,Finance,2,0.08,0.1,205,18.0,0.08780487804878048,0.052870410490644636,0.13521913176257552,,,
binning_cal,2024Q4,24h,Finance,3,0.1,0.12,157,25.0,0.1592356687898089,0.10577853148897233,0.22602532871866496,,,
binning_cal,2024Q4,24h,Finance,4,0.12,0.14,183,22.0,0.12021857923497267,0.07689557640601845,0.17634012828822113,,,
binning_cal,2024Q4,24h,Finance,5,0.14,0.18,214,29.0,0.13551401869158877,0.0926700710288335,0.18878999076989875,,,
binning_cal,2024Q4,24h,Finance,6,0.18,0.24,168,36.0,0.21428571428571427,0.15482432441022065,0.2841085504454136,,,
binning_cal,2024Q4,24h,Finance,7,0.24,0.38,174,50.0,0.28735632183908044,0.2214035432908207,0.3607115036306727,,,
binning_cal,2024Q4,24h,Finance,8,0.38,0.6860000000000014,174,94.0,0.5402298850574713,0.4631663694870301,0.6158994623958169,,,
binning_cal,2024Q4,24h,Finance,9,0.6860000000000014,0.95,172,149.0,0.8662790697674418,0.8061370758896718,0.9133071394111388,,,
binning_cal,2024Q4,24h,Weather,0,0.05,0.1,413,34.0,0.08232445520581114,0.05768439496270505,0.11314111540241693,,,
binning_cal,2024Q4,24h,Weather,1,0.1,0.15,530,58.0,0.10943396226415095,0.08415286477059762,0.13916507580433682,,,
binning_cal,2024Q4,24h,Weather,2,0.15,0.18,381,52.0,0.13648293963254593,0.10363962383480946,0.1750995455923128,,,
binning_cal,2024Q4,24h,Weather,3,0.18,0.23,586,121.0,0.20648464163822525,0.1744061707766713,0.24155373974331848,,,
binning_cal,2024Q4,24h,Weather,4,0.23,0.27,439,99.0,0.2255125284738041,0.18724226232503344,0.267527266705792,,,
binning_cal,2024Q4,24h,Weather,5,0.27,0.31,426,108.0,0.2535211267605634,0.212872850886132,0.29763097601351707,,,
binning_cal,2024Q4,24h,Weather,6,0.31,0.36,515,189.0,0.36699029126213595,0.3252595695785237,0.41025737162278675,,,
binning_cal,2024Q4,24h,Weather,7,0.36,0.42,525,181.0,0.34476190476190477,0.3041263718066564,0.3871567138333117,,,
binning_cal,2024Q4,24h,Weather,8,0.42,0.5,442,198.0,0.4479638009049774,0.4009565495550519,0.4956719957342606,,,
binning_cal,2024Q4,24h,Weather,9,0.5,0.95,519,282.0,0.5433526011560693,0.49939132667577546,0.5868174935028525,,,
binning_cal,2024Q4,24h,Entertainment,0,0.05,0.07,17,0.0,0.0,0.0,0.19506432296909318,,,
binning_cal,2024Q4,24h,Entertainment,1,0.07,0.1,24,0.0,0.0,0.0,0.14247359772252563,,,
binning_cal,2024Q4,24h,Entertainment,2,0.1,0.14,24,0.0,0.0,0.0,0.14247359772252563,,,
binning_cal,2024Q4,24h,Entertainment,3,0.14,0.22800000000000012,24,2.0,0.08333333333333333,0.010256341281250149,0.26997280155760356,,,
binning_cal,2024Q4,24h,Entertainment,4,0.22800000000000012,0.35,22,8.0,0.36363636363636365,0.1719794376463324,0.5934233311743533,,,
binning_cal,2024Q4,24h,Entertainment,5,0.35,0.5520000000000003,23,6.0,0.2608695652173913,0.10228613391535846,0.48405197040243814,,,
binning_cal,2024Q4,24h,Entertainment,6,0.5520000000000003,0.75,21,16.0,0.7619047619047619,0.5283401723453787,0.9178241244069774,,,
binning_cal,2024Q4,24h,Entertainment,7,0.75,0.89,20,15.0,0.75,0.5089541282920426,0.9134285308985653,,,
binning_cal,2024Q4,24h,Entertainment,8,0.89,0.93,21,20.0,0.9523809523809523,0.761840090063179,0.9987951165516364,,,
binning_cal,2024Q4,24h,Entertainment,9,0.93,0.95,27,26.0,0.9629629629629629,0.8102943825869554,0.9990627429080553,,,
,2025Q1,24h,Politics,0,0.05,0.07,20,,,,,raw,0.054500000000000014,0.1
,2025Q1,24h,Politics,1,0.07,0.11,24,,,,,raw,0.08458333333333334,0.08333333333333333
,2025Q1,24h,Politics,2,0.11,0.2,27,,,,,raw,0.14,0.1111111111111111
,2025Q1,24h,Politics,3,0.2,0.3,24,,,,,raw,0.23750000000000002,0.16666666666666666
,2025Q1,24h,Politics,4,0.3,0.39,29,,,,,raw,0.3344827586206897,0.3448275862068966
,2025Q1,24h,Politics,5,0.39,0.5680000000000001,25,,,,,raw,0.45640000000000003,0.52
,2025Q1,24h,Politics,6,0.5680000000000001,0.7160000000000002,25,,,,,raw,0.6444,0.52
,2025Q1,24h,Politics,7,0.7160000000000002,0.82,23,,,,,raw,0.7695652173913043,0.6086956521739131
,2025Q1,24h,Politics,8,0.82,0.91,24,,,,,raw,0.8624999999999999,0.8333333333333334
,2025Q1,24h,Politics,9,0.91,0.95,28,,,,,raw,0.9317857142857143,0.9642857142857143
,2025Q1,24h,Sports,0,0.05,0.07300000000000005,42,,,,,raw,0.05952380952380952,0.0
,2025Q1,24h,Sports,1,0.07300000000000005,0.12,39,,,,,raw,0.09358974358974359,0.05128205128205128
,2025Q1,24h,Sports,2,0.12,0.19,38,,,,,raw,0.1505263157894737,0.05263157894736842
,2025Q1,24h,Sports,3,0.19,0.2720000000000002,47,,,,,raw,0.2359574468085106,0.2127659574468085
,2025Q1,24h,Sports,4,0.2720000000000002,0.37,40,,,,,raw,0.31525000000000003,0.225
,2025Q1,24h,Sports,5,0.37,0.47,40,,,,,raw,0.41500000000000004,0.25
,2025Q1,24h,Sports,6,0.47,0.58,41,,,,,raw,0.5139024390243901,0.4878048780487805
,2025Q1,24h,Sports,7,0.58,0.7,42,,,,,raw,0.6328571428571429,0.6190476190476191
,2025Q1,24h,Sports,8,0.7,0.83,42,,,,,raw,0.7540476190476191,0.8095238095238095
,2025Q1,24h,Sports,9,0.83,0.95,43,,,,,raw,0.9088372093023256,0.9302325581395349
,2025Q1,24h,Politics,0,0.045471942145195524,0.06433508804282172,20,,,,,platt,0.04970361727642529,0.1
,2025Q1,24h,Politics,1,0.06433508804282172,0.10262219361129721,24,,,,,platt,0.07825078100459247,0.08333333333333333
,2025Q1,24h,Politics,2,0.10262219361129721,0.19064547880102933,27,,,,,platt,0.13181240792327797,0.1111111111111111
,2025Q1,24h,Politics,3,0.19064547880102933,0.290504660166109,24,,,,,platt,0.22796926988032196,0.16666666666666666
,2025Q1,24h,Politics,4,0.290504660166109,0.38162880297052837,29,,,,,platt,0.32535102326503174,0.3448275862068966
,2025Q1,24h,Politics,5,0.38162880297052837,0.5638862855847927,25,,,,,platt,0.4494825080516295,0.52
,2025Q1,24h,Politics,6,0.5638862855847927,0.7160055233700833,25,,,,,platt,0.6424398160064817,0.52
,2025Q1,24h,Politics,7,0.7160055233700833,0.8222439962684409,23,,,,,platt,0.7708088844185342,0.6086956521739131
,2025Q1,24h,Politics,8,0.8222439962684409,0.9128912912818488,24,,,,,platt,0.8651908805064382,0.8333333333333334
,2025Q1,24h,Politics,9,0.9128912912818488,0.9524166939002443,28,,,,,platt,0.9344512687609964,0.9642857142857143
,2025Q1,24h,Sports,0,0.045471942145195524,0.06718771839619299,42,,,,,platt,0.054447761516691534,0.0
,2025Q1,24h,Sports,1,0.06718771839619299,0.11228821552128246,39,,,,,platt,0.08685616388706108,0.05128205128205128
,2025Q1,24h,Sports,2,0.11228821552128246,0.18076408267185778,38,,,,,platt,0.1420625276403108,0.05263157894736842
,2025Q1,24h,Sports,3,0.18076408267185778,0.26237423370351115,47,,,,,platt,0.2264155912725208,0.2127659574468085
,2025Q1,24h,Sports,4,0.26237423370351115,0.36129838891781824,40,,,,,platt,0.30591727680352043,0.225
,2025Q1,24h,Sports,5,0.36129838891781824,0.4633058293731809,40,,,,,platt,0.4071253860005113,0.25
,2025Q1,24h,Sports,6,0.4633058293731809,0.5762239467818648,41,,,,,platt,0.5083359928092084,0.4878048780487805
,2025Q1,24h,Sports,7,0.5762239467818648,0.6995873027735668,42,,,,,platt,0.6305764461509464,0.6190476190476191
,2025Q1,24h,Sports,8,0.6995873027735668,0.8323940901723346,42,,,,,platt,0.7549392452694832,0.8095238095238095
,2025Q1,24h,Sports,9,0.8323940901723346,0.9524166939002443,43,,,,,platt,0.9115609169754941,0.9302325581395349
,2025Q1,24h,Politics,0,0.05100182149362477,0.0815450643776824,20,,,,,venn_abers,0.05100182149362477,0.1
,2025Q1,24h,Politics,1,0.0815450643776824,0.1101871101871102,16,,,,,venn_abers,0.08236361222954736,0.125
,2025Q1,24h,Politics,2,0.1101871101871102,0.19444444444444445,33,,,,,venn_abers,0.12261730974129868,0.09090909090909091
,2025Q1,24h,Politics,3,0.19444444444444445,0.2911392405063291,26,,,,,venn_abers,0.22373963239901842,0.15384615384615385
,2025Q1,24h,Politics,4,0.2911392405063291,0.3628318584070797,23,,,,,venn_abers,0.32454864992141796,0.30434782608695654
,2025Q1,24h,Politics,5,0.3628318584070797,0.6184932460660082,31,,,,,venn_abers,0.4202497721458694,0.5161290322580645
,2025Q1,24h,Politics,6,0.6184932460660082,0.7183555299462845,25,,,,,venn_abers,0.6706633343018688,0.52
,2025Q1,24h,Politics,7,0.7183555299462845,0.872093023255814,19,,,,,venn_abers,0.7597614597492788,0.6842105263157895
,2025Q1,24h,Politics,8,0.872093023255814,0.930780209324453,28,,,,,venn_abers,0.8791556683202113,0.75
,2025Q1,24h,Politics,9,0.930780209324453,0.9444444444444444,28,,,,,venn_abers,0.9356805721540284,0.9642857142857143
,2025Q1,24h,Sports,0,0.05100182149362477,0.0815450643776824,27,,,,,venn_abers,0.05100182149362477,0.0
,2025Q1,24h,Sports,1,0.0815450643776824,0.11522633744855967,54,,,,,venn_abers,0.09161297974477327,0.037037037037037035
,2025Q1,24h,Sports,2,0.11522633744855967,0.19444444444444445,38,,,,,venn_abers,0.14379574021408073,0.05263157894736842
,2025Q1,24h,Sports,3,0.19444444444444445,0.2409346698928455,47,,,,,venn_abers,0.22152630128718265,0.2127659574468085
,2025Q1,24h,Sports,4,0.2409346698928455,0.3628318584070797,40,,,,,venn_abers,0.31504609856805377,0.225
,2025Q1,24h,Sports,5,0.3628318584070797,0.43609022556390975,37,,,,,venn_abers,0.3924075086297534,0.24324324324324326
,2025Q1,24h,Sports,6,0.43609022556390975,0.6526315789473683,44,,,,,venn_abers,0.4861947896808154,0.4772727272727273
,2025Q1,24h,Sports,7,0.6526315789473683,0.7024596667548269,38,,,,,venn_abers,0.663354749596082,0.6578947368421053
,2025Q1,24h,Sports,8,0.7024596667548269,0.872093023255814,42,,,,,venn_abers,0.735088573172037,0.7619047619047619
,2025Q1,24h,Sports,9,0.872093023255814,0.9444444444444444,47,,,,,venn_abers,0.9097564555273525,0.9148936170212766
binning_cal,2025Q1,24h,Crypto,0,0.05,0.08,36,1.0,0.027777777777777776,0.0007030252059047799,0.14528926474685327,,,
binning_cal,2025Q1,24h,Crypto,1,0.08,0.12,63,7.0,0.1111111111111111,0.04585662371687076,0.215624248702528,,,
binning_cal,2025Q1,24h,Crypto,2,0.12,0.17,67,12.0,0.1791044776119403,0.09611939959085303,0.2919634281725818,,,
binning_cal,2025Q1,24h,Crypto,3,0.17,0.25,52,13.0,0.25,0.14034860358819093,0.3894638899311605,,,
binning_cal,2025Q1,24h,Crypto,4,0.25,0.44,59,22.0,0.3728813559322034,0.2504395692613039,0.5085452451250776,,,
binning_cal,2025Q1,24h,Crypto,5,0.44,0.54,54,26.0,0.48148148148148145,0.3434295928764729,0.6216349199103053,,,
binning_cal,2025Q1,24h,Crypto,6,0.54,0.6680000000000001,57,41.0,0.7192982456140351,0.5845710818499816,0.8302708245625608,,,
binning_cal,2025Q1,24h,Crypto,7,0.6680000000000001,0.8020000000000005,56,52.0,0.9285714285714286,0.8270953018606302,0.9801960684911702,,,
binning_cal,2025Q1,24h,Crypto,8,0.8020000000000005,0.9,47,41.0,0.8723404255319149,0.7425858232107554,0.9516777845383786,,,
binning_cal,2025Q1,24h,Crypto,9,0.9,0.95,64,62.0,0.96875,0.8916294777754828,0.9961928186181276,,,
binning_cal,2025Q1,24h,Finance,0,0.05,0.06,100,11.0,0.11,0.05620702028548744,0.18830113219644257,,,
binning_cal,2025Q1,24h,Finance,1,0.06,0.08,163,12.0,0.0736196319018405,0.03861728904706136,0.12506709696658416,,,
binning_cal,2025Q1,24h,Finance,2,0.08,0.1,202,18.0,0.0891089108910891,0.05366859902536396,0.1371735790687677,,,
binning_cal,2025Q1,24h,Finance,3,0.1,0.12,148,20.0,0.13513513513513514,0.08453866829426449,0.20096367557536918,,,
binning_cal,2025Q1,24h,Finance,4,0.12,0.14,176,22.0,0.125,0.0800214881511384,0.18311672895626227,,,
binning_cal,2025Q1,24h,Finance,5,0.14,0.18,204,24.0,0.11764705882352941,0.07685172483202132,0.16997738241965038,,,
binning_cal,2025Q1,24h,Finance,6,0.18,0.2540000000000009,192,47.0,0.24479166666666666,0.1857483693318514,0.31189327747132256,,,
binning_cal,2025Q1,24h,Finance,7,0.2540000000000009,0.42,160,53.0,0.33125,0.25895622405069574,0.4099284007055941,,,
binning_cal,2025Q1,24h,Finance,8,0.42,0.72,176,98.0,0.5568181818181818,0.4801589767031585,0.631531085247224,,,
binning_cal,2025Q1,24h,Finance,9,0.72,0.95,172,154.0,0.8953488372093024,0.8396540052198395,0.9367875903255076,,,
binning_cal,2025Q1,24h,Weather,0,0.05,0.09,516,32.0,0.06201550387596899,0.04280160925092048,0.08642251342137713,,,
binning_cal,2025Q1,24h,Weather,1,0.09,0.13,545,46.0,0.08440366972477065,0.06245529330632016,0.11097839787107769,,,
binning_cal,2025Q1,24h,Weather,2,0.13,0.17,609,80.0,0.13136288998357964,0.1055541821925185,0.16080652094294728,,,
binning_cal,2025Q1,24h,Weather,3,0.17,0.21,523,90.0,0.17208413001912046,0.14070839334468177,0.20721864232709755,,,
binning_cal,2025Q1,24h,Weather,4,0.21,0.26,552,117.0,0.21195652173913043,0.17857498470774116,0.2484552902017732,,,
binning_cal,2025Q1,24h,Weather,5,0.26,0.31,575,149.0,0.2591304347826087,0.22376286687530347,0.2969936083063481,,,
binning_cal,2025Q1,24h,Weather,6,0.31,0.36,560,195.0,0.3482142857142857,0.30875470804860167,0.3892851755918345,,,
binning_cal,2025Q1,24h,Weather,7,0.36,0.43,624,216.0,0.34615384615384615,0.30882907005171006,0.3849425538878171,,,
binning_cal,2025Q1,24h,Weather,8,0.43,0.51,546,240.0,0.43956043956043955,0.3974378775352835,0.4823404976475686,,,
binning_cal,2025Q1,24h,Weather,9,0.51,0.95,581,338.0,0.5817555938037866,0.5404544901262851,0.622221324631526,,,
binning_cal,2025Q1,24h,Entertainment,0,0.05,0.06,27,0.0,0.0,0.0,0.12770286761543234,,,
binning_cal,2025Q1,24h,Entertainment,1,0.06,0.1,53,1.0,0.018867924528301886,0.00047758041242211286,0.10070152676914618,,,
binning_cal,2025Q1,24h,Entertainment,2,0.1,0.16,40,4.0,0.1,0.027925415294219307,0.23663739987609986,,,
binning_cal,2025Q1,24h,Entertainment,3,0.16,0.26,36,8.0,0.2222222222222222,0.10115053034491275,0.39151764915738135,,,
binning_cal,2025Q1,24h,Entertainment,4,0.26,0.4,41,12.0,0.2926829268292683,0.16129856971430773,0.45537398316536326,,,
binning_cal,2025Q1,24h,Entertainment,5,0.4,0.64,43,13.0,0.3023255813953488,0.1718249924852134,0.46125330573403234,,,
binning_cal,2025Q1,24h,Entertainment,6,0.64,0.75,34,25.0,0.7352941176470589,0.5563846316948934,0.8711826084164918,,,
binning_cal,2025Q1,24h,Entertainment,7,0.75,0.87,43,31.0,0.7209302325581395,0.5633130385340941,0.8467107671058404,,,
binning_cal,2025Q1,24h,Entertainment,8,0.87,0.93,40,36.0,0.9,0.7633626001239001,0.9720745847057807,,,
binning_cal,2025Q1,24h,Entertainment,9,0.93,0.95,44,41.0,0.9318181818181818,0.8134379899279777,0.9857123315730246,,,
,2025Q2,24h,Politics,0,0.05,0.126,41,,,,,raw,0.08073170731707317,0.07317073170731707
,2025Q2,24h,Politics,1,0.126,0.24,39,,,,,raw,0.18282051282051287,0.10256410256410256
,2025Q2,24h,Politics,2,0.24,0.3,41,,,,,raw,0.25975609756097556,0.2682926829268293
,2025Q2,24h,Politics,3,0.3,0.38,41,,,,,raw,0.33,0.3902439024390244
,2025Q2,24h,Politics,4,0.38,0.49,38,,,,,raw,0.4242105263157895,0.42105263157894735
,2025Q2,24h,Politics,5,0.49,0.58,41,,,,,raw,0.5319512195121952,0.5853658536585366
,2025Q2,24h,Politics,6,0.58,0.65,38,,,,,raw,0.6113157894736843,0.5789473684210527
,2025Q2,24h,Politics,7,0.65,0.74,41,,,,,raw,0.6863414634146342,0.5365853658536586
,2025Q2,24h,Politics,8,0.74,0.8440000000000003,46,,,,,raw,0.7791304347826088,0.6956521739130435
,2025Q2,24h,Politics,9,0.8440000000000003,0.95,41,,,,,raw,0.9090243902439025,0.8536585365853658
,2025Q2,24h,Sports,0,0.05,0.12,169,,,,,raw,0.07467455621301775,0.07100591715976332
,2025Q2,24h,Sports,1,0.12,0.21,178,,,,,raw,0.1635955056179775,0.20224719101123595
,2025Q2,24h,Sports,2,0.21,0.28,189,,,,,raw,0.242010582010582,0.24867724867724866
,2025Q2,24h,Sports,3,0.28,0.36,193,,,,,raw,0.31580310880829016,0.3005181347150259
,2025Q2,24h,Sports,4,0.36,0.44,184,,,,,raw,0.3978260869565218,0.3423913043478261
,2025Q2,24h,Sports,5,0.44,0.52,184,,,,,raw,0.47211956521739135,0.45652173913043476
,2025Q2,24h,Sports,6,0.52,0.6,178,,,,,raw,0.5542696629213483,0.5224719101123596
,2025Q2,24h,Sports,7,0.6,0.68,169,,,,,raw,0.6344970414201183,0.6804733727810651
,2025Q2,24h,Sports,8,0.68,0.79,196,,,,,raw,0.725969387755102,0.6938775510204082
,2025Q2,24h,Sports,9,0.79,0.95,192,,,,,raw,0.8603125,0.8177083333333334
,2025Q2,24h,Politics,0,0.044718759551014536,0.114738710056489,41,,,,,platt,0.07291438951965876,0.07317073170731707
,2025Q2,24h,Politics,1,0.114738710056489,0.22256198131173613,39,,,,,platt,0.16820555752402333,0.10256410256410256
,2025Q2,24h,Politics,2,0.22256198131173613,0.28046242692686607,41,,,,,platt,0.2415681027888641,0.2682926829268293
,2025Q2,24h,Politics,3,0.28046242692686607,0.3587911490894533,41,,,,,platt,0.3097407762644748,0.3902439024390244
,2025Q2,24h,Politics,4,0.3587911490894533,0.46846912482873065,38,,,,,platt,0.40270163948815424,0.42105263157894735
,2025Q2,24h,Politics,5,0.46846912482873065,0.5597988407026186,41,,,,,platt,0.5109363976653243,0.5853658536585366
,2025Q2,24h,Politics,6,0.5597988407026186,0.6317571061747494,38,,,,,platt,0.5919288656282534,0.5789473684210527
,2025Q2,24h,Politics,7,0.6317571061747494,0.7253649687186415,41,,,,,platt,0.6694680076229991,0.5365853658536586
,2025Q2,24h,Politics,8,0.7253649687186415,0.8348500938257895,46,,,,,platt,0.7664639479383228,0.6956521739130435
,2025Q2,24h,Politics,9,0.8348500938257895,0.9473444986811692,41,,,,,platt,0.9038308142523074,0.8536585365853658
,2025Q2,24h,Sports,0,0.044718759551014536,0.1091474217069761,169,,,,,platt,0.06732218532371778,0.07100591715976332
,2025Q2,24h,Sports,1,0.1091474217069761,0.1938983199227952,178,,,,,platt,0.15004098713354655,0.20224719101123595
,2025Q2,24h,Sports,2,0.1938983199227952,0.26107937196893194,189,,,,,platt,0.2245340389461131,0.24867724867724866
,2025Q2,24h,Sports,3,0.26107937196893194,0.3390919722085068,193,,,,,platt,0.2958879924250106,0.3005181347150259
,2025Q2,24h,Sports,4,0.3390919722085068,0.4183410997987473,184,,,,,platt,0.3764647794020344,0.3423913043478261
,2025Q2,24h,Sports,5,0.4183410997987473,0.49875841141382843,184,,,,,platt,0.450531344138122,0.45652173913043476
,2025Q2,24h,Sports,6,0.49875841141382843,0.580278515001827,178,,,,,platt,0.5335939528472807,0.5224719101123596
,2025Q2,24h,Sports,7,0.580278515001827,0.6628291925451799,169,,,,,platt,0.6157902695399118,0.6804733727810651
,2025Q2,24h,Sports,8,0.6628291925451799,0.7778455938911419,196,,,,,platt,0.7107709560740275,0.6938775510204082
,2025Q2,24h,Sports,9,0.7778455938911419,0.9473444986811692,192,,,,,platt,0.8522108642138625,0.8177083333333334
,2025Q2,24h,Politics,0,0.05660377358490566,0.10891089108910891,37,,,,,venn_abers,0.07516114262276061,0.08108108108108109
,2025Q2,24h,Politics,1,0.10891089108910891,0.22135416666666663,43,,,,,venn_abers,0.157385642456303,0.09302325581395349
,2025Q2,24h,Politics,2,0.22135416666666663,0.2633228840125392,38,,,,,venn_abers,0.2333703840630129,0.2631578947368421
,2025Q2,24h,Politics,3,0.2633228840125392,0.3494363929146538,36,,,,,venn_abers,0.3023921204605341,0.3611111111111111
,2025Q2,24h,Politics,4,0.3494363929146538,0.46453900709219864,42,,,,,venn_abers,0.3914167259427955,0.4523809523809524
,2025Q2,24h,Politics,5,0.46453900709219864,0.6037296037296038,45,,,,,venn_abers,0.5110151546828345,0.5555555555555556
,2025Q2,24h,Politics,7,0.6037296037296038,0.7224080267558528,55,,,,,venn_abers,0.6110460512374389,0.5636363636363636
,2025Q2,24h,Politics,8,0.7224080267558528,0.8065085277396588,58,,,,,venn_abers,0.7315005329829692,0.6379310344827587
,2025Q2,24h,Politics,9,0.8065085277396588,0.9497206703910613,53,,,,,venn_abers,0.8795920542195476,0.8113207547169812
,2025Q2,24h,Sports,0,0.05660377358490566,0.10891089108910891,169,,,,,venn_abers,0.07230819643572861,0.07100591715976332
,2025Q2,24h,Sports,1,0.10891089108910891,0.18479077925331996,178,,,,,venn_abers,0.14634211737613417,0.20224719101123595
,2025Q2,24h,Sports,2,0.18479077925331996,0.2620340365259566,189,,,,,venn_abers,0.21427870303830565,0.24867724867724866
,2025Q2,24h,Sports,3,0.2620340365259566,0.3494363929146538,193,,,,,venn_abers,0.3014342495563902,0.3005181347150259
,2025Q2,24h,Sports,4,0.3494363929146538,0.40616246498599434,124,,,,,venn_abers,0.36660486229710837,0.3548387096774194
,2025Q2,24h,Sports,5,0.40616246498599434,0.46453900709219864,139,,,,,venn_abers,0.42538426385924555,0.39568345323741005
,2025Q2,24h,Sports,6,0.46453900709219864,0.6037296037296038,235,,,,,venn_abers,0.5022149818631744,0.4723404255319149
,2025Q2,24h,Sports,7,0.6037296037296038,0.7224080267558528,217,,,,,venn_abers,0.6089219213158094,0.6682027649769585
,2025Q2,24h,Sports,8,0.7224080267558528,0.7663551401869159,177,,,,,venn_abers,0.7224080267558527,0.6779661016949152
,2025Q2,24h,Sports,9,0.7663551401869159,0.9497206703910613,211,,,,,venn_abers,0.8307267932559212,0.8199052132701422
binning_cal,2025Q2,24h,Sports,0,0.05,0.07,32,0.0,0.0,0.0,0.10888116067935288,,,
binning_cal,2025Q2,24h,Sports,1,0.07,0.11,57,2.0,0.03508771929824561,0.0042778949405317705,0.12107066319620115,,,
binning_cal,2025Q2,24h,Sports,2,0.11,0.18,43,1.0,0.023255813953488372,0.0005886129315931823,0.12289048270133966,,,
binning_cal,2025Q2,24h,Sports,3,0.18,0.27,53,10.0,0.18867924528301888,0.09436977606909198,0.3197243523420625,,,
binning_cal,2025Q2,24h,Sports,4,0.27,0.35,45,11.0,0.24444444444444444,0.12882281460350803,0.3953709287598267,,,
binning_cal,2025Q2,24h,Sports,5,0.35,0.47,48,12.0,0.25,0.1363722774206005,0.3959593100271179,,,
binning_cal,2025Q2,24h,Sports,6,0.47,0.58,43,21.0,0.4883720930232558,0.3330513538648937,0.6453532269489863,,,
binning_cal,2025Q2,24h,Sports,7,0.58,0.7220000000000004,51,35.0,0.6862745098039216,0.541127097379392,0.8088960285224198,,,
binning_cal,2025Q2,24h,Sports,8,0.7220000000000004,0.86,43,33.0,0.7674418604651163,0.6136917881604167,0.8824464288912982,,,
binning_cal,2025Q2,24h,Sports,9,0.86,0.95,50,47.0,0.94,0.8345180533962271,0.9874514121646659,,,
binning_cal,2025Q2,24h,Crypto,0,0.05,0.09,87,9.0,0.10344827586206896,0.048405916691360656,0.18731343801911263,,,
binning_cal,2025Q2,24h,Crypto,1,0.09,0.13,101,17.0,0.16831683168316833,0.10121839375620764,0.2557578520208978,,,
binning_cal,2025Q2,24h,Crypto,2,0.13,0.18700000000000044,109,17.0,0.1559633027522936,0.09355976848443384,0.23792856204222324,,,
binning_cal,2025Q2,24h,Crypto,3,0.18700000000000044,0.28,97,23.0,0.23711340206185566,0.15663318627320152,0.3342441938139318,,,
binning_cal,2025Q2,24h,Crypto,4,0.28,0.43,99,31.0,0.31313131313131315,0.22364835508742842,0.41414161134202754,,,
binning_cal,2025Q2,24h,Crypto,5,0.43,0.51,96,47.0,0.4895833333333333,0.38611237817750527,0.5937142304193315,,,
binning_cal,2025Q2,24h,Crypto,6,0.51,0.62,101,58.0,0.5742574257425742,0.47191357766889086,0.6721301204468941,,,
binning_cal,2025Q2,24h,Crypto,7,0.62,0.78,99,82.0,0.8282828282828283,0.7393610820060408,0.896666678105062,,,
binning_cal,2025Q2,24h,Crypto,8,0.78,0.88,97,86.0,0.8865979381443299,0.8061461403570753,0.9420113033549623,,,
binning_cal,2025Q2,24h,Crypto,9,0.88,0.95,104,95.0,0.9134615384615384,0.8420721806467513,0.9596629862864297,,,
binning_cal,2025Q2,24h,Politics,0,0.05,0.07,27,2.0,0.07407407407407407,0.00910007294230628,0.24289834684562717,,,
binning_cal,2025Q2,24h,Politics,1,0.07,0.12,35,3.0,0.08571428571428572,0.018037639814217497,0.23057501865887717,,,
binning_cal,2025Q2,24h,Politics,2,0.12,0.20300000000000012,32,5.0,0.15625,0.05275056440213407,0.3278787656820417,,,
binning_cal,2025Q2,24h,Politics,3,0.20300000000000012,0.31400000000000006,31,5.0,0.16129032258064516,0.054524326215083525,0.33727158497317933,,,
binning_cal,2025Q2,24h,Politics,4,0.31400000000000006,0.415,31,13.0,0.41935483870967744,0.24547595073865158,0.6092407775079076,,,
binning_cal,2025Q2,24h,Politics,5,0.415,0.6060000000000002,31,19.0,0.6129032258064516,0.4218695891340412,0.7815004015014309,,,
binning_cal,2025Q2,24h,Politics,6,0.6060000000000002,0.75,29,17.0,0.5862068965517241,0.38936279139690627,0.7647597902471015,,,
binning_cal,2025Q2,24h,Politics,7,0.75,0.84,29,19.0,0.6551724137931034,0.4566942723320567,0.8206163507648881,,,
binning_cal,2025Q2,24h,Politics,8,0.84,0.92,34,30.0,0.8823529411764706,0.7254965128576445,0.9669983196635304,,,
binning_cal,2025Q2,24h,Politics,9,0.92,0.95,33,30.0,0.9090909090909091,0.756683649240845,0.9808450570125951,,,
binning_cal,2025Q2,24h,Finance,0,0.05,0.06,102,10.0,0.09803921568627451,0.04802276455842712,0.17291434347330456,,,
binning_cal,2025Q2,24h,Finance,1,0.06,0.08,145,7.0,0.04827586206896552,0.019626949723130543,0.09693597979063713,,,
binning_cal,2025Q2,24h,Finance,2,0.08,0.1,192,20.0,0.10416666666666667,0.06479803172615436,0.15628683213049174,,,
binning_cal,2025Q2,24h,Finance,3,0.1,0.12,117,12.0,0.10256410256410256,0.05412982718638548,0.1723059232706867,,,
binning_cal,2025Q2,24h,Finance,4,0.12,0.15,186,24.0,0.12903225806451613,0.08445342703696081,0.18588220748614986,,,
binning_cal,2025Q2,24h,Finance,5,0.15,0.21,194,30.0,0.15463917525773196,0.10683148324961253,0.2133392420201983,,,
binning_cal,2025Q2,24h,Finance,6,0.21,0.31,154,42.0,0.2727272727272727,0.20415797281954282,0.350261975948609,,,
binning_cal,2025Q2,24h,Finance,7,0.31,0.52,156,57.0,0.36538461538461536,0.2898432224778778,0.44614586543277884,,,
binning_cal,2025Q2,24h,Finance,8,0.52,0.81,158,102.0,0.6455696202531646,0.5656302400881772,0.7199350959472611,,,
binning_cal,2025Q2,24h,Finance,9,0.81,0.95,158,142.0,0.8987341772151899,0.8407623671184213,0.9410014850919654,,,
binning_cal,2025Q2,24h,Weather,0,0.05,0.08,713,41.0,0.05750350631136045,0.041577869770605416,0.07720443213168496,,,
binning_cal,2025Q2,24h,Weather,1,0.08,0.11,580,44.0,0.07586206896551724,0.05565978456219778,0.10050527740181456,,,
binning_cal,2025Q2,24h,Weather,2,0.11,0.15,703,71.0,0.10099573257467995,0.07972305009191316,0.12568331782303666,,,
binning_cal,2025Q2,24h,Weather,3,0.15,0.2,784,114.0,0.14540816326530612,0.12146560951261534,0.1720522471146004,,,
binning_cal,2025Q2,24h,Weather,4,0.2,0.25,667,126.0,0.1889055472263868,0.15988032954976897,0.22071364229500862,,,
binning_cal,2025Q2,24h,Weather,5,0.25,0.31,806,186.0,0.23076923076923078,0.2020903230988752,0.2614322164280303,,,
binning_cal,2025Q2,24h,Weather,6,0.31,0.36,727,236.0,0.3246217331499312,0.29066798881963374,0.36000606321538076,,,
binning_cal,2025Q2,24h,Weather,7,0.36,0.41,645,236.0,0.36589147286821705,0.3286305116239919,0.40438614601062123,,,
binning_cal,2025Q2,24h,Weather,8,0.41,0.5,735,317.0,0.4312925170068027,0.3951456998245686,0.4679928591509428,,,
binning_cal,2025Q2,24h,Weather,9,0.5,0.95,775,457.0,0.5896774193548387,0.5541140983127664,0.624555816358406,,,
binning_cal,2025Q2,24h,Entertainment,0,0.05,0.06,64,2.0,0.03125,0.0038071813818723694,0.10837052222451712,,,
binning_cal,2025Q2,24h,Entertainment,1,0.06,0.09,104,4.0,0.038461538461538464,0.010577266531079163,0.09555507539167203,,,
binning_cal,2025Q2,24h,Entertainment,2,0.09,0.14,120,14.0,0.11666666666666667,0.06527215050994278,0.18799509038680826,,,
binning_cal,2025Q2,24h,Entertainment,3,0.14,0.22,95,12.0,0.12631578947368421,0.06700593916015765,0.21025494926335425,,,
binning_cal,2025Q2,24h,Entertainment,4,0.22,0.33,104,31.0,0.2980769230769231,0.21233033762896628,0.39568100462085176,,,
binning_cal,2025Q2,24h,Entertainment,5,0.33,0.53,97,28.0,0.28865979381443296,0.20113296371354422,0.38951652041822504,,,
binning_cal,2025Q2,24h,Entertainment,6,0.53,0.7,99,53.0,0.5353535353535354,0.4323058571253493,0.6362299751118026,,,
binning_cal,2025Q2,24h,Entertainment,7,0.7,0.85,96,67.0,0.6979166666666666,0.5957468361963207,0.7874816787131373,,,
binning_cal,2025Q2,24h,Entertainment,8,0.85,0.92,96,77.0,0.8020833333333334,0.7083113803231609,0.876430743435455,,,
binning_cal,2025Q2,24h,Entertainment,9,0.92,0.95,102,91.0,0.8921568627450981,0.8152276350283405,0.9449211299841631,,,
,2025Q3,24h,Politics,0,0.05,0.08,38,,,,,raw,0.05473684210526316,0.0
,2025Q3,24h,Politics,1,0.08,0.16,48,,,,,raw,0.11041666666666665,0.08333333333333333
,2025Q3,24h,Politics,2,0.16,0.3,46,,,,,raw,0.2393478260869565,0.10869565217391304
,2025Q3,24h,Politics,3,0.3,0.3680000000000001,45,,,,,raw,0.32977777777777784,0.28888888888888886
,2025Q3,24h,Politics,4,0.3680000000000001,0.46,43,,,,,raw,0.40906976744186047,0.46511627906976744
,2025Q3,24h,Politics,5,0.46,0.5820000000000004,46,,,,,raw,0.5302173913043479,0.5
,2025Q3,24h,Politics,6,0.5820000000000004,0.65,40,,,,,raw,0.61825,0.675
,2025Q3,24h,Politics,7,0.65,0.73,45,,,,,raw,0.681111111111111,0.6888888888888889
,2025Q3,24h,Politics,8,0.73,0.83,44,,,,,raw,0.7654545454545455,0.8181818181818182
,2025Q3,24h,Politics,9,0.83,0.95,48,,,,,raw,0.8949999999999999,0.9791666666666666
,2025Q3,24h,Sports,0,0.05,0.12,570,,,,,raw,0.07821052631578948,0.05964912280701754
,2025Q3,24h,Sports,1,0.12,0.21,641,,,,,raw,0.16237129485179405,0.17004680187207488
,2025Q3,24h,Sports,2,0.21,0.27,532,,,,,raw,0.23759398496240602,0.24436090225563908
,2025Q3,24h,Sports,3,0.27,0.34,671,,,,,raw,0.29642324888226523,0.26527570789865873
,2025Q3,24h,Sports,4,0.34,0.42,689,,,,,raw,0.3749056603773585,0.36429608127721336
,2025Q3,24h,Sports,5,0.42,0.47,528,,,,,raw,0.4409848484848485,0.4602272727272727
,2025Q3,24h,Sports,6,0.47,0.53,710,,,,,raw,0.49471830985915494,0.48169014084507045
,2025Q3,24h,Sports,7,0.53,0.6,593,,,,,raw,0.5569308600337268,0.5160202360876898
,2025Q3,24h,Sports,8,0.6,0.73,658,,,,,raw,0.6560334346504558,0.648936170212766
,2025Q3,24h,Sports,9,0.73,0.95,632,,,,,raw,0.826376582278481,0.805379746835443
,2025Q3,24h,Politics,0,0.0475533883301374,0.07588707620196306,38,,,,,platt,0.052027810127629484,0.0
,2025Q3,24h,Politics,1,0.07588707620196306,0.15155010479426703,48,,,,,platt,0.10463397129410239,0.08333333333333333
,2025Q3,24h,Politics,2,0.15155010479426703,0.28519623387418647,46,,,,,platt,0.22716080323721607,0.10869565217391304
,2025Q3,24h,Politics,3,0.28519623387418647,0.3509010803506744,45,,,,,platt,0.3139282272635358,0.28888888888888886
,2025Q3,24h,Politics,4,0.3509010803506744,0.4407717419291092,43,,,,,platt,0.39092515986179477,0.46511627906976744
,2025Q3,24h,Politics,5,0.4407717419291092,0.5619067778627675,46,,,,,platt,0.5103028927111933,0.5
,2025Q3,24h,Politics,6,0.5619067778627675,0.6305012812934668,40,,,,,platt,0.5983940508374805,0.675
,2025Q3,24h,Politics,7,0.6305012812934668,0.7123010454807495,45,,,,,platt,0.662237106368315,0.6888888888888889
,2025Q3,24h,Politics,8,0.7123010454807495,0.8164225205565763,44,,,,,platt,0.7490447392183754,0.8181818181818182
,2025Q3,24h,Politics,9,0.8164225205565763,0.9447437243180098,48,,,,,platt,0.8856407598452325,0.9791666666666666
,2025Q3,24h,Sports,0,0.0475533883301374,0.11367881589557084,570,,,,,platt,0.07419804434453542,0.05964912280701754
,2025Q3,24h,Sports,1,0.11367881589557084,0.19906019731239527,641,,,,,platt,0.15382295359154705,0.17004680187207488
,2025Q3,24h,Sports,2,0.19906019731239527,0.2563865201182612,532,,,,,platt,0.2253942302197473,0.24436090225563908
,2025Q3,24h,Sports,3,0.2563865201182612,0.323775307965975,671,,,,,platt,0.2817795396864833,0.26527570789865873
,2025Q3,24h,Sports,4,0.323775307965975,0.401551203325008,689,,,,,platt,0.3576415576056772,0.36429608127721336
,2025Q3,24h,Sports,5,0.401551203325008,0.450613449442438,528,,,,,platt,0.42211272928716254,0.4602272727272727
,2025Q3,24h,Sports,6,0.450613449442438,0.5099844691278157,710,,,,,platt,0.475026932850322,0.48169014084507045
,2025Q3,24h,Sports,7,0.5099844691278157,0.5799839408493976,593,,,,,platt,0.5368511386735305,0.5160202360876898
,2025Q3,24h,Sports,8,0.5799839408493976,0.7123010454807495,658,,,,,platt,0.6367618941491436,0.648936170212766
,2025Q3,24h,Sports,9,0.7123010454807495,0.9447437243180098,632,,,,,platt,0.8131814148116545,0.805379746835443
,2025Q3,24h,Politics,0,0.052397992508192416,0.057783018867924536,32,,,,,venn_abers,0.05268897584932252,0.0
,2025Q3,24h,Politics,1,0.057783018867924536,0.14937759336099585,54,,,,,venn_abers,0.10134050978080511,0.07407407407407407
,2025Q3,24h,Politics,2,0.14937759336099585,0.2841648590021692,46,,,,,venn_abers,0.22353665200639156,0.10869565217391304
,2025Q3,24h,Politics,3,0.2841648590021692,0.3616279069767442,39,,,,,venn_abers,0.31378261676572017,0.2564102564102564
,2025Q3,24h,Politics,4,0.3616279069767442,0.4525139664804469,49,,,,,venn_abers,0.3902489147338445,0.46938775510204084
,2025Q3,24h,Politics,5,0.4525139664804469,0.608958474843185,42,,,,,venn_abers,0.5143440284392468,0.5238095238095238
,2025Q3,24h,Politics,6,0.608958474843185,0.6090116279069768,21,,,,,venn_abers,0.6089584748431849,0.5238095238095238
,2025Q3,24h,Politics,7,0.6090116279069768,0.6996699669966998,68,,,,,venn_abers,0.6445520333625047,0.7058823529411765
,2025Q3,24h,Politics,8,0.6996699669966998,0.800498753117207,39,,,,,venn_abers,0.723995694738772,0.8461538461538461
,2025Q3,24h,Politics,9,0.800498753117207,0.9466666666666668,53,,,,,venn_abers,0.8659478437777975,0.9433962264150944
,2025Q3,24h,Sports,0,0.052397992508192416,0.12669245647969052,570,,,,,venn_abers,0.07358634450238559,0.05964912280701754
,2025Q3,24h,Sports,1,0.12669245647969052,0.19878603945371776,641,,,,,venn_abers,0.1534825207335213,0.17004680187207488
,2025Q3,24h,Sports,2,0.19878603945371776,0.26625766871165646,417,,,,,venn_abers,0.20276123028568532,0.2182254196642686
,2025Q3,24h,Sports,3,0.26625766871165646,0.3306772908366534,786,,,,,venn_abers,0.27913600023546953,0.27608142493638677
,2025Q3,24h,Sports,4,0.3306772908366534,0.40091868498975025,600,,,,,venn_abers,0.3607439426530968,0.36333333333333334
,2025Q3,24h,Sports,5,0.40091868498975025,0.4591439688715953,617,,,,,venn_abers,0.41912680920433587,0.4473257698541329
,2025Q3,24h,Sports,6,0.4591439688715953,0.5327102803738317,710,,,,,venn_abers,0.4739321991393837,0.48169014084507045
,2025Q3,24h,Sports,7,0.5327102803738317,0.608958474843185,452,,,,,venn_abers,0.5458077791903655,0.5243362831858407
,2025Q3,24h,Sports,8,0.608958474843185,0.6996699669966998,799,,,,,venn_abers,0.6405028237850499,0.6207759699624531
,2025Q3,24h,Sports,9,0.6996699669966998,0.9466666666666668,632,,,,,venn_abers,0.7979970666313636,0.805379746835443
binning_cal,2025Q3,24h,Sports,0,0.05,0.1,204,9.0,0.04411764705882353,0.020368978080692206,0.08209445290121617,,,
binning_cal,2025Q3,24h,Sports,1,0.1,0.19,230,28.0,0.12173913043478261,0.08244010567128782,0.17112178184438703,,,
binning_cal,2025Q3,24h,Sports,2,0.19,0.27,246,62.0,0.25203252032520324,0.1990284631830018,0.3111187899180447,,,
binning_cal,2025Q3,24h,Sports,3,0.27,0.34,218,65.0,0.2981651376146789,0.2382703786313423,0.3636442701352828,,,
binning_cal,2025Q3,24h,Sports,4,0.34,0.425,248,72.0,0.2903225806451613,0.23462610553095078,0.3511099829954107,,,
binning_cal,2025Q3,24h,Sports,5,0.425,0.51,228,101.0,0.44298245614035087,0.3774293160178788,0.5100375936778734,,,
binning_cal,2025Q3,24h,Sports,6,0.51,0.6,228,117.0,0.5131578947368421,0.44628398963609434,0.5796852732599527,,,
binning_cal,2025Q3,24h,Sports,7,0.6,0.69,221,154.0,0.6968325791855203,0.6316152469417031,0.7566801827256228,,,
binning_cal,2025Q3,24h,Sports,8,0.69,0.8,232,161.0,0.6939655172413793,0.6302977377452836,0.752597114675611,,,
binning_cal,2025Q3,24h,Sports,9,0.8,0.95,237,203.0,0.8565400843881856,0.8053390531171617,0.8985599224673194,,,
binning_cal,2025Q3,24h,Crypto,0,0.05,0.1,124,15.0,0.12096774193548387,0.06931106882396616,0.1916595003120003,,,
binning_cal,2025Q3,24h,Crypto,1,0.1,0.14,134,36.0,0.26865671641791045,0.1957893506857133,0.3520407631567466,,,
binning_cal,2025Q3,24h,Crypto,2,0.14,0.2,123,29.0,0.23577235772357724,0.1639392129629851,0.3207457402894046,,,
binning_cal,2025Q3,24h,Crypto,3,0.2,0.3,151,41.0,0.271523178807947,0.20242247154363668,0.3498197171174137,,,
binning_cal,2025Q3,24h,Crypto,4,0.3,0.43,130,51.0,0.3923076923076923,0.30788100450987743,0.4817562040973829,,,
binning_cal,2025Q3,24h,Crypto,5,0.43,0.51,133,65.0,0.48872180451127817,0.40111465257029266,0.5768421940051409,,,
binning_cal,2025Q3,24h,Crypto,6,0.51,0.61,141,81.0,0.574468085106383,0.48847558973787625,0.6572650611388968,,,
binning_cal,2025Q3,24h,Crypto,7,0.61,0.75,122,96.0,0.7868852459016393,0.7035381814280897,0.8558136689384716,,,
binning_cal,2025Q3,24h,Crypto,8,0.75,0.87,146,122.0,0.8356164383561644,0.7653557419439823,0.8917454458234122,,,
binning_cal,2025Q3,24h,Crypto,9,0.87,0.95,136,125.0,0.9191176470588235,0.8598880545306147,0.958932041124462,,,
binning_cal,2025Q3,24h,Politics,0,0.05,0.09900000000000006,70,7.0,0.1,0.04115970158358478,0.19524565254166246,,,
binning_cal,2025Q3,24h,Politics,1,0.09900000000000006,0.19,69,5.0,0.07246376811594203,0.02394662096870454,0.16106174027361295,,,
binning_cal,2025Q3,24h,Politics,2,0.19,0.26,61,10.0,0.16393442622950818,0.0815172840420186,0.28088504572721495,,,
binning_cal,2025Q3,24h,Politics,3,0.26,0.34,71,24.0,0.3380281690140845,0.22997013350941928,0.46007303818483963,,,
binning_cal,2025Q3,24h,Politics,4,0.34,0.455,79,34.0,0.43037974683544306,0.319423547308622,0.54671416461932,,,
binning_cal,2025Q3,24h,Politics,5,0.455,0.58,65,35.0,0.5384615384615384,0.4103250740166126,0.662979080870129,,,
binning_cal,2025Q3,24h,Politics,6,0.58,0.68,73,43.0,0.589041095890411,0.467684595790463,0.702942402066639,,,
binning_cal,2025Q3,24h,Politics,7,0.68,0.78,68,38.0,0.5588235294117647,0.43317807685038096,0.679179935326291,,,
binning_cal,2025Q3,24h,Politics,8,0.78,0.9,73,55.0,0.7534246575342466,0.6385857003941257,0.8468446231710512,,,
binning_cal,2025Q3,24h,Politics,9,0.9,0.95,71,65.0,0.9154929577464789,0.8250839441789606,0.9683539718665773,,,
binning_cal,2025Q3,24h,Finance,0,0.05,0.06,78,10.0,0.1282051282051282,0.0632277341214987,0.22316214674524615,,,
binning_cal,2025Q3,24h,Finance,1,0.06,0.09,123,6.0,0.04878048780487805,0.01810941215296835,0.10315189015943498,,,
binning_cal,2025Q3,24h,Finance,2,0.09,0.12,166,23.0,0.13855421686746988,0.08990250007483117,0.20061287309944775,,,
binning_cal,2025Q3,24h,Finance,3,0.12,0.15,128,16.0,0.125,0.07316607817136553,0.19504378186129948,,,
binning_cal,2025Q3,24h,Finance,4,0.15,0.2,138,21.0,0.15217391304347827,0.0967344337821636,0.22316003875152857,,,
binning_cal,2025Q3,24h,Finance,5,0.2,0.3,131,36.0,0.2748091603053435,0.2004730157693706,0.3596166823704522,,,
binning_cal,2025Q3,24h,Finance,6,0.3,0.46,136,49.0,0.3602941176470588,0.2798052738491729,0.4470113818486628,,,
binning_cal,2025Q3,24h,Finance,7,0.46,0.67,126,61.0,0.48412698412698413,0.39420315448749854,0.5748139097636529,,,
binning_cal,2025Q3,24h,Finance,8,0.67,0.86,123,92.0,0.7479674796747967,0.6617304307108095,0.8218899145350351,,,
binning_cal,2025Q3,24h,Finance,9,0.86,0.95,140,130.0,0.9285714285714286,0.8725637029354851,0.9652175650393177,,,
binning_cal,2025Q3,24h,Weather,0,0.05,0.07,767,31.0,0.04041720990873533,0.027623874654064743,0.05688077979269999,,,
binning_cal,2025Q3,24h,Weather,1,0.07,0.1,807,50.0,0.061957868649318466,0.04633239721135312,0.08087117330177336,,,
binning_cal,2025Q3,24h,Weather,2,0.1,0.14,935,86.0,0.09197860962566845,0.07422851630825342,0.11234579806095588,,,
binning_cal,2025Q3,24h,Weather,3,0.14,0.19,896,119.0,0.1328125,0.11126921512528752,0.15680192505744472,,,
binning_cal,2025Q3,24h,Weather,4,0.19,0.24,764,138.0,0.1806282722513089,0.15396966964664527,0.2097778946894913,,,
binning_cal,2025Q3,24h,Weather,5,0.24,0.3,843,185.0,0.21945432977461446,0.1919431248727354,0.24894216587152063,,,
binning_cal,2025Q3,24h,Weather,6,0.3,0.36,962,302.0,0.31392931392931395,0.2846902682478223,0.34431234810503863,,,
binning_cal,2025Q3,24h,Weather,7,0.36,0.41,770,282.0,0.36623376623376624,0.3321237308655292,0.40137267101389823,,,
binning_cal,2025Q3,24h,Weather,8,0.41,0.5,946,412.0,0.4355179704016913,0.4036364932576516,0.4678020780720486,,,
binning_cal,2025Q3,24h,Weather,9,0.5,0.95,858,514.0,0.5990675990675991,0.5653978468285706,0.6320545240704565,,,
binning_cal,2025Q3,24h,Entertainment,0,0.05,0.07,135,4.0,0.02962962962962963,0.008130898260053924,0.0741251574591392,,,
binning_cal,2025Q3,24h,Entertainment,1,0.07,0.1,120,7.0,0.058333333333333334,0.023772023790519087,0.11649837964561462,,,
binning_cal,2025Q3,24h,Entertainment,2,0.1,0.15,145,17.0,0.11724137931034483,0.06980159186072105,0.1810689705980985,,,
binning_cal,2025Q3,24h,Entertainment,3,0.15,0.24,148,33.0,0.22297297297297297,0.1587290726665192,0.29863940885609574,,,
binning_cal,2025Q3,24h,Entertainment,4,0.24,0.37,140,39.0,0.2785714285714286,0.20618040984922067,0.3605834032685986,,,
binning_cal,2025Q3,24h,Entertainment,5,0.37,0.5620000000000016,148,52.0,0.35135135135135137,0.27476174887022264,0.4340242900054392,,,
binning_cal,2025Q3,24h,Entertainment,6,0.5620000000000016,0.74,137,80.0,0.583941605839416,0.49669018958835426,0.6674835885496682,,,
binning_cal,2025Q3,24h,Entertainment,7,0.74,0.85,133,97.0,0.7293233082706767,0.6454693863086456,0.8026740142375586,,,
binning_cal,2025Q3,24h,Entertainment,8,0.85,0.92,146,125.0,0.8561643835616438,0.7885727216272895,0.9087052511180456,,,
binning_cal,2025Q3,24h,Entertainment,9,0.92,0.95,141,124.0,0.8794326241134752,0.8139893300103229,0.9281721485760963,,,
,2024Q4,1w,Politics,0,0.05,0.06,1,,,,,raw,0.05,0.0
,2024Q4,1w,Politics,1,0.06,0.07400000000000002,8,,,,,raw,0.0625,0.0
,2024Q4,1w,Politics,2,0.07400000000000002,0.12600000000000006,4,,,,,raw,0.1,0.0
,2024Q4,1w,Politics,3,0.12600000000000006,0.16,2,,,,,raw,0.14500000000000002,0.0
,2024Q4,1w,Politics,4,0.16,0.19,5,,,,,raw,0.168,0.0
,2024Q4,1w,Politics,5,0.19,0.24600000000000005,5,,,,,raw,0.20999999999999996,0.2
,2024Q4,1w,Politics,6,0.24600000000000005,0.37,3,,,,,raw,0.2966666666666667,0.6666666666666666
,2024Q4,1w,Politics,7,0.37,0.48800000000000004,5,,,,,raw,0.40800000000000003,0.6
,2024Q4,1w,Politics,8,0.48800000000000004,0.8369999999999997,4,,,,,raw,0.595,0.75
,2024Q4,1w,Politics,9,0.8369999999999997,0.94,5,,,,,raw,0.8800000000000001,1.0
,2024Q4,1w,Sports,0,0.05,0.069,4,,,,,raw,0.055,0.0
,2024Q4,1w,Sports,1,0.069,0.08,3,,,,,raw,0.07,0.0
,2024Q4,1w,Sports,2,0.08,0.08700000000000001,5,,,,,raw,0.08,0.0
,2024Q4,1w,Sports,3,0.08700000000000001,0.136,4,,,,,raw,0.10250000000000001,0.0
,2024Q4,1w,Sports,4,0.136,0.16999999999999998,4,,,,,raw,0.15000000000000002,0.25
,2024Q4,1w,Sports,5,0.16999999999999998,0.3820000000000004,4,,,,,raw,0.2425,0.5
,2024Q4,1w,Sports,6,0.3820000000000004,0.763,4,,,,,raw,0.6275,0.75
,2024Q4,1w,Sports,7,0.763,0.82,3,,,,,raw,0.7933333333333333,0.6666666666666666
,2024Q4,1w,Sports,8,0.82,0.883,5,,,,,raw,0.836,0.8
,2024Q4,1w,Sports,9,0.883,0.95,4,,,,,raw,0.9325000000000001,1.0
,2024Q4,1w,Politics,0,0.04423630682159207,0.053606726757921934,1,,,,,platt,0.04423630682159207,0.0
,2024Q4,1w,Politics,1,0.053606726757921934,0.06690043172567164,8,,,,,platt,0.05597229204703523,0.0
,2024Q4,1w,Politics,2,0.06690043172567164,0.1173551869906145,4,,,,,platt,0.0919484363030871,0.0
,2024Q4,1w,Politics,3,0.1173551869906145,0.1510706467976867,2,,,,,platt,0.1361327066897392,0.0
,2024Q4,1w,Politics,4,0.1510706467976867,0.1812038779913083,5,,,,,platt,0.15909260303019562,0.0
,2024Q4,1w,Politics,5,0.1812038779913083,0.23817309112997773,5,,,,,platt,0.20150162090661747,0.2
,2024Q4,1w,Politics,6,0.23817309112997773,0.36650727729687854,3,,,,,platt,0.2904163913286136,0.6666666666666666
,2024Q4,1w,Politics,7,0.36650727729687854,0.48994200498627594,5,,,,,platt,0.4062305727552259,0.6
,2024Q4,1w,Politics,8,0.48994200498627594,0.8482687500234674,4,,,,,platt,0.6013651053511619,0.75
,2024Q4,1w,Politics,9,0.8482687500234674,0.9474020453634573,5,,,,,platt,0.8902100364111298,1.0
,2024Q4,1w,Sports,0,0.04423630682159207,0.062122761798729824,4,,,,,platt,0.048921516789757,0.0
,2024Q4,1w,Sports,1,0.062122761798729824,0.07261173167497718,3,,,,,platt,0.06306898791437514,0.0
,2024Q4,1w,Sports,2,0.07261173167497718,0.07934186438209348,5,,,,,platt,0.07261173167497718,0.0
,2024Q4,1w,Sports,3,0.07934186438209348,0.12721137171569477,4,,,,,platt,0.0944090066771531,0.0
,2024Q4,1w,Sports,4,0.12721137171569477,0.16109809208832288,4,,,,,platt,0.14111873437515443,0.25
,2024Q4,1w,Sports,5,0.16109809208832288,0.3792885832053138,4,,,,,platt,0.2348497684553125,0.5
,2024Q4,1w,Sports,6,0.3792885832053138,0.774558394130886,4,,,,,platt,0.6348783475908681,0.75
,2024Q4,1w,Sports,7,0.774558394130886,0.8317014361373096,3,,,,,platt,0.8050523594949993,0.6666666666666666
,2024Q4,1w,Sports,8,0.8317014361373096,0.8934092144775009,5,,,,,platt,0.8474325493905026,0.8
,2024Q4,1w,Sports,9,0.8934092144775009,0.9566042181425705,4,,,,,platt,0.9403028422139577,1.0
,2024Q4,1w,Politics,0,0.028571428571428574,0.09505703422053231,1,,,,,venn_abers,0.028571428571428574,0.0
,2024Q4,1w,Politics,1,0.09505703422053231,0.1081081081081081,6,,,,,venn_abers,0.09505703422053231,0.0
,2024Q4,1w,Politics,2,0.1081081081081081,0.1360389565601248,6,,,,,venn_abers,0.11432559319883263,0.0
,2024Q4,1w,Politics,3,0.1360389565601248,0.1851851851851852,2,,,,,venn_abers,0.16562112982734478,0.0
,2024Q4,1w,Politics,5,0.1851851851851852,0.20408163265306123,9,,,,,venn_abers,0.1851851851851852,0.1111111111111111
,2024Q4,1w,Politics,6,0.20408163265306123,0.43478260869565216,4,,,,,venn_abers,0.22062272341699518,0.5
,2024Q4,1w,Politics,7,0.43478260869565216,0.47058823529411764,2,,,,,venn_abers,0.43478260869565216,0.5
,2024Q4,1w,Politics,8,0.47058823529411764,0.8704263962701755,7,,,,,venn_abers,0.5454086890329908,0.7142857142857143
,2024Q4,1w,Politics,9,0.8704263962701755,0.9615384615384615,5,,,,,venn_abers,0.897100230101195,1.0
,2024Q4,1w,Sports,0,0.028571428571428574,0.10680300071935053,4,,,,,venn_abers,0.06181423139598044,0.0
,2024Q4,1w,Sports,3,0.1081081081081081,0.14531734973996777,12,,,,,venn_abers,0.11121685065347037,0.0
,2024Q4,1w,Sports,4,0.14531734973996777,0.1851851851851852,2,,,,,venn_abers,0.1576885406464251,0.0
,2024Q4,1w,Sports,5,0.1851851851851852,0.31068427370948437,6,,,,,venn_abers,0.19148400100781057,0.5
,2024Q4,1w,Sports,6,0.31068427370948437,0.7894736842105263,3,,,,,venn_abers,0.5435827349412438,0.6666666666666666
,2024Q4,1w,Sports,8,0.7894736842105263,0.8843359935431059,9,,,,,venn_abers,0.7996422384362322,0.7777777777777778
,2024Q4,1w,Sports,9,0.8843359935431059,0.9814814814814815,4,,,,,venn_abers,0.9490028748449765,1.0
binning_cal,2024Q4,1w,Finance,0,0.05,0.09,43,5.0,0.11627906976744186,0.03885231477806172,0.2508324253456527,,,
binning_cal,2024Q4,1w,Finance,1,0.09,0.15,46,3.0,0.06521739130434782,0.013656771913445585,0.1789643888727512,,,
binning_cal,2024Q4,1w,Finance,2,0.15,0.24,45,14.0,0.3111111111111111,0.1816588039337222,0.4664910299121159,,,
binning_cal,2024Q4,1w,Finance,3,0.24,0.3460000000000002,46,12.0,0.2608695652173913,0.14266853688823072,0.41131884760436244,,,
binning_cal,2024Q4,1w,Finance,4,0.3460000000000002,0.46,38,19.0,0.5,0.33378900611309653,0.6662109938869034,,,
binning_cal,2024Q4,1w,Finance,5,0.46,0.6140000000000003,52,29.0,0.5576923076923077,0.41327556067234406,0.6953043752882531,,,
binning_cal,2024Q4,1w,Finance,6,0.6140000000000003,0.75,44,30.0,0.6818181818181818,0.5242185785027911,0.81390116282513,,,
binning_cal,2024Q4,1w,Finance,7,0.75,0.85,45,36.0,0.8,0.6540417022050522,0.9042427303088574,,,
binning_cal,2024Q4,1w,Finance,8,0.85,0.9010000000000002,46,43.0,0.9347826086956522,0.8210356111272488,0.9863432280865544,,,
binning_cal,2024Q4,1w,Finance,9,0.9010000000000002,0.95,45,43.0,0.9555555555555556,0.8485070997566608,0.9945715112997491,,,
binning_cal,2024Q4,1w,Weather,0,0.05,0.06,9,0.0,0.0,0.0,0.3362671168799428,,,
binning_cal,2024Q4,1w,Weather,1,0.06,0.08,15,3.0,0.2,0.043312005105836604,0.48089113380685305,,,
binning_cal,2024Q4,1w,Weather,2,0.08,0.12,12,1.0,0.08333333333333333,0.0021075932318602264,0.38479616515094406,,,
binning_cal,2024Q4,1w,Weather,3,0.12,0.17,12,3.0,0.25,0.05486064452799272,0.5718584618781891,,,
binning_cal,2024Q4,1w,Weather,4,0.17,0.27,13,3.0,0.23076923076923078,0.05038107349115153,0.5381315392340409,,,
binning_cal,2024Q4,1w,Weather,5,0.27,0.39,12,5.0,0.4166666666666667,0.15165222980843013,0.7233303143178942,,,
binning_cal,2024Q4,1w,Weather,6,0.39,0.5940000000000001,13,9.0,0.6923076923076923,0.3857383382492956,0.9090796054279033,,,
binning_cal,2024Q4,1w,Weather,7,0.5940000000000001,0.75,11,7.0,0.6363636363636364,0.30790471501167715,0.8907365561809019,,,
binning_cal,2024Q4,1w,Weather,8,0.75,0.868,13,11.0,0.8461538461538461,0.5455289443234422,0.9807933280174715,,,
binning_cal,2024Q4,1w,Weather,9,0.868,0.94,13,13.0,1.0,0.752947361999529,1.0,,,
binning_cal,2024Q4,1w,Entertainment,0,0.05,0.09,37,0.0,0.0,0.0,0.09489058741498987,,,
binning_cal,2024Q4,1w,Entertainment,1,0.09,0.15,38,3.0,0.07894736842105263,0.016586475864529524,0.21377329118061816,,,
binning_cal,2024Q4,1w,Entertainment,2,0.15,0.21,37,4.0,0.10810810810810811,0.030251965068749623,0.25417593607747896,,,
binning_cal,2024Q4,1w,Entertainment,3,0.21,0.33,38,3.0,0.07894736842105263,0.016586475864529524,0.21377329118061816,,,
binning_cal,2024Q4,1w,Entertainment,4,0.33,0.5,37,13.0,0.35135135135135137,0.20209981528400264,0.5253887443739742,,,
binning_cal,2024Q4,1w,Entertainment,5,0.5,0.6320000000000005,40,18.0,0.45,0.29258835003987993,0.6150932054659866,,,
binning_cal,2024Q4,1w,Entertainment,6,0.6320000000000005,0.75,36,26.0,0.7222222222222222,0.548138854932161,0.857997552736598,,,
binning_cal,2024Q4,1w,Entertainment,7,0.75,0.86,35,28.0,0.8,0.6306211554775547,0.9155939838394355,,,
binning_cal,2024Q4,1w,Entertainment,8,0.86,0.91,36,30.0,0.8333333333333334,0.671884067957082,0.9362798663916143,,,
binning_cal,2024Q4,1w,Entertainment,9,0.91,0.95,44,42.0,0.9545454545454546,0.8452684223410106,0.9944470480046295,,,
,2025Q1,1w,Politics,0,0.05,0.07,17,,,,,raw,0.05470588235294119,0.058823529411764705
,2025Q1,1w,Politics,1,0.07,0.11,30,,,,,raw,0.08366666666666664,0.16666666666666666
,2025Q1,1w,Politics,2,0.11,0.1960000000000001,26,,,,,raw,0.15692307692307692,0.15384615384615385
,2025Q1,1w,Politics,3,0.1960000000000001,0.3,23,,,,,raw,0.2365217391304348,0.34782608695652173
,2025Q1,1w,Politics,4,0.3,0.46,25,,,,,raw,0.37079999999999996,0.48
,2025Q1,1w,Politics,5,0.46,0.63,21,,,,,raw,0.5428571428571429,0.6666666666666666
,2025Q1,1w,Politics,6,0.63,0.7340000000000001,28,,,,,raw,0.6685714285714284,0.6071428571428571
,2025Q1,1w,Politics,7,0.7340000000000001,0.8360000000000002,24,,,,,raw,0.7795833333333334,0.6666666666666666
,2025Q1,1w,Politics,8,0.8360000000000002,0.92,23,,,,,raw,0.8756521739130436,0.782608695652174
,2025Q1,1w,Politics,9,0.92,0.95,26,,,,,raw,0.9357692307692307,0.6538461538461539
,2025Q1,1w,Sports,0,0.05,0.07,13,,,,,raw,0.0553846153846154,0.0
,2025Q1,1w,Sports,1,0.07,0.09,16,,,,,raw,0.07625000000000001,0.0
,2025Q1,1w,Sports,2,0.09,0.12,14,,,,,raw,0.10000000000000002,0.07142857142857142
,2025Q1,1w,Sports,3,0.12,0.16,14,,,,,raw,0.13357142857142862,0.07142857142857142
,2025Q1,1w,Sports,4,0.16,0.225,21,,,,,raw,0.17761904761904762,0.0
,2025Q1,1w,Sports,5,0.225,0.36000000000000015,16,,,,,raw,0.29625,0.25
,2025Q1,1w,Sports,6,0.36000000000000015,0.47,14,,,,,raw,0.425,0.42857142857142855
,2025Q1,1w,Sports,7,0.47,0.58,16,,,,,raw,0.5162500000000001,0.5625
,2025Q1,1w,Sports,8,0.58,0.715,16,,,,,raw,0.650625,0.5
,2025Q1,1w,Sports,9,0.715,0.95,16,,,,,raw,0.859375,1.0
,2025Q1,1w,Politics,0,0.03723058109795741,0.05443276629101762,17,,,,,platt,0.041231190035212896,0.058823529411764705
,2025Q1,1w,Politics,1,0.05443276629101762,0.09085342110657747,30,,,,,platt,0.06672240978005188,0.16666666666666666
,2025Q1,1w,Politics,2,0.09085342110657747,0.17540791030875352,26,,,,,platt,0.13646273164870118,0.15384615384615385
,2025Q1,1w,Politics,3,0.17540791030875352,0.2848792268103097,23,,,,,platt,0.21752542199333028,0.34782608695652173
,2025Q1,1w,Politics,4,0.2848792268103097,0.46097916413776474,25,,,,,platt,0.3623497244617673,0.48
,2025Q1,1w,Politics,5,0.46097916413776474,0.6488107960932956,21,,,,,platt,0.5529319486547238,0.6666666666666666
,2025Q1,1w,Politics,6,0.6488107960932956,0.7596406208840967,28,,,,,platt,0.6902605418093601,0.6071428571428571
,2025Q1,1w,Politics,7,0.7596406208840967,0.8621454096704805,24,,,,,platt,0.8060243010852229,0.6666666666666666
,2025Q1,1w,Politics,8,0.8621454096704805,0.9392396134096596,23,,,,,platt,0.8992858538155698,0.782608695652174
,2025Q1,1w,Politics,9,0.9392396134096596,0.9643094053277288,26,,,,,platt,0.9525179874484965,0.6538461538461539
,2025Q1,1w,Sports,0,0.03723058109795741,0.05443276629101762,13,,,,,platt,0.04180820093962475,0.0
,2025Q1,1w,Sports,1,0.05443276629101762,0.07234952019199666,16,,,,,platt,0.05998170676882436,0.0
,2025Q1,1w,Sports,2,0.07234952019199666,0.10029742912072695,14,,,,,platt,0.08158224098667563,0.07142857142857142
,2025Q1,1w,Sports,3,0.10029742912072695,0.1391644213660053,14,,,,,platt,0.11340162711827993,0.07142857142857142
,2025Q1,1w,Sports,4,0.1391644213660053,0.2053029901861819,21,,,,,platt,0.15689815328874185,0.0
,2025Q1,1w,Sports,5,0.2053029901861819,0.3502455632060769,16,,,,,platt,0.2812697404123068,0.25
,2025Q1,1w,Sports,6,0.3502455632060769,0.47210511222955037,14,,,,,platt,0.42212521342216386,0.42857142857142855
,2025Q1,1w,Sports,7,0.47210511222955037,0.5940870989030689,16,,,,,platt,0.5235015099786194,0.5625
,2025Q1,1w,Sports,8,0.5940870989030689,0.7397785004826503,16,,,,,platt,0.6708662268026313,0.5
,2025Q1,1w,Sports,9,0.7397785004826503,0.9643094053277288,16,,,,,platt,0.8818294437435421,1.0
,2025Q1,1w,Politics,0,0.019999999999999997,0.09160403143149984,17,,,,,venn_abers,0.0442016806722689,0.058823529411764705
,2025Q1,1w,Politics,1,0.09160403143149984,0.09354588730211447,21,,,,,venn_abers,0.09160403143149984,0.14285714285714285
,2025Q1,1w,Politics,2,0.09354588730211447,0.16949152542372883,20,,,,,venn_abers,0.09657584027647417,0.15
,2025Q1,1w,Politics,3,0.16949152542372883,0.2421052631578947,24,,,,,venn_abers,0.17336290339370133,0.20833333333333334
,2025Q1,1w,Politics,4,0.2421052631578947,0.4933333333333333,28,,,,,venn_abers,0.3011765315990972,0.5
,2025Q1,1w,Politics,5,0.4933333333333333,0.5869565217391305,32,,,,,venn_abers,0.5122423412456887,0.5625
,2025Q1,1w,Politics,6,0.5869565217391305,0.7999999999999999,27,,,,,venn_abers,0.6152180219002374,0.5925925925925926
,2025Q1,1w,Politics,7,0.7999999999999999,0.8436197629040583,25,,,,,venn_abers,0.8047407407407409,0.68
,2025Q1,1w,Politics,8,0.8436197629040583,0.9333333333333333,23,,,,,venn_abers,0.8950569487899027,0.782608695652174
,2025Q1,1w,Politics,9,0.9333333333333333,0.9836065573770493,26,,,,,venn_abers,0.955465717182207,0.6538461538461539
,2025Q1,1w,Sports,0,0.019999999999999997,0.09160403143149984,13,,,,,venn_abers,0.04769230769230769,0.0
,2025Q1,1w,Sports,2,0.09160403143149984,0.09354588730211447,21,,,,,venn_abers,0.09160403143149984,0.0
,2025Q1,1w,Sports,3,0.09354588730211447,0.16949152542372883,23,,,,,venn_abers,0.09815668530657494,0.08695652173913043
,2025Q1,1w,Sports,4,0.16949152542372883,0.21742824937136912,21,,,,,venn_abers,0.17170074689787698,0.0
,2025Q1,1w,Sports,5,0.21742824937136912,0.40965092402464065,12,,,,,venn_abers,0.2649122807017543,0.16666666666666666
,2025Q1,1w,Sports,6,0.40965092402464065,0.4933333333333333,6,,,,,venn_abers,0.41383953813647595,0.6666666666666666
,2025Q1,1w,Sports,7,0.4933333333333333,0.5283018867924528,17,,,,,venn_abers,0.494674256799494,0.47058823529411764
,2025Q1,1w,Sports,8,0.5283018867924528,0.7110923956907744,27,,,,,venn_abers,0.5690311802200988,0.48148148148148145
,2025Q1,1w,Sports,9,0.7110923956907744,0.9836065573770493,16,,,,,venn_abers,0.8786002281991485,1.0
binning_cal,2025Q1,1w,Finance,0,0.05,0.09,45,5.0,0.1111111111111111,0.03707666130719137,0.2405358084955141,,,
binning_cal,2025Q1,1w,Finance,1,0.09,0.15,48,5.0,0.10416666666666667,0.034698122121196016,0.22657766128376375,,,
binning_cal,2025Q1,1w,Finance,2,0.15,0.24,45,13.0,0.28888888888888886,0.16366256044568112,0.4431452770852318,,,
binning_cal,2025Q1,1w,Finance,3,0.24,0.35,47,15.0,0.3191489361702128,0.19086050766750792,0.47118125720406034,,,
binning_cal,2025Q1,1w,Finance,4,0.35,0.485,49,24.0,0.4897959183673469,0.34424742308761874,0.6366217418612179,,,
binning_cal,2025Q1,1w,Finance,5,0.485,0.64,44,27.0,0.6136363636363636,0.4549553046634418,0.756428357559279,,,
binning_cal,2025Q1,1w,Finance,6,0.64,0.76,48,35.0,0.7291666666666666,0.5815436346738113,0.8472181313917835,,,
binning_cal,2025Q1,1w,Finance,7,0.76,0.85,43,36.0,0.8372093023255814,0.6929891276350901,0.9319479055385308,,,
binning_cal,2025Q1,1w,Finance,8,0.85,0.91,46,43.0,0.9347826086956522,0.8210356111272488,0.9863432280865544,,,
binning_cal,2025Q1,1w,Finance,9,0.91,0.95,53,51.0,0.9622641509433962,0.8702416183369376,0.995396890725685,,,
binning_cal,2025Q1,1w,Weather,0,0.05,0.06,13,0.0,0.0,0.0,0.24705263800047092,,,
binning_cal,2025Q1,1w,Weather,1,0.06,0.08,14,3.0,0.21428571428571427,0.04657928788986729,0.5079756770484718,,,
binning_cal,2025Q1,1w,Weather,2,0.08,0.12,16,1.0,0.0625,0.0015811117227658871,0.3023207384345319,,,
binning_cal,2025Q1,1w,Weather,3,0.12,0.17,16,3.0,0.1875,0.040473733905945886,0.4564565462316117,,,
binning_cal,2025Q1,1w,Weather,4,0.17,0.25,16,3.0,0.1875,0.040473733905945886,0.4564565462316117,,,
binning_cal,2025Q1,1w,Weather,5,0.25,0.39,15,5.0,0.3333333333333333,0.11824110336688094,0.6161962674588458,,,
binning_cal,2025Q1,1w,Weather,6,0.39,0.5840000000000003,16,12.0,0.75,0.4762291801038727,0.9273379617471178,,,
binning_cal,2025Q1,1w,Weather,7,0.5840000000000003,0.75,14,11.0,0.7857142857142857,0.49202432295152815,0.9534207121101327,,,
binning_cal,2025Q1,1w,Weather,8,0.75,0.86,14,10.0,0.7142857142857143,0.4189647428163391,0.9161106816928725,,,
binning_cal,2025Q1,1w,Weather,9,0.86,0.94,18,18.0,1.0,0.8146980318621477,1.0,,,
binning_cal,2025Q1,1w,Entertainment,0,0.05,0.08,42,0.0,0.0,0.0,0.08408385494035513,,,
binning_cal,2025Q1,1w,Entertainment,1,0.08,0.14,60,2.0,0.03333333333333333,0.004062624642093496,0.1152810444192517,,,
binning_cal,2025Q1,1w,Entertainment,2,0.14,0.2,42,5.0,0.11904761904761904,0.03980552894268835,0.2563166776063778,,,
binning_cal,2025Q1,1w,Entertainment,3,0.2,0.33,61,6.0,0.09836065573770492,0.03695999487785188,0.2018961918543701,,,
binning_cal,2025Q1,1w,Entertainment,4,0.33,0.5,51,16.0,0.3137254901960784,0.19110397147758015,0.45887290262060804,,,
binning_cal,2025Q1,1w,Entertainment,5,0.5,0.63,54,23.0,0.42592592592592593,0.29234726623706947,0.5679173501047552,,,
binning_cal,2025Q1,1w,Entertainment,6,0.63,0.75,53,33.0,0.6226415094339622,0.4789392849187021,0.7521278015350877,,,
binning_cal,2025Q1,1w,Entertainment,7,0.75,0.86,47,37.0,0.7872340425531915,0.6433630122370075,0.8929675228452144,,,
binning_cal,2025Q1,1w,Entertainment,8,0.86,0.91,49,43.0,0.8775510204081632,0.7523070316403171,0.9537109689181043,,,
binning_cal,2025Q1,1w,Entertainment,9,0.91,0.95,64,61.0,0.953125,0.8690642627585942,0.9902269250455434,,,
,2025Q2,1w,Politics,0,0.05,0.07,13,,,,,raw,0.05307692307692309,0.15384615384615385
,2025Q2,1w,Politics,1,0.07,0.13,17,,,,,raw,0.09235294117647058,0.0
,2025Q2,1w,Politics,2,0.13,0.17900000000000005,16,,,,,raw,0.14750000000000002,0.125
,2025Q2,1w,Politics,3,0.17900000000000005,0.26,15,,,,,raw,0.21,0.2
,2025Q2,1w,Politics,4,0.26,0.355,16,,,,,raw,0.28937500000000005,0.625
,2025Q2,1w,Politics,5,0.355,0.5,14,,,,,raw,0.4078571428571429,0.42857142857142855
,2025Q2,1w,Politics,6,0.5,0.66,16,,,,,raw,0.575,0.6875
,2025Q2,1w,Politics,7,0.66,0.7740000000000001,16,,,,,raw,0.703125,0.6875
,2025Q2,1w,Politics,8,0.7740000000000001,0.9070000000000003,15,,,,,raw,0.842,0.8666666666666667
,2025Q2,1w,Politics,9,0.9070000000000003,0.95,16,,,,,raw,0.9225000000000001,0.9375
,2025Q2,1w,Sports,0,0.05,0.07,24,,,,,raw,0.05458333333333334,0.0
,2025Q2,1w,Sports,1,0.07,0.12,33,,,,,raw,0.08848484848484849,0.030303030303030304
,2025Q2,1w,Sports,2,0.12,0.16300000000000012,34,,,,,raw,0.1385294117647059,0.14705882352941177
,2025Q2,1w,Sports,3,0.16300000000000012,0.22,27,,,,,raw,0.1866666666666667,0.14814814814814814
,2025Q2,1w,Sports,4,0.22,0.3,29,,,,,raw,0.253448275862069,0.2413793103448276
,2025Q2,1w,Sports,5,0.3,0.3760000000000002,34,,,,,raw,0.33794117647058824,0.2647058823529412
,2025Q2,1w,Sports,6,0.3760000000000002,0.5170000000000002,30,,,,,raw,0.44999999999999996,0.4666666666666667
,2025Q2,1w,Sports,7,0.5170000000000002,0.67,29,,,,,raw,0.5844827586206897,0.5517241379310345
,2025Q2,1w,Sports,8,0.67,0.81,30,,,,,raw,0.7343333333333334,0.9
,2025Q2,1w,Sports,9,0.81,0.95,32,,,,,raw,0.8621875,0.875
,2025Q2,1w,Politics,0,0.03805722243932987,0.05426443038771238,13,,,,,platt,0.04053659845356413,0.15384615384615385
,2025Q2,1w,Politics,1,0.05426443038771238,0.10475348219126608,17,,,,,platt,0.07288736689309448,0.0
,2025Q2,1w,Politics,2,0.10475348219126608,0.14768919993686488,16,,,,,platt,0.11997206923198356,0.125
,2025Q2,1w,Politics,3,0.14768919993686488,0.22149220838299238,15,,,,,platt,0.17566389203769908,0.2
,2025Q2,1w,Politics,4,0.22149220838299238,0.3120526251120723,16,,,,,platt,0.24918732905951105,0.625
,2025Q2,1w,Politics,5,0.3120526251120723,0.4575943739669321,14,,,,,platt,0.3644703747932401,0.42857142857142855
,2025Q2,1w,Politics,6,0.4575943739669321,0.6269742712033796,16,,,,,platt,0.5364937652836403,0.6875
,2025Q2,1w,Politics,7,0.6269742712033796,0.7519912638686037,16,,,,,platt,0.6740423792276952,0.6875
,2025Q2,1w,Politics,8,0.7519912638686037,0.8999567901782634,15,,,,,platt,0.8276250734828572,0.8666666666666667
,2025Q2,1w,Politics,9,0.8999567901782634,0.9473400127089714,16,,,,,platt,0.9170833532507915,0.9375
,2025Q2,1w,Sports,0,0.03805722243932987,0.05426443038771238,24,,,,,platt,0.041750459627199664,0.0
,2025Q2,1w,Sports,1,0.05426443038771238,0.09616811346908705,33,,,,,platt,0.0696207786364808,0.030303030303030304
,2025Q2,1w,Sports,2,0.09616811346908705,0.13352179905041542,34,,,,,platt,0.11217017284106123,0.14705882352941177
,2025Q2,1w,Sports,3,0.13352179905041542,0.18462829807624617,27,,,,,platt,0.15457655049707578,0.14814814814814814
,2025Q2,1w,Sports,4,0.18462829807624617,0.25912240209797677,29,,,,,platt,0.21557230817206108,0.2413793103448276
,2025Q2,1w,Sports,5,0.25912240209797677,0.33260600580573285,34,,,,,platt,0.2956116848421056,0.2647058823529412
,2025Q2,1w,Sports,6,0.33260600580573285,0.4751894540476885,30,,,,,platt,0.4067032774002351,0.4666666666666667
,2025Q2,1w,Sports,7,0.4751894540476885,0.6378184892951708,29,,,,,platt,0.5462491897836428,0.5517241379310345
,2025Q2,1w,Sports,8,0.6378184892951708,0.7919641801657583,30,,,,,platt,0.7083494558039446,0.9
,2025Q2,1w,Sports,9,0.7919641801657583,0.9473400127089714,32,,,,,platt,0.8500534112451448,0.875
,2025Q2,1w,Politics,0,0.011363636363636362,0.0670391061452514,13,,,,,venn_abers,0.027647604949292467,0.15384615384615385
,2025Q2,1w,Politics,1,0.0670391061452514,0.08333333333333333,11,,,,,venn_abers,0.06703910614525141,0.0
,2025Q2,1w,Politics,2,0.08333333333333333,0.1590909090909091,18,,,,,venn_abers,0.08539339069389154,0.05555555555555555
,2025Q2,1w,Politics,3,0.1590909090909091,0.2569444444444444,15,,,,,venn_abers,0.16715162753770305,0.2
,2025Q2,1w,Politics,4,0.2569444444444444,0.3303605313092979,20,,,,,venn_abers,0.2667320261437908,0.55
,2025Q2,1w,Politics,5,0.3303605313092979,0.5028571428571429,14,,,,,venn_abers,0.41002637108039003,0.42857142857142855
,2025Q2,1w,Politics,6,0.5028571428571429,0.5388679245283019,16,,,,,venn_abers,0.5235490135441344,0.6875
,2025Q2,1w,Politics,7,0.5388679245283019,0.7441860465116279,14,,,,,venn_abers,0.5829787658511147,0.6428571428571429
,2025Q2,1w,Politics,8,0.7441860465116279,0.9182692307692307,13,,,,,venn_abers,0.7863712048548062,0.8461538461538461
,2025Q2,1w,Politics,9,0.9182692307692307,0.9387755102040816,20,,,,,venn_abers,0.9204935016315525,0.95
,2025Q2,1w,Sports,0,0.011363636363636362,0.0670391061452514,24,,,,,venn_abers,0.03561996456935328,0.0
,2025Q2,1w,Sports,1,0.0670391061452514,0.08333333333333333,21,,,,,venn_abers,0.06703910614525138,0.0
,2025Q2,1w,Sports,2,0.08333333333333333,0.1590909090909091,43,,,,,venn_abers,0.08505803251891696,0.11627906976744186
,2025Q2,1w,Sports,3,0.1590909090909091,0.21739130434782608,30,,,,,venn_abers,0.15941415805501474,0.16666666666666666
,2025Q2,1w,Sports,4,0.21739130434782608,0.2569444444444444,6,,,,,venn_abers,0.21739130434782608,0.16666666666666666
,2025Q2,1w,Sports,5,0.2569444444444444,0.3868334430546424,57,,,,,venn_abers,0.2904315131070349,0.2631578947368421
,2025Q2,1w,Sports,6,0.3868334430546424,0.5106420191305606,30,,,,,venn_abers,0.4680422955234824,0.4666666666666667
,2025Q2,1w,Sports,7,0.5106420191305606,0.5388679245283019,28,,,,,venn_abers,0.5278984346758946,0.5714285714285714
,2025Q2,1w,Sports,8,0.5388679245283019,0.7887323943661972,29,,,,,venn_abers,0.6521776239291854,0.8620689655172413
,2025Q2,1w,Sports,9,0.7887323943661972,0.9387755102040816,34,,,,,venn_abers,0.8455250479924096,0.8823529411764706
binning_cal,2025Q2,1w,Sports,0,0.05,0.07,17,0.0,0.0,0.0,0.19506432296909318,,,
binning_cal,2025Q2,1w,Sports,1,0.07,0.08,11,0.0,0.0,0.0,0.28491415291815436,,,
binning_cal,2025Q2,1w,Sports,2,0.08,0.12,32,1.0,0.03125,0.0007908685979525573,0.16217099418151154,,,
binning_cal,2025Q2,1w,Sports,3,0.12,0.16,18,1.0,0.05555555555555555,0.0014055561673694222,0.27294359967336845,,,
binning_cal,2025Q2,1w,Sports,4,0.16,0.23,26,2.0,0.07692307692307693,0.00945539100371274,0.25130291669537386,,,
binning_cal,2025Q2,1w,Sports,5,0.23,0.3740000000000002,22,6.0,0.2727272727272727,0.10728924837039697,0.5022212012663488,,,
binning_cal,2025Q2,1w,Sports,6,0.3740000000000002,0.51,19,10.0,0.5263157894736842,0.2886432479169988,0.7555253105338039,,,
binning_cal,2025Q2,1w,Sports,7,0.51,0.6620000000000003,23,12.0,0.5217391304347826,0.305878001491374,0.7318038138244465,,,
binning_cal,2025Q2,1w,Sports,8,0.6620000000000003,0.83,19,13.0,0.6842105263157895,0.43449843115384906,0.8742393641270166,,,
binning_cal,2025Q2,1w,Sports,9,0.83,0.95,23,22.0,0.9565217391304348,0.7805133925465195,0.9988998313695585,,,
binning_cal,2025Q2,1w,Politics,0,0.05,0.07,28,2.0,0.07142857142857142,0.008770496703527133,0.23503477317459073,,,
binning_cal,2025Q2,1w,Politics,1,0.07,0.11,37,5.0,0.13513513513513514,0.04537199234199395,0.2877477973105722,,,
binning_cal,2025Q2,1w,Politics,2,0.11,0.19,33,5.0,0.15151515151515152,0.05108869935608122,0.3189898197104364,,,
binning_cal,2025Q2,1w,Politics,3,0.19,0.26,33,7.0,0.21212121212121213,0.08980424454270132,0.3890809196741135,,,
binning_cal,2025Q2,1w,Politics,4,0.26,0.4,28,16.0,0.5714285714285714,0.3717936286120959,0.7553760636978534,,,
binning_cal,2025Q2,1w,Politics,5,0.4,0.59,37,21.0,0.5675675675675675,0.39488442141776015,0.7290206268187072,,,
binning_cal,2025Q2,1w,Politics,6,0.59,0.7060000000000002,34,20.0,0.5882352941176471,0.4069694329708481,0.7535292647022493,,,
binning_cal,2025Q2,1w,Politics,7,0.7060000000000002,0.8340000000000003,33,24.0,0.7272727272727273,0.5447615722392183,0.867003611289185,,,
binning_cal,2025Q2,1w,Politics,8,0.8340000000000003,0.92,28,23.0,0.8214285714285714,0.6310666505807963,0.9393570911807925,,,
binning_cal,2025Q2,1w,Politics,9,0.92,0.95,38,28.0,0.7368421052631579,0.5689917562977604,0.8659662769750264,,,
binning_cal,2025Q2,1w,Finance,0,0.05,0.09,50,2.0,0.04,0.004881433426164379,0.1371376256039674,,,
binning_cal,2025Q2,1w,Finance,1,0.09,0.14,46,5.0,0.10869565217391304,0.03624837189102243,0.23569670071747312,,,
binning_cal,2025Q2,1w,Finance,2,0.14,0.23400000000000035,60,13.0,0.21666666666666667,0.12071602446269679,0.3419561787346524,,,
binning_cal,2025Q2,1w,Finance,3,0.23400000000000035,0.34,49,15.0,0.30612244897959184,0.18251944764587363,0.4541524365052458,,,
binning_cal,2025Q2,1w,Finance,4,0.34,0.51,53,21.0,0.39622641509433965,0.2645164407945592,0.5399569465345293,,,
binning_cal,2025Q2,1w,Finance,5,0.51,0.67,52,28.0,0.5384615384615384,0.39469822911185726,0.6776896818264017,,,
binning_cal,2025Q2,1w,Finance,6,0.67,0.7760000000000002,53,36.0,0.6792452830188679,0.5368387712284394,0.8008133531683659,,,
binning_cal,2025Q2,1w,Finance,7,0.7760000000000002,0.86,50,39.0,0.78,0.6403881114342107,0.8847341739621514,,,
binning_cal,2025Q2,1w,Finance,8,0.86,0.92,51,48.0,0.9411764705882353,0.8375777819279495,0.9877009117447599,,,
binning_cal,2025Q2,1w,Finance,9,0.92,0.95,55,54.0,0.9818181818181818,0.9028089842507466,0.9995397821512043,,,
binning_cal,2025Q2,1w,Weather,0,0.05,0.06700000000000002,15,0.0,0.0,0.0,0.218019360910534,,,
binning_cal,2025Q2,1w,Weather,1,0.06700000000000002,0.1,14,3.0,0.21428571428571427,0.04657928788986729,0.5079756770484718,,,
binning_cal,2025Q2,1w,Weather,2,0.1,0.1310000000000001,16,2.0,0.125,0.015513603815413885,0.38347623684926346,,,
binning_cal,2025Q2,1w,Weather,3,0.1310000000000001,0.19,13,2.0,0.15384615384615385,0.019206671982528477,0.45447105567655766,,,
binning_cal,2025Q2,1w,Weather,4,0.19,0.25,15,2.0,0.13333333333333333,0.016575913440083623,0.40460269660337206,,,
binning_cal,2025Q2,1w,Weather,5,0.25,0.3820000000000002,16,5.0,0.3125,0.11016995471711757,0.5866206364513586,,,
binning_cal,2025Q2,1w,Weather,6,0.3820000000000002,0.5690000000000001,14,12.0,0.8571428571428571,0.5718708390903011,0.9822054845168084,,,
binning_cal,2025Q2,1w,Weather,7,0.5690000000000001,0.7360000000000001,15,10.0,0.6666666666666666,0.38380373254115413,0.881758896633119,,,
binning_cal,2025Q2,1w,Weather,8,0.7360000000000001,0.86,14,9.0,0.6428571428571429,0.3513801106159917,0.8724015701408404,,,
binning_cal,2025Q2,1w,Weather,9,0.86,0.95,16,16.0,1.0,0.7940927857921772,1.0,,,
binning_cal,2025Q2,1w,Entertainment,0,0.05,0.07,66,2.0,0.030303030303030304,0.0036911389614298668,0.10521664857965131,,,
binning_cal,2025Q2,1w,Entertainment,1,0.07,0.11,84,2.0,0.023809523809523808,0.0028965629705329896,0.08337446656690549,,,
binning_cal,2025Q2,1w,Entertainment,2,0.11,0.18,91,7.0,0.07692307692307693,0.03148622318937713,0.1520875245620333,,,
binning_cal,2025Q2,1w,Entertainment,3,0.18,0.28,90,15.0,0.16666666666666666,0.09639142758918184,0.2599505536084196,,,
binning_cal,2025Q2,1w,Entertainment,4,0.28,0.4,79,13.0,0.16455696202531644,0.09063444194523965,0.26494512304560686,,,
binning_cal,2025Q2,1w,Entertainment,5,0.4,0.55,85,33.0,0.38823529411764707,0.2843784488274557,0.5001162569410085,,,
binning_cal,2025Q2,1w,Entertainment,6,0.55,0.69,83,37.0,0.4457831325301205,0.33655876091490194,0.5589901652305418,,,
binning_cal,2025Q2,1w,Entertainment,7,0.69,0.82,80,59.0,0.7375,0.6271491697875681,0.8295907488995917,,,
binning_cal,2025Q2,1w,Entertainment,8,0.82,0.91,88,76.0,0.8636363636363636,0.7739124463391425,0.9275061003728244,,,
binning_cal,2025Q2,1w,Entertainment,9,0.91,0.95,84,78.0,0.9285714285714286,0.850987691359596,0.9733369959681631,,,
,2025Q3,1w,Politics,0,0.05,0.08,21,,,,,raw,0.060952380952380966,0.0
,2025Q3,1w,Politics,1,0.08,0.13800000000000007,31,,,,,raw,0.10612903225806451,0.0967741935483871
,2025Q3,1w,Politics,2,0.13800000000000007,0.21,24,,,,,raw,0.1741666666666667,0.20833333333333334
,2025Q3,1w,Politics,3,0.21,0.3460000000000001,28,,,,,raw,0.26142857142857145,0.32142857142857145
,2025Q3,1w,Politics,4,0.3460000000000001,0.47,22,,,,,raw,0.4190909090909091,0.4090909090909091
,2025Q3,1w,Politics,5,0.47,0.5940000000000003,30,,,,,raw,0.5216666666666667,0.7333333333333333
,2025Q3,1w,Politics,6,0.5940000000000003,0.71,25,,,,,raw,0.6528000000000002,0.56
,2025Q3,1w,Politics,7,0.71,0.76,25,,,,,raw,0.7283999999999999,0.48
,2025Q3,1w,Politics,8,0.76,0.84,26,,,,,raw,0.791923076923077,0.7692307692307693
,2025Q3,1w,Politics,9,0.84,0.95,28,,,,,raw,0.9017857142857143,1.0
,2025Q3,1w,Sports,0,0.05,0.09,110,,,,,raw,0.06281818181818181,0.01818181818181818
,2025Q3,1w,Sports,1,0.09,0.19600000000000023,130,,,,,raw,0.13999999999999999,0.1
,2025Q3,1w,Sports,2,0.19600000000000023,0.28,107,,,,,raw,0.23635514018691592,0.2897196261682243
,2025Q3,1w,Sports,3,0.28,0.38,128,,,,,raw,0.31976562500000005,0.203125
,2025Q3,1w,Sports,4,0.38,0.47,121,,,,,raw,0.42446280991735535,0.33884297520661155
,2025Q3,1w,Sports,5,0.47,0.52,101,,,,,raw,0.4911881188118812,0.4752475247524752
,2025Q3,1w,Sports,6,0.52,0.59,140,,,,,raw,0.5455714285714285,0.5
,2025Q3,1w,Sports,7,0.59,0.69,117,,,,,raw,0.634188034188034,0.7008547008547008
,2025Q3,1w,Sports,8,0.69,0.83,121,,,,,raw,0.7571900826446281,0.768595041322314
,2025Q3,1w,Sports,9,0.83,0.95,124,,,,,raw,0.8970161290322581,0.9032258064516129
,2025Q3,1w,Politics,0,0.037807193059300824,0.06256438062328329,21,,,,,platt,0.046762618913016224,0.0
,2025Q3,1w,Politics,1,0.06256438062328329,0.11275410410532341,31,,,,,platt,0.08496096967984312,0.0967741935483871
,2025Q3,1w,Politics,2,0.11275410410532341,0.178294351742515,24,,,,,platt,0.14544119180896328,0.20833333333333334
,2025Q3,1w,Politics,3,0.178294351742515,0.3096545571516817,28,,,,,platt,0.22722681871037223,0.32142857142857145
,2025Q3,1w,Politics,4,0.3096545571516817,0.4361586821940654,22,,,,,platt,0.38374861921259246,0.4090909090909091
,2025Q3,1w,Politics,5,0.4361586821940654,0.567462801326441,30,,,,,platt,0.4905609779909678,0.7333333333333333
,2025Q3,1w,Politics,6,0.567462801326441,0.6931165176729681,25,,,,,platt,0.6309821925870183,0.56
,2025Q3,1w,Politics,7,0.6931165176729681,0.7476665480854346,25,,,,,platt,0.7131848841071275,0.48
,2025Q3,1w,Politics,8,0.7476665480854346,0.8347422045639588,26,,,,,platt,0.7824595842109728,0.7692307692307693
,2025Q3,1w,Politics,9,0.8347422045639588,0.9515109664344914,28,,,,,platt,0.9007313837985302,1.0
,2025Q3,1w,Sports,0,0.037807193059300824,0.071018645824379,110,,,,,platt,0.04833881385352092,0.01818181818181818
,2025Q3,1w,Sports,1,0.071018645824379,0.16531165811604367,130,,,,,platt,0.1148790551355577,0.1
,2025Q3,1w,Sports,2,0.16531165811604367,0.24480495594263496,107,,,,,platt,0.20317949211920727,0.2897196261682243
,2025Q3,1w,Sports,3,0.24480495594263496,0.3437720461971004,128,,,,,platt,0.2838367812238464,0.203125
,2025Q3,1w,Sports,4,0.3437720461971004,0.4361586821940654,121,,,,,platt,0.38917951126859673,0.33884297520661155
,2025Q3,1w,Sports,5,0.4361586821940654,0.4886152438111677,101,,,,,platt,0.45832392616442247,0.4752475247524752
,2025Q3,1w,Sports,6,0.4886152438111677,0.5631665660019071,140,,,,,platt,0.5157628519819507,0.5
,2025Q3,1w,Sports,7,0.5631665660019071,0.6713318401186571,117,,,,,platt,0.6108416000115148,0.7008547008547008
,2025Q3,1w,Sports,8,0.6713318401186571,0.8239024828102756,121,,,,,platt,0.7445898174770675,0.768595041322314
,2025Q3,1w,Sports,9,0.8239024828102756,0.9515109664344914,124,,,,,platt,0.8956885705168302,0.9032258064516129
,2025Q3,1w,Politics,0,0.031062385800052203,0.04081001700417375,21,,,,,venn_abers,0.033856237097682554,0.0
,2025Q3,1w,Politics,1,0.04081001700417375,0.12306852306852326,31,,,,,venn_abers,0.07618040815639479,0.0967741935483871
,2025Q3,1w,Politics,2,0.12306852306852326,0.228486646884273,24,,,,,venn_abers,0.16221727566150515,0.20833333333333334
,2025Q3,1w,Politics,3,0.228486646884273,0.2868650812792437,10,,,,,venn_abers,0.26831768356299884,0.3
,2025Q3,1w,Politics,4,0.2868650812792437,0.5211152780042393,36,,,,,venn_abers,0.3487364837385286,0.3888888888888889
,2025Q3,1w,Politics,5,0.5211152780042393,0.53125,16,,,,,venn_abers,0.5217089651025824,0.625
,2025Q3,1w,Politics,6,0.53125,0.609375,37,,,,,venn_abers,0.5352027027027028,0.6756756756756757
,2025Q3,1w,Politics,7,0.609375,0.7371225577264653,27,,,,,venn_abers,0.6737132352941176,0.37037037037037035
,2025Q3,1w,Politics,8,0.7371225577264653,0.8229490069323353,24,,,,,venn_abers,0.7486699279536625,0.7916666666666666
,2025Q3,1w,Politics,9,0.8229490069323353,0.9454545454545453,34,,,,,venn_abers,0.894068082171691,0.9705882352941176
,2025Q3,1w,Sports,0,0.031062385800052203,0.050017129153819805,110,,,,,venn_abers,0.03475592080752029,0.01818181818181818
,2025Q3,1w,Sports,1,0.050017129153819805,0.18250000000000144,130,,,,,venn_abers,0.11196131749418126,0.1
,2025Q3,1w,Sports,2,0.18250000000000144,0.2868650812792437,61,,,,,venn_abers,0.24801996124675466,0.2786885245901639
,2025Q3,1w,Sports,3,0.2868650812792437,0.39999999999999997,174,,,,,venn_abers,0.29425272964278165,0.22988505747126436
,2025Q3,1w,Sports,4,0.39999999999999997,0.5211152780042393,105,,,,,venn_abers,0.42747772657450084,0.3523809523809524
,2025Q3,1w,Sports,5,0.5211152780042393,0.53125,99,,,,,venn_abers,0.5218828734445212,0.43434343434343436
,2025Q3,1w,Sports,7,0.53125,0.609375,275,,,,,venn_abers,0.5356818181818181,0.5854545454545454
,2025Q3,1w,Sports,8,0.609375,0.8229490069323353,115,,,,,venn_abers,0.717498713420167,0.7652173913043478
,2025Q3,1w,Sports,9,0.8229490069323353,0.9454545454545453,130,,,,,venn_abers,0.8948839495897394,0.9
binning_cal,2025Q3,1w,Sports,0,0.05,0.07,41,0.0,0.0,0.0,0.08604383629402843,,,
binning_cal,2025Q3,1w,Sports,1,0.07,0.1,53,0.0,0.0,0.0,0.06723454630630113,,,
binning_cal,2025Q3,1w,Sports,2,0.1,0.15,57,6.0,0.10526315789473684,0.03962153585008079,0.21516360480210336,,,
binning_cal,2025Q3,1w,Sports,3,0.15,0.19,48,5.0,0.10416666666666667,0.034698122121196016,0.22657766128376375,,,
binning_cal,2025Q3,1w,Sports,4,0.19,0.29,54,8.0,0.14814814814814814,0.06619757716129676,0.27119768856212295,,,
binning_cal,2025Q3,1w,Sports,5,0.29,0.3760000000000002,51,17.0,0.3333333333333333,0.20758333491373637,0.4792125542306298,,,
binning_cal,2025Q3,1w,Sports,6,0.3760000000000002,0.5120000000000005,51,24.0,0.47058823529411764,0.3293001487859251,0.6154127369372966,,,
binning_cal,2025Q3,1w,Sports,7,0.5120000000000005,0.67,49,28.0,0.5714285714285714,0.4221040520359127,0.7118047757521904,,,
binning_cal,2025Q3,1w,Sports,8,0.67,0.8140000000000004,52,43.0,0.8269230769230769,0.696719893896867,0.9176743145579072,,,
binning_cal,2025Q3,1w,Sports,9,0.8140000000000004,0.95,51,46.0,0.9019607843137255,0.7858550174543191,0.9673935104481091,,,
binning_cal,2025Q3,1w,Politics,0,0.05,0.07,40,4.0,0.1,0.027925415294219307,0.23663739987609986,,,
binning_cal,2025Q3,1w,Politics,1,0.07,0.11,49,5.0,0.10204081632653061,0.03397170498395576,0.22227669628262678,,,
binning_cal,2025Q3,1w,Politics,2,0.11,0.17700000000000016,49,7.0,0.14285714285714285,0.05942150569031297,0.27242151269559745,,,
binning_cal,2025Q3,1w,Politics,3,0.17700000000000016,0.25,44,9.0,0.20454545454545456,0.09804317636059104,0.35304505677824954,,,
binning_cal,2025Q3,1w,Politics,4,0.25,0.37,46,24.0,0.5217391304347826,0.3694564735699834,0.6711213130726599,,,
binning_cal,2025Q3,1w,Politics,5,0.37,0.55,47,27.0,0.574468085106383,0.4217847474246197,0.717420993216501,,,
binning_cal,2025Q3,1w,Politics,6,0.55,0.68,41,25.0,0.6097560975609756,0.44504782337068916,0.7579890328213116,,,
binning_cal,2025Q3,1w,Politics,7,0.68,0.81,51,33.0,0.6470588235294118,0.500681979116747,0.7756937966643029,,,
binning_cal,2025Q3,1w,Politics,8,0.81,0.91,43,38.0,0.8837209302325582,0.7491675746543474,0.9611476852219383,,,
binning_cal,2025Q3,1w,Politics,9,0.91,0.95,50,38.0,0.76,0.6183092518959619,0.8693900838025427,,,
binning_cal,2025Q3,1w,Finance,0,0.05,0.08,50,0.0,0.0,0.0,0.07112173646419764,,,
binning_cal,2025Q3,1w,Finance,1,0.08,0.12,65,4.0,0.06153846153846154,0.017019971183020344,0.15013340067050893,,,
binning_cal,2025Q3,1w,Finance,2,0.12,0.19,60,5.0,0.08333333333333333,0.027613310337426412,0.18385778337658576,,,
binning_cal,2025Q3,1w,Finance,3,0.19,0.29,59,18.0,0.3050847457627119,0.19185598821201577,0.4386625505876219,,,
binning_cal,2025Q3,1w,Finance,4,0.29,0.44,61,17.0,0.2786885245901639,0.1714720842602806,0.40828746675617916,,,
binning_cal,2025Q3,1w,Finance,5,0.44,0.61,57,24.0,0.42105263157894735,0.29143407667324656,0.5591613734215396,,,
binning_cal,2025Q3,1w,Finance,6,0.61,0.77,61,36.0,0.5901639344262295,0.45677637326157566,0.7144956175926762,,,
binning_cal,2025Q3,1w,Finance,7,0.77,0.86,59,47.0,0.7966101694915254,0.6716697640662905,0.8902463338684871,,,
binning_cal,2025Q3,1w,Finance,8,0.86,0.92,52,47.0,0.9038461538461539,0.7897025280606746,0.9680357636230783,,,
binning_cal,2025Q3,1w,Finance,9,0.92,0.95,68,67.0,0.9852941176470589,0.9207660100872119,0.9996277485971014,,,
binning_cal,2025Q3,1w,Weather,0,0.05,0.06,12,0.0,0.0,0.0,0.2646484693970512,,,
binning_cal,2025Q3,1w,Weather,1,0.06,0.1,14,0.0,0.0,0.0,0.23163576165011646,,,
binning_cal,2025Q3,1w,Weather,2,0.1,0.1350000000000001,18,3.0,0.16666666666666666,0.035785083121574676,0.41417749139477406,,,
binning_cal,2025Q3,1w,Weather,3,0.1350000000000001,0.18,14,3.0,0.21428571428571427,0.04657928788986729,0.5079756770484718,,,
binning_cal,2025Q3,1w,Weather,4,0.18,0.23,14,3.0,0.21428571428571427,0.04657928788986729,0.5079756770484718,,,
binning_cal,2025Q3,1w,Weather,5,0.23,0.38000000000000017,16,4.0,0.25,0.07266203825288216,0.5237708198961273,,,
binning_cal,2025Q3,1w,Weather,6,0.38000000000000017,0.56,13,10.0,0.7692307692307693,0.461868460765959,0.9496189265088485,,,
binning_cal,2025Q3,1w,Weather,7,0.56,0.72,15,9.0,0.6,0.3228697662062816,0.8366356761404865,,,
binning_cal,2025Q3,1w,Weather,8,0.72,0.84,13,9.0,0.6923076923076923,0.3857383382492956,0.9090796054279033,,,
binning_cal,2025Q3,1w,Weather,9,0.84,0.95,17,17.0,1.0,0.8049356770309067,1.0,,,
binning_cal,2025Q3,1w,Entertainment,0,0.05,0.07,76,3.0,0.039473684210526314,0.008215592180594528,0.11105331912596336,,,
binning_cal,2025Q3,1w,Entertainment,1,0.07,0.11,88,1.0,0.011363636363636364,0.00028766098110156557,0.06169375395938655,,,
binning_cal,2025Q3,1w,Entertainment,2,0.11,0.19,111,11.0,0.0990990990990991,0.05051642089401935,0.17039968195273836,,,
binning_cal,2025Q3,1w,Entertainment,3,0.19,0.29,91,21.0,0.23076923076923078,0.1488824914824382,0.33086647358538884,,,
binning_cal,2025Q3,1w,Entertainment,4,0.29,0.4,91,19.0,0.2087912087912088,0.1306378008268378,0.3066919806073528,,,
binning_cal,2025Q3,1w,Entertainment,5,0.4,0.55,94,38.0,0.40425531914893614,0.30423352128983927,0.5104808671184163,,,
binning_cal,2025Q3,1w,Entertainment,6,0.55,0.68,98,48.0,0.4897959183673469,0.3873985587782722,0.5928263659090178,,,
binning_cal,2025Q3,1w,Entertainment,7,0.68,0.81,93,62.0,0.6666666666666666,0.5613299392614314,0.7610590146544505,,,
binning_cal,2025Q3,1w,Entertainment,8,0.81,0.9,84,72.0,0.8571428571428571,0.7637505057221228,0.9239462935674037,,,
binning_cal,2025Q3,1w,Entertainment,9,0.9,0.95,103,98.0,0.9514563106796117,0.8903438522405104,0.9840524059481867,,,
binning_cal,2022Q3,6h,Finance,0,0.05,0.06,40,1.0,0.025,0.0006327449320494191,0.13158585848276572,,,
binning_cal,2022Q3,6h,Finance,1,0.06,0.08,77,3.0,0.03896103896103896,0.00810791726669391,0.1096653666745221,,,
binning_cal,2022Q3,6h,Finance,2,0.08,0.1,50,5.0,0.1,0.03327509358902247,0.21813536643420225,,,
binning_cal,2022Q3,6h,Finance,3,0.1,0.13,69,8.0,0.11594202898550725,0.05140655977757468,0.2157325225481929,,,
binning_cal,2022Q3,6h,Finance,4,0.13,0.16,60,7.0,0.11666666666666667,0.04821484187134192,0.22571615314564827,,,
binning_cal,2022Q3,6h,Finance,5,0.16,0.2,64,7.0,0.109375,0.04512102018711486,0.2124572259554024,,,
binning_cal,2022Q3,6h,Finance,6,0.2,0.23000000000000057,68,12.0,0.17647058823529413,0.09465001424524798,0.2879728384407167,,,
binning_cal,2022Q3,6h,Finance,7,0.23000000000000057,0.32,56,20.0,0.35714285714285715,0.2335547974522659,0.49640688670179234,,,
binning_cal,2022Q3,6h,Finance,8,0.32,0.59,64,25.0,0.390625,0.27103552155972727,0.520684570999115,,,
binning_cal,2022Q3,6h,Finance,9,0.59,0.95,63,47.0,0.746031746031746,0.6205970714475044,0.8473301812029235,,,
binning_cal,2022Q3,6h,Weather,0,0.05,0.06,52,2.0,0.038461538461538464,0.004692289009270858,0.13212840727680256,,,
binning_cal,2022Q3,6h,Weather,1,0.06,0.08,59,1.0,0.01694915254237288,0.0004290233327235946,0.09085593288664927,,,
binning_cal,2022Q3,6h,Weather,2,0.08,0.1180000000000004,65,6.0,0.09230769230769231,0.03463365221409991,0.19016583921669902,,,
binning_cal,2022Q3,6h,Weather,3,0.1180000000000004,0.17,58,10.0,0.1724137931034483,0.08590399533161401,0.2942990057389108,,,
binning_cal,2022Q3,6h,Weather,4,0.17,0.24,56,8.0,0.14285714285714285,0.06375136555877284,0.26221730209002503,,,
binning_cal,2022Q3,6h,Weather,5,0.24,0.3860000000000008,62,14.0,0.22580645161290322,0.1293039189722257,0.3497368676406311,,,
binning_cal,2022Q3,6h,Weather,6,0.3860000000000008,0.6,58,30.0,0.5172413793103449,0.3821737191764681,0.650488796589154,,,
binning_cal,2022Q3,6h,Weather,7,0.6,0.8,58,44.0,0.7586206896551724,0.628310283808442,0.8612988000078771,,,
binning_cal,2022Q3,6h,Weather,8,0.8,0.9039999999999998,60,48.0,0.8,0.6766995761987096,0.892158877475638,,,
binning_cal,2022Q3,6h,Weather,9,0.9039999999999998,0.95,59,57.0,0.9661016949152542,0.8828515361116068,0.9958680670276348,,,
binning_cal,2022Q4,6h,Finance,0,0.05,0.06,101,3.0,0.0297029702970297,0.0061678595435646815,0.08435689827612243,,,
binning_cal,2022Q4,6h,Finance,1,0.06,0.08,186,13.0,0.06989247311827956,0.03773722949060884,0.11655285367229189,,,
binning_cal,2022Q4,6h,Finance,2,0.08,0.11,187,16.0,0.0855614973262032,0.049697639170687556,0.1352280546564908,,,
binning_cal,2022Q4,6h,Finance,3,0.11,0.14,168,23.0,0.13690476190476192,0.08880651566343117,0.1983113624538627,,,
binning_cal,2022Q4,6h,Finance,4,0.14,0.18,182,31.0,0.17032967032967034,0.11876155843945876,0.23297084898195694,,,
binning_cal,2022Q4,6h,Finance,5,0.18,0.21,138,28.0,0.2028985507246377,0.13926095394018037,0.2797192963066115,,,
binning_cal,2022Q4,6h,Finance,6,0.21,0.25,184,44.0,0.2391304347826087,0.17944878933985084,0.3074173259813368,,,
binning_cal,2022Q4,6h,Finance,7,0.25,0.31,192,58.0,0.3020833333333333,0.23805266387395005,0.3723431905787544,,,
binning_cal,2022Q4,6h,Finance,8,0.31,0.43,168,59.0,0.35119047619047616,0.27925197051856954,0.4284831227884305,,,
binning_cal,2022Q4,6h,Finance,9,0.43,0.95,171,107.0,0.6257309941520468,0.5485956447553911,0.698426105277136,,,
binning_cal,2022Q4,6h,Weather,0,0.05,0.06,55,2.0,0.03636363636363636,0.004434547318590694,0.12526425709715003,,,
binning_cal,2022Q4,6h,Weather,1,0.06,0.08,67,2.0,0.029850746268656716,0.0036357307269043954,0.10370750764755461,,,
binning_cal,2022Q4,6h,Weather,2,0.08,0.11,58,6.0,0.10344827586206896,0.038920831922364243,0.2116864577987975,,,
binning_cal,2022Q4,6h,Weather,3,0.11,0.17,74,12.0,0.16216216216216217,0.08669896395830816,0.2661358089407768,,,
binning_cal,2022Q4,6h,Weather,4,0.17,0.26,67,11.0,0.16417910447761194,0.08491254612848884,0.2748008160417538,,,
binning_cal,2022Q4,6h,Weather,5,0.26,0.44,68,20.0,0.29411764705882354,0.1897868559170472,0.41707360530902904,,,
binning_cal,2022Q4,6h,Weather,6,0.44,0.69,67,37.0,0.5522388059701493,0.4257522258118175,0.6739578629528771,,,
binning_cal,2022Q4,6h,Weather,7,0.69,0.84,62,52.0,0.8387096774193549,0.7233201541650781,0.919846935083223,,,
binning_cal,2022Q4,6h,Weather,8,0.84,0.92,65,57.0,0.8769230769230769,0.7718141059386241,0.945336898398113,,,
binning_cal,2022Q4,6h,Weather,9,0.92,0.95,70,69.0,0.9857142857142858,0.9229562376632335,0.9996383824281968,,,
binning_cal,2023Q1,6h,Finance,0,0.05,0.06,170,8.0,0.047058823529411764,0.02053272835835522,0.09061668013023894,,,
binning_cal,2023Q1,6h,Finance,1,0.06,0.08,305,21.0,0.06885245901639345,0.04312288913546142,0.10332467047933551,,,
binning_cal,2023Q1,6h,Finance,2,0.08,0.11,303,26.0,0.0858085808580858,0.05681865438693518,0.12320109341816478,,,
binning_cal,2023Q1,6h,Finance,3,0.11,0.14,306,48.0,0.1568627450980392,0.11797931560792377,0.2025416262309569,,,
binning_cal,2023Q1,6h,Finance,4,0.14,0.18,348,67.0,0.1925287356321839,0.15243658790013892,0.23794346672899153,,,
binning_cal,2023Q1,6h,Finance,5,0.18,0.21,255,51.0,0.2,0.15268965490210878,0.254431627669412,,,
binning_cal,2023Q1,6h,Finance,6,0.21,0.25,315,77.0,0.24444444444444444,0.19799948235138784,0.29576729784082684,,,
binning_cal,2023Q1,6h,Finance,7,0.25,0.3,291,77.0,0.2646048109965636,0.2148313449818593,0.31924276914256605,,,
binning_cal,2023Q1,6h,Finance,8,0.3,0.42,304,100.0,0.32894736842105265,0.2763851977330913,0.3848825934221663,,,
binning_cal,2023Q1,6h,Finance,9,0.42,0.95,294,183.0,0.6224489795918368,0.5643239374678166,0.6780790504151951,,,
binning_cal,2023Q1,6h,Weather,0,0.05,0.06,61,3.0,0.04918032786885246,0.010259315168320788,0.13706922191589432,,,
binning_cal,2023Q1,6h,Weather,1,0.06,0.07,47,1.0,0.02127659574468085,0.0005385317053423146,0.11293771714640011,,,
binning_cal,2023Q1,6h,Weather,2,0.07,0.1,80,7.0,0.0875,0.03590635898955875,0.1720083384198848,,,
binning_cal,2023Q1,6h,Weather,3,0.1,0.15,74,11.0,0.14864864864864866,0.07661057265066147,0.25042666868302416,,,
binning_cal,2023Q1,6h,Weather,4,0.15,0.25,72,11.0,0.1527777777777778,0.07881196318794177,0.25694012324827803,,,
binning_cal,2023Q1,6h,Weather,5,0.25,0.4720000000000004,73,20.0,0.273972602739726,0.17605920216255508,0.39094136043787747,,,
binning_cal,2023Q1,6h,Weather,6,0.4720000000000004,0.74,66,39.0,0.5909090909090909,0.4629365635585883,0.71045089760399,,,
binning_cal,2023Q1,6h,Weather,7,0.74,0.87,66,55.0,0.8333333333333334,0.7213265468376222,0.9137520659512851,,,
binning_cal,2023Q1,6h,Weather,8,0.87,0.93,67,60.0,0.8955223880597015,0.7965107954641497,0.9569506215810317,,,
binning_cal,2023Q1,6h,Weather,9,0.93,0.95,72,71.0,0.9861111111111112,0.9250286891460808,0.9996484255947664,,,
binning_cal,2023Q2,6h,Finance,0,0.05,0.06,231,11.0,0.047619047619047616,0.024007754382496648,0.08360473083226716,,,
binning_cal,2023Q2,6h,Finance,1,0.06,0.09,525,40.0,0.0761904761904762,0.0549867797188144,0.10230667755426794,,,
binning_cal,2023Q2,6h,Finance,2,0.09,0.12,394,48.0,0.1218274111675127,0.09120764241773435,0.15826427960696612,,,
binning_cal,2023Q2,6h,Finance,3,0.12,0.15,407,65.0,0.1597051597051597,0.12547194474500348,0.19897724169231926,,,
binning_cal,2023Q2,6h,Finance,4,0.15,0.18,351,77.0,0.21937321937321938,0.17718386674702546,0.2663687292583704,,,
binning_cal,2023Q2,6h,Finance,5,0.18,0.21,354,69.0,0.19491525423728814,0.1549394092101952,0.2400803598660924,,,
binning_cal,2023Q2,6h,Finance,6,0.21,0.25,441,100.0,0.22675736961451248,0.18848760943625717,0.26873721113286864,,,
binning_cal,2023Q2,6h,Finance,7,0.25,0.3,386,100.0,0.25906735751295334,0.21605879425933686,0.3058145574565006,,,
binning_cal,2023Q2,6h,Finance,8,0.3,0.42,426,139.0,0.32629107981220656,0.2819362798557536,0.37307929729576866,,,
binning_cal,2023Q2,6h,Finance,9,0.42,0.95,393,241.0,0.6132315521628499,0.5631035632600951,0.661640490419141,,,
binning_cal,2023Q2,6h,Weather,0,0.05,0.06,59,2.0,0.03389830508474576,0.004131932972365217,0.11714846388839315,,,
binning_cal,2023Q2,6h,Weather,1,0.06,0.07,46,1.0,0.021739130434782608,0.0005502356948807102,0.11527182559799,,,
binning_cal,2023Q2,6h,Weather,2,0.07,0.1,85,8.0,0.09411764705882353,0.04151513668007809,0.17705222244885943,,,
binning_cal,2023Q2,6h,Weather,3,0.1,0.16,75,6.0,0.08,0.029925144734077445,0.16603687129882214,,,
binning_cal,2023Q2,6h,Weather,4,0.16,0.28,68,12.0,0.17647058823529413,0.09465001424524798,0.2879728384407167,,,
binning_cal,2023Q2,6h,Weather,5,0.28,0.5060000000000008,70,18.0,0.2571428571428571,0.16006989093240276,0.3756143857236773,,,
binning_cal,2023Q2,6h,Weather,6,0.5060000000000008,0.77,62,38.0,0.6129032258064516,0.48065259561978674,0.7339914913710985,,,
binning_cal,2023Q2,6h,Weather,7,0.77,0.88,66,57.0,0.8636363636363636,0.7568586684861609,0.9357018153567447,,,
binning_cal,2023Q2,6h,Weather,8,0.88,0.93,63,57.0,0.9047619047619048,0.804143979441893,0.9642409881346669,,,
binning_cal,2023Q2,6h,Weather,9,0.93,0.95,78,78.0,1.0,0.9538075796719513,1.0,,,
binning_cal,2023Q3,6h,Finance,0,0.05,0.06,248,14.0,0.056451612903225805,0.031202787455009873,0.09290309180508609,,,
binning_cal,2023Q3,6h,Finance,1,0.06,0.09,546,47.0,0.08608058608058608,0.06393325879535794,0.11282506830316999,,,
binning_cal,2023Q3,6h,Finance,2,0.09,0.12,425,52.0,0.1223529411764706,0.0927442273369485,0.15733854841133552,,,
binning_cal,2023Q3,6h,Finance,3,0.12,0.16,559,119.0,0.21288014311270126,0.17964458390672375,0.24918333556798566,,,
binning_cal,2023Q3,6h,Finance,4,0.16,0.19,403,85.0,0.2109181141439206,0.17209599725234098,0.2540454331820768,,,
binning_cal,2023Q3,6h,Finance,5,0.19,0.22,387,95.0,0.2454780361757106,0.20339735095376435,0.29150045178046335,,,
binning_cal,2023Q3,6h,Finance,6,0.22,0.26,490,116.0,0.23673469387755103,0.199762105717553,0.2769179567447569,,,
binning_cal,2023Q3,6h,Finance,7,0.26,0.32,473,127.0,0.26849894291754756,0.22905761080881681,0.31086239902674956,,,
binning_cal,2023Q3,6h,Finance,8,0.32,0.45,468,162.0,0.34615384615384615,0.3030743731445615,0.39119183848124134,,,
binning_cal,2023Q3,6h,Finance,9,0.45,0.95,450,285.0,0.6333333333333333,0.5869373342021715,0.6779639017646492,,,
binning_cal,2023Q3,6h,Weather,0,0.05,0.06,74,3.0,0.04054054054054054,0.00843975637076447,0.11393725674656267,,,
binning_cal,2023Q3,6h,Weather,1,0.06,0.08,83,3.0,0.03614457831325301,0.007516820235196637,0.10201488233576192,,,
binning_cal,2023Q3,6h,Weather,2,0.08,0.1,72,7.0,0.09722222222222222,0.03998950093360249,0.19011034044555922,,,
binning_cal,2023Q3,6h,Weather,3,0.1,0.15,89,10.0,0.11235955056179775,0.05521445699977191,0.19694081390653942,,,
binning_cal,2023Q3,6h,Weather,4,0.15,0.23,90,9.0,0.1,0.046755315274164336,0.18135997288393188,,,
binning_cal,2023Q3,6h,Weather,5,0.23,0.35,87,26.0,0.2988505747126437,0.20537568661418135,0.40648755139843273,,,
binning_cal,2023Q3,6h,Weather,6,0.35,0.5820000000000004,84,41.0,0.4880952380952381,0.3774069484457438,0.5996471620511272,,,
binning_cal,2023Q3,6h,Weather,7,0.5820000000000004,0.81,80,62.0,0.775,0.6679136799387491,0.8608627895010683,,,
binning_cal,2023Q3,6h,Weather,8,0.81,0.91,79,72.0,0.9113924050632911,0.8259193140116772,0.9636294540867606,,,
binning_cal,2023Q3,6h,Weather,9,0.91,0.95,89,87.0,0.9775280898876404,0.9211718756816739,0.9972668666159094,,,
binning_cal,2023Q4,6h,Finance,0,0.05,0.07,454,35.0,0.07709251101321586,0.054282798329008994,0.10558798008985908,,,
binning_cal,2023Q4,6h,Finance,1,0.07,0.1,478,41.0,0.08577405857740586,0.062255111755933304,0.11456323568612096,,,
binning_cal,2023Q4,6h,Finance,2,0.1,0.13,434,60.0,0.1382488479262673,0.10718379797740385,0.1743441715689077,,,
binning_cal,2023Q4,6h,Finance,3,0.13,0.17,574,114.0,0.1986062717770035,0.16671897615119471,0.23363105154871344,,,
binning_cal,2023Q4,6h,Finance,4,0.17,0.2,414,100.0,0.24154589371980675,0.2010828790438947,0.2857475532833376,,,
binning_cal,2023Q4,6h,Finance,5,0.2,0.24,530,132.0,0.2490566037735849,0.212781397792799,0.28815665338405255,,,
binning_cal,2023Q4,6h,Finance,6,0.24,0.29,489,123.0,0.25153374233128833,0.21365564834499556,0.2924462401222408,,,
binning_cal,2023Q4,6h,Finance,7,0.29,0.37,500,152.0,0.304,0.26394323586166485,0.34639273253882524,,,
binning_cal,2023Q4,6h,Finance,8,0.37,0.58,500,230.0,0.46,0.4156631315627584,0.5048124614637598,,,
binning_cal,2023Q4,6h,Finance,9,0.58,0.95,487,367.0,0.7535934291581109,0.7128231554484654,0.7912530840875651,,,
binning_cal,2023Q4,6h,Weather,0,0.05,0.06,90,5.0,0.05555555555555555,0.018282545814883575,0.12490266592901712,,,
binning_cal,2023Q4,6h,Weather,1,0.06,0.09,154,6.0,0.03896103896103896,0.01443004397902957,0.08287046791898188,,,
binning_cal,2023Q4,6h,Weather,2,0.09,0.12,122,11.0,0.09016393442622951,0.04587253695659109,0.1556020024781135,,,
binning_cal,2023Q4,6h,Weather,3,0.12,0.17,130,13.0,0.1,0.054328692827204275,0.16493167327931366,,,
binning_cal,2023Q4,6h,Weather,4,0.17,0.25,118,19.0,0.16101694915254236,0.09981613297545211,0.23997300557707452,,,
binning_cal,2023Q4,6h,Weather,5,0.25,0.35,139,44.0,0.31654676258992803,0.24032060260094568,0.40078594462083034,,,
binning_cal,2023Q4,6h,Weather,6,0.35,0.49,117,54.0,0.46153846153846156,0.3689605364836197,0.5561101551669514,,,
binning_cal,2023Q4,6h,Weather,7,0.49,0.66,137,88.0,0.6423357664233577,0.5560235074726436,0.7223488751800381,,,
binning_cal,2023Q4,6h,Weather,8,0.66,0.88,126,104.0,0.8253968253968254,0.7476686317323061,0.8872222434914246,,,
binning_cal,2023Q4,6h,Weather,9,0.88,0.95,130,123.0,0.9461538461538461,0.8922026812689458,0.9780797632153108,,,
binning_cal,2024Q1,6h,Finance,0,0.05,0.07,402,25.0,0.06218905472636816,0.04064616479645225,0.09043708602687503,,,
binning_cal,2024Q1,6h,Finance,1,0.07,0.11,562,51.0,0.09074733096085409,0.06831356311672043,0.11758962762474433,,,
binning_cal,2024Q1,6h,Finance,2,0.11,0.15,472,87.0,0.1843220338983051,0.15035255436174083,0.22230338613012746,,,
binning_cal,2024Q1,6h,Finance,3,0.15,0.18,393,84.0,0.21374045801526717,0.17422580997284795,0.2576276422330248,,,
binning_cal,2024Q1,6h,Finance,4,0.18,0.23,608,145.0,0.23848684210526316,0.20512949406800948,0.2744069570230988,,,
binning_cal,2024Q1,6h,Finance,5,0.23,0.27,441,112.0,0.25396825396825395,0.21397688022372457,0.2972957080972992,,,
binning_cal,2024Q1,6h,Finance,6,0.27,0.33,478,134.0,0.2803347280334728,0.2404889331543387,0.3229226699005449,,,
binning_cal,2024Q1,6h,Finance,7,0.33,0.45,529,206.0,0.389413988657845,0.3476349389092235,0.43243577809816225,,,
binning_cal,2024Q1,6h,Finance,8,0.45,0.72,498,304.0,0.6104417670682731,0.5660556258785978,0.6535086078752488,,,
binning_cal,2024Q1,6h,Finance,9,0.72,0.95,493,407.0,0.8255578093306288,0.7891201413782948,0.8580338028455239,,,
binning_cal,2024Q1,6h,Weather,0,0.05,0.07,144,10.0,0.06944444444444445,0.03380153500176542,0.12400204536326466,,,
binning_cal,2024Q1,6h,Weather,1,0.07,0.1,159,9.0,0.05660377358490566,0.026206486181085835,0.1047301310961256,,,
binning_cal,2024Q1,6h,Weather,2,0.1,0.15,181,15.0,0.08287292817679558,0.047125472684151876,0.1330020601983043,,,
binning_cal,2024Q1,6h,Weather,3,0.15,0.21,193,23.0,0.11917098445595854,0.07706432872213181,0.17343360115359951,,,
binning_cal,2024Q1,6h,Weather,4,0.21,0.29,187,39.0,0.20855614973262032,0.15270640326701354,0.2738869289454096,,,
binning_cal,2024Q1,6h,Weather,5,0.29,0.37,161,63.0,0.391304347826087,0.31545644989353544,0.4712314296971559,,,
binning_cal,2024Q1,6h,Weather,6,0.37,0.48,174,87.0,0.5,0.4233960306437131,0.5766039693562869,,,
binning_cal,2024Q1,6h,Weather,7,0.48,0.58,183,113.0,0.6174863387978142,0.5428960695948647,0.6882044208569076,,,
binning_cal,2024Q1,6h,Weather,8,0.58,0.75,158,111.0,0.7025316455696202,0.6247439207587347,0.7725464022590488,,,
binning_cal,2024Q1,6h,Weather,9,0.75,0.95,196,173.0,0.8826530612244898,0.8291390828155841,0.9241392150838842,,,
binning_cal,2024Q2,6h,Finance,0,0.05,0.07,414,27.0,0.06521739130434782,0.04341506149318191,0.09347200094351558,,,
binning_cal,2024Q2,6h,Finance,1,0.07,0.11,584,60.0,0.10273972602739725,0.07932011535343982,0.1302645273594153,,,
binning_cal,2024Q2,6h,Finance,2,0.11,0.15,453,85.0,0.18763796909492272,0.1527203542361873,0.22669339575445546,,,
binning_cal,2024Q2,6h,Finance,3,0.15,0.2,605,136.0,0.22479338842975208,0.1921142881412058,0.26018470694190066,,,
binning_cal,2024Q2,6h,Finance,4,0.2,0.25,547,134.0,0.2449725776965265,0.2094776497111476,0.28324843612413053,,,
binning_cal,2024Q2,6h,Finance,5,0.25,0.3,495,152.0,0.30707070707070705,0.2666819388399407,0.3497821633535468,,,
binning_cal,2024Q2,6h,Finance,6,0.3,0.37,518,170.0,0.3281853281853282,0.2878643413870271,0.370480787354555,,,
binning_cal,2024Q2,6h,Finance,7,0.37,0.53,560,272.0,0.4857142857142857,0.44359617090961995,0.5279838522935579,,,
binning_cal,2024Q2,6h,Finance,8,0.53,0.79,509,353.0,0.693516699410609,0.6514419158791152,0.7333265549880433,,,
binning_cal,2024Q2,6h,Finance,9,0.79,0.95,537,476.0,0.8864059590316573,0.8564835616352715,0.9119871875180264,,,
binning_cal,2024Q2,6h,Weather,0,0.05,0.07,166,10.0,0.060240963855421686,0.029262857595810668,0.10799332110947027,,,
binning_cal,2024Q2,6h,Weather,1,0.07,0.11,249,15.0,0.060240963855421686,0.034104966844496334,0.09741266929948118,,,
binning_cal,2024Q2,6h,Weather,2,0.11,0.16,228,19.0,0.08333333333333333,0.05091762495763939,0.12707674797800025,,,
binning_cal,2024Q2,6h,Weather,3,0.16,0.22,205,33.0,0.16097560975609757,0.1134734874198923,0.21857516873487712,,,
binning_cal,2024Q2,6h,Weather,4,0.22,0.3,210,43.0,0.20476190476190476,0.1523289243290361,0.26573171837661624,,,
binning_cal,2024Q2,6h,Weather,5,0.3,0.39,231,89.0,0.3852813852813853,0.3221961788115207,0.45135131697165964,,,
binning_cal,2024Q2,6h,Weather,6,0.39,0.49,211,108.0,0.5118483412322274,0.44228170898506747,0.581077423198807,,,
binning_cal,2024Q2,6h,Weather,7,0.49,0.58,233,140.0,0.6008583690987125,0.5348757953804344,0.6642403576675682,,,
binning_cal,2024Q2,6h,Weather,8,0.58,0.72,209,139.0,0.6650717703349283,0.596691266718375,0.7286919248584265,,,
binning_cal,2024Q2,6h,Weather,9,0.72,0.95,226,197.0,0.8716814159292036,0.820936952541976,0.9123515726857431,,,
binning_cal,2024Q2,6h,Entertainment,0,0.05,0.06,9,0.0,0.0,0.0,0.3362671168799428,,,
binning_cal,2024Q2,6h,Entertainment,1,0.06,0.07,9,0.0,0.0,0.0,0.3362671168799428,,,
binning_cal,2024Q2,6h,Entertainment,2,0.07,0.1,11,0.0,0.0,0.0,0.28491415291815436,,,
binning_cal,2024Q2,6h,Entertainment,3,0.1,0.13200000000000003,13,0.0,0.0,0.0,0.24705263800047092,,,
binning_cal,2024Q2,6h,Entertainment,4,0.13200000000000003,0.2,8,0.0,0.0,0.0,0.3694166475528192,,,
binning_cal,2024Q2,6h,Entertainment,5,0.2,0.3280000000000001,12,1.0,0.08333333333333333,0.0021075932318602264,0.38479616515094406,,,
binning_cal,2024Q2,6h,Entertainment,6,0.3280000000000001,0.6310000000000009,11,6.0,0.5454545454545454,0.23379359765934515,0.8325119059362929,,,
binning_cal,2024Q2,6h,Entertainment,7,0.6310000000000009,0.85,9,8.0,0.8888888888888888,0.517503485082663,0.9971908632534008,,,
binning_cal,2024Q2,6h,Entertainment,8,0.85,0.9,8,8.0,1.0,0.6305833524471807,1.0,,,
binning_cal,2024Q2,6h,Entertainment,9,0.9,0.95,14,14.0,1.0,0.7683642383498834,1.0,,,
binning_cal,2024Q3,6h,Crypto,0,0.05,0.13,53,6.0,0.11320754716981132,0.04269639493627369,0.23028991637086313,,,
binning_cal,2024Q3,6h,Crypto,1,0.13,0.23,59,11.0,0.1864406779661017,0.09691946511727662,0.30914865342192693,,,
binning_cal,2024Q3,6h,Crypto,2,0.23,0.31,49,9.0,0.1836734693877551,0.08759033531284728,0.32022121442886853,,,
binning_cal,2024Q3,6h,Crypto,3,0.31,0.41,61,16.0,0.26229508196721313,0.15796059753603495,0.39070585284081016,,,
binning_cal,2024Q3,6h,Crypto,4,0.41,0.54,59,18.0,0.3050847457627119,0.19185598821201577,0.4386625505876219,,,
binning_cal,2024Q3,6h,Crypto,5,0.54,0.6240000000000003,58,31.0,0.5344827586206896,0.39872490719438325,0.666599650355953,,,
binning_cal,2024Q3,6h,Crypto,6,0.6240000000000003,0.7,51,31.0,0.6078431372549019,0.46114098957980765,0.7415563647178172,,,
binning_cal,2024Q3,6h,Crypto,7,0.7,0.79,61,43.0,0.7049180327868853,0.574304967651929,0.814833807668532,,,
binning_cal,2024Q3,6h,Crypto,8,0.79,0.86,51,42.0,0.8235294117647058,0.691274013881011,0.9159913001968387,,,
binning_cal,2024Q3,6h,Crypto,9,0.86,0.95,63,52.0,0.8253968253968254,0.709029050919127,0.9094810154370034,,,
binning_cal,2024Q3,6h,Finance,0,0.05,0.07,487,27.0,0.055441478439425054,0.0368504908152503,0.07964214726462238,,,
binning_cal,2024Q3,6h,Finance,1,0.07,0.1,548,46.0,0.08394160583941605,0.06210967544392576,0.11037968919692198,,,
binning_cal,2024Q3,6h,Finance,2,0.1,0.15,714,106.0,0.1484593837535014,0.12317514192783877,0.1766876214292921,,,
binning_cal,2024Q3,6h,Finance,3,0.15,0.19,525,97.0,0.18476190476190477,0.1524638167173493,0.22065589144467834,,,
binning_cal,2024Q3,6h,Finance,4,0.19,0.25,655,163.0,0.24885496183206107,0.21617553273204007,0.2838158560976868,,,
binning_cal,2024Q3,6h,Finance,5,0.25,0.3080000000000064,610,178.0,0.29180327868852457,0.2559908796701892,0.3296453361162066,,,
binning_cal,2024Q3,6h,Finance,6,0.3080000000000064,0.4,577,211.0,0.36568457538994803,0.32629512230988467,0.40645697622825677,,,
binning_cal,2024Q3,6h,Finance,7,0.4,0.59,589,308.0,0.5229202037351444,0.48170569626629367,0.5639038065700973,,,
binning_cal,2024Q3,6h,Finance,8,0.59,0.82,587,439.0,0.747870528109029,0.7106967792415079,0.7825286087555343,,,
binning_cal,2024Q3,6h,Finance,9,0.82,0.95,607,540.0,0.8896210873146623,0.8619482740105224,0.9134279448980644,,,
binning_cal,2024Q3,6h,Weather,0,0.05,0.07,167,10.0,0.059880239520958084,0.02908534324898016,0.10736322960894754,,,
binning_cal,2024Q3,6h,Weather,1,0.07,0.11,255,18.0,0.07058823529411765,0.042368880434703084,0.1092672203820767,,,
binning_cal,2024Q3,6h,Weather,2,0.11,0.17,263,30.0,0.11406844106463879,0.07829865821249418,0.1588222458505317,,,
binning_cal,2024Q3,6h,Weather,3,0.17,0.23,216,32.0,0.14814814814814814,0.10359246540021753,0.2026576048210679,,,
binning_cal,2024Q3,6h,Weather,4,0.23,0.32,243,58.0,0.23868312757201646,0.18651374733692963,0.29734803999805354,,,
binning_cal,2024Q3,6h,Weather,5,0.32,0.4,208,80.0,0.38461538461538464,0.318170697663137,0.45439929346292113,,,
binning_cal,2024Q3,6h,Weather,6,0.4,0.5,228,114.0,0.5,0.4332771272407464,0.5667228727592536,,,
binning_cal,2024Q3,6h,Weather,7,0.5,0.58,246,159.0,0.6463414634146342,0.5830785020930569,0.7060297764619645,,,
binning_cal,2024Q3,6h,Weather,8,0.58,0.72,230,153.0,0.6652173913043479,0.600219620845161,0.7258919743767256,,,
binning_cal,2024Q3,6h,Weather,9,0.72,0.95,238,201.0,0.8445378151260504,0.792140118832128,0.8881172893988052,,,
binning_cal,2024Q3,6h,Entertainment,0,0.05,0.06,13,0.0,0.0,0.0,0.24705263800047092,,,
binning_cal,2024Q3,6h,Entertainment,1,0.06,0.07,9,0.0,0.0,0.0,0.3362671168799428,,,
binning_cal,2024Q3,6h,Entertainment,2,0.07,0.1,15,0.0,0.0,0.0,0.218019360910534,,,
binning_cal,2024Q3,6h,Entertainment,3,0.1,0.14,16,0.0,0.0,0.0,0.2059072142078227,,,
binning_cal,2024Q3,6h,Entertainment,4,0.14,0.255,16,1.0,0.0625,0.0015811117227658871,0.3023207384345319,,,
binning_cal,2024Q3,6h,Entertainment,5,0.255,0.4460000000000005,14,3.0,0.21428571428571427,0.04657928788986729,0.5079756770484718,,,
binning_cal,2024Q3,6h,Entertainment,6,0.4460000000000005,0.7490000000000001,13,11.0,0.8461538461538461,0.5455289443234422,0.9807933280174715,,,
binning_cal,2024Q3,6h,Entertainment,7,0.7490000000000001,0.89,13,11.0,0.8461538461538461,0.5455289443234422,0.9807933280174715,,,
binning_cal,2024Q3,6h,Entertainment,8,0.89,0.93,13,12.0,0.9230769230769231,0.6397025647321225,0.9980543715026533,,,
binning_cal,2024Q3,6h,Entertainment,9,0.93,0.95,16,15.0,0.9375,0.697679261565468,0.9984188882772341,,,
,2024Q4,6h,Politics,1,0.05,0.07,4,,,,,raw,0.05,0.0
,2024Q4,6h,Politics,2,0.07,0.09800000000000005,3,,,,,raw,0.07333333333333335,0.0
,2024Q4,6h,Politics,3,0.09800000000000005,0.148,2,,,,,raw,0.125,0.5
,2024Q4,6h,Politics,4,0.148,0.39,2,,,,,raw,0.22499999999999998,0.5
,2024Q4,6h,Politics,5,0.39,0.742,3,,,,,raw,0.5433333333333333,0.3333333333333333
,2024Q4,6h,Politics,6,0.742,0.8040000000000003,2,,,,,raw,0.755,1.0
,2024Q4,6h,Politics,7,0.8040000000000003,0.9140000000000001,2,,,,,raw,0.88,1.0
,2024Q4,6h,Politics,8,0.9140000000000001,0.95,1,,,,,raw,0.93,1.0
,2024Q4,6h,Politics,9,0.95,0.95,4,,,,,raw,0.95,0.75
,2024Q4,6h,Sports,0,0.05,0.06,1,,,,,raw,0.05,0.0
,2024Q4,6h,Sports,1,0.06,0.08,5,,,,,raw,0.062,0.0
,2024Q4,6h,Sports,2,0.08,0.11,3,,,,,raw,0.08333333333333333,0.0
,2024Q4,6h,Sports,3,0.11,0.12,3,,,,,raw,0.11,0.0
,2024Q4,6h,Sports,4,0.12,0.19,4,,,,,raw,0.1275,0.0
,2024Q4,6h,Sports,5,0.19,0.3820000000000005,5,,,,,raw,0.23199999999999998,0.6
,2024Q4,6h,Sports,6,0.3820000000000005,0.7720000000000001,3,,,,,raw,0.61,0.3333333333333333
,2024Q4,6h,Sports,7,0.7720000000000001,0.87,3,,,,,raw,0.8066666666666666,0.6666666666666666
,2024Q4,6h,Sports,8,0.87,0.916,4,,,,,raw,0.885,1.0
,2024Q4,6h,Sports,9,0.916,0.94,4,,,,,raw,0.9325,1.0
,2024Q4,6h,Politics,1,0.0590400882289012,0.08126843113871506,4,,,,,platt,0.0590400882289012,0.0
,2024Q4,6h,Politics,2,0.08126843113871506,0.11168329971092827,3,,,,,platt,0.08492343237939924,0.0
,2024Q4,6h,Politics,3,0.11168329971092827,0.1648762011399961,2,,,,,platt,0.14056357963811894,0.5
,2024Q4,6h,Politics,4,0.1648762011399961,0.4082058477636696,2,,,,,platt,0.2433127949634033,0.5
,2024Q4,6h,Politics,5,0.4082058477636696,0.7450155448311331,3,,,,,platt,0.5552740500728716,0.3333333333333333
,2024Q4,6h,Politics,6,0.7450155448311331,0.8044872149523185,2,,,,,platt,0.7574066492337452,1.0
,2024Q4,6h,Politics,7,0.8044872149523185,0.9111827569144444,2,,,,,platt,0.8777151609349154,1.0
,2024Q4,6h,Politics,8,0.9111827569144444,0.9470883288699206,1,,,,,platt,0.9269882773385447,1.0
,2024Q4,6h,Politics,9,0.9470883288699206,0.9470883288699206,4,,,,,platt,0.9470883288699206,0.75
,2024Q4,6h,Sports,0,0.0590400882289012,0.0702084267922629,1,,,,,platt,0.0590400882289012,0.0
,2024Q4,6h,Sports,1,0.0702084267922629,0.09223343486076761,5,,,,,platt,0.07242042766155334,0.0
,2024Q4,6h,Sports,2,0.09223343486076761,0.12464987627770198,3,,,,,platt,0.09586015065246829,0.0
,2024Q4,6h,Sports,3,0.12464987627770198,0.13531797318951513,3,,,,,platt,0.12464987627770198,0.0
,2024Q4,6h,Sports,4,0.13531797318951513,0.2084985933335319,4,,,,,platt,0.14323246256097663,0.0
,2024Q4,6h,Sports,5,0.2084985933335319,0.39928502590155845,5,,,,,platt,0.2510320054000159,0.6
,2024Q4,6h,Sports,6,0.39928502590155845,0.7736826468162022,3,,,,,platt,0.6194105781650782,0.3333333333333333
,2024Q4,6h,Sports,7,0.7736826468162022,0.8679558455915372,3,,,,,platt,0.8068345663658237,0.6666666666666666
,2024Q4,6h,Sports,8,0.8679558455915372,0.9130773059996761,4,,,,,platt,0.8826310965867564,1.0
,2024Q4,6h,Sports,9,0.9130773059996761,0.9370016590350407,4,,,,,platt,0.929507073204412,1.0
,2024Q4,6h,Politics,1,0.054519368723099,0.08633093525179855,4,,,,,venn_abers,0.054519368723099,0.0
,2024Q4,6h,Politics,2,0.08633093525179855,0.10989820229586317,3,,,,,venn_abers,0.08773228330915513,0.0
,2024Q4,6h,Politics,3,0.10989820229586317,0.17601760176017603,1,,,,,venn_abers,0.12280701754385964,1.0
,2024Q4,6h,Politics,4,0.17601760176017603,0.38,3,,,,,venn_abers,0.2087047232259044,0.3333333333333333
,2024Q4,6h,Politics,5,0.38,0.7580299785867237,2,,,,,venn_abers,0.4645571658615137,0.0
,2024Q4,6h,Politics,6,0.7580299785867237,0.7894091821205879,3,,,,,venn_abers,0.7580299785867237,1.0
,2024Q4,6h,Politics,7,0.7894091821205879,0.8898169493072834,2,,,,,venn_abers,0.8365166738512895,1.0
,2024Q4,6h,Politics,9,0.9253246753246753,0.9253246753246753,5,,,,,venn_abers,0.9253246753246753,0.8
,2024Q4,6h,Sports,1,0.054519368723099,0.09053497942386833,6,,,,,venn_abers,0.05982129647788226,0.0
,2024Q4,6h,Sports,2,0.09053497942386833,0.12280701754385964,2,,,,,venn_abers,0.09053497942386833,0.0
,2024Q4,6h,Sports,3,0.12280701754385964,0.15384615384615385,4,,,,,venn_abers,0.12280701754385964,0.0
,2024Q4,6h,Sports,4,0.15384615384615385,0.22140608604407133,4,,,,,venn_abers,0.1593890158246594,0.0
,2024Q4,6h,Sports,5,0.22140608604407133,0.38125031721643216,5,,,,,venn_abers,0.24058004131125652,0.6
,2024Q4,6h,Sports,6,0.38125031721643216,0.7845730286843778,3,,,,,venn_abers,0.6432202888670472,0.3333333333333333
,2024Q4,6h,Sports,7,0.7845730286843778,0.8364779874213837,2,,,,,venn_abers,0.7912087912087913,0.5
,2024Q4,6h,Sports,8,0.8364779874213837,0.8874794914139177,5,,,,,venn_abers,0.8461675614787663,1.0
,2024Q4,6h,Sports,9,0.8874794914139177,0.9253246753246753,4,,,,,venn_abers,0.9163018804412247,1.0
binning_cal,2024Q4,6h,Crypto,0,0.05,0.11,122,26.0,0.21311475409836064,0.14418633106152848,0.2964618185719104,,,
binning_cal,2024Q4,6h,Crypto,1,0.11,0.18,127,36.0,0.28346456692913385,0.20707925232494354,0.3702358905436438,,,
binning_cal,2024Q4,6h,Crypto,2,0.18,0.24,124,25.0,0.20161290322580644,0.1349269685967267,0.28306817924078703,,,
binning_cal,2024Q4,6h,Crypto,3,0.24,0.29,131,36.0,0.2748091603053435,0.2004730157693706,0.3596166823704522,,,
binning_cal,2024Q4,6h,Crypto,4,0.29,0.39,143,45.0,0.3146853146853147,0.23966409197165442,0.39757140109531447,,,
binning_cal,2024Q4,6h,Crypto,5,0.39,0.52,132,49.0,0.3712121212121212,0.2887691151087049,0.45957159992877294,,,
binning_cal,2024Q4,6h,Crypto,6,0.52,0.63,131,67.0,0.5114503816793893,0.42263931902667085,0.5997322946864898,,,
binning_cal,2024Q4,6h,Crypto,7,0.63,0.73,121,85.0,0.7024793388429752,0.6126160630043063,0.7821491270757771,,,
binning_cal,2024Q4,6h,Crypto,8,0.73,0.8490000000000009,140,108.0,0.7714285714285715,0.692919655787017,0.8380997452984299,,,
binning_cal,2024Q4,6h,Crypto,9,0.8490000000000009,0.95,131,107.0,0.816793893129771,0.7397800709704815,0.8789472258111588,,,
binning_cal,2024Q4,6h,Finance,0,0.05,0.07,473,25.0,0.052854122621564484,0.03449280241197425,0.07703703794114398,,,
binning_cal,2024Q4,6h,Finance,1,0.07,0.1,552,53.0,0.09601449275362318,0.072749899907204,0.12370627808915972,,,
binning_cal,2024Q4,6h,Finance,2,0.1,0.15,705,104.0,0.1475177304964539,0.12215088233093968,0.17587496176417053,,,
binning_cal,2024Q4,6h,Finance,3,0.15,0.19,494,83.0,0.1680161943319838,0.1361036581322735,0.2039625369272012,,,
binning_cal,2024Q4,6h,Finance,4,0.19,0.25,624,152.0,0.24358974358974358,0.2103890922763019,0.27923739120543406,,,
binning_cal,2024Q4,6h,Finance,5,0.25,0.31,559,151.0,0.2701252236135957,0.23371987701933797,0.3089803152062817,,,
binning_cal,2024Q4,6h,Finance,6,0.31,0.43,608,238.0,0.39144736842105265,0.35243828316786746,0.4315161527379248,,,
binning_cal,2024Q4,6h,Finance,7,0.43,0.62,583,321.0,0.5506003430531733,0.5091943134514906,0.5914912510404959,,,
binning_cal,2024Q4,6h,Finance,8,0.62,0.82,589,442.0,0.7504244482173175,0.7134222237877248,0.7848935643867293,,,
binning_cal,2024Q4,6h,Finance,9,0.82,0.95,589,521.0,0.8845500848896435,0.8559440787092824,0.9092248477064037,,,
binning_cal,2024Q4,6h,Weather,0,0.05,0.07,157,7.0,0.044585987261146494,0.018111154069023683,0.08970454105808498,,,
binning_cal,2024Q4,6h,Weather,1,0.07,0.11,231,14.0,0.06060606060606061,0.033526631363401255,0.09959674933870387,,,
binning_cal,2024Q4,6h,Weather,2,0.11,0.16,188,20.0,0.10638297872340426,0.06620323335590599,0.15951163557500103,,,
binning_cal,2024Q4,6h,Weather,3,0.16,0.23,219,34.0,0.1552511415525114,0.10997488503323792,0.2101334601459793,,,
binning_cal,2024Q4,6h,Weather,4,0.23,0.32,208,52.0,0.25,0.19270096952665858,0.3145729287757167,,,
binning_cal,2024Q4,6h,Weather,5,0.32,0.41,193,73.0,0.37823834196891193,0.3095834183881638,0.4506957278710712,,,
binning_cal,2024Q4,6h,Weather,6,0.41,0.5,162,82.0,0.5061728395061729,0.4266096671173508,0.5855060738092119,,,
binning_cal,2024Q4,6h,Weather,7,0.5,0.6,248,158.0,0.6370967741935484,0.5738782767707173,0.6969946184643872,,,
binning_cal,2024Q4,6h,Weather,8,0.6,0.75,199,134.0,0.6733668341708543,0.6034689649673641,0.738008366644434,,,
binning_cal,2024Q4,6h,Weather,9,0.75,0.95,211,177.0,0.8388625592417062,0.7821731382483805,0.8857525041433915,,,
binning_cal,2024Q4,6h,Entertainment,0,0.05,0.05,0,0.0,0.4025974025974026,0.0,1.0,,,
binning_cal,2024Q4,6h,Entertainment,1,0.05,0.07,27,0.0,0.0,0.0,0.12770286761543234,,,
binning_cal,2024Q4,6h,Entertainment,2,0.07,0.1,18,0.0,0.0,0.0,0.1853019681378522,,,
binning_cal,2024Q4,6h,Entertainment,3,0.1,0.14,15,0.0,0.0,0.0,0.218019360910534,,,
binning_cal,2024Q4,6h,Entertainment,4,0.14,0.275,17,2.0,0.11764705882352941,0.014579316840302493,0.36440916210125024,,,
binning_cal,2024Q4,6h,Entertainment,5,0.275,0.4640000000000003,15,3.0,0.2,0.043312005105836604,0.48089113380685305,,,
binning_cal,2024Q4,6h,Entertainment,6,0.4640000000000003,0.8110000000000002,16,13.0,0.8125,0.5435434537683883,0.9595262660940541,,,
binning_cal,2024Q4,6h,Entertainment,7,0.8110000000000002,0.9,14,14.0,1.0,0.7683642383498834,1.0,,,
binning_cal,2024Q4,6h,Entertainment,8,0.9,0.93,12,11.0,0.9166666666666666,0.6152038348490559,0.9978924067681397,,,
binning_cal,2024Q4,6h,Entertainment,9,0.93,0.95,20,19.0,0.95,0.7512672372279722,0.9987349105020502,,,
,2025Q1,6h,Politics,0,0.05,0.09,19,,,,,raw,0.06421052631578948,0.0
,2025Q1,6h,Politics,1,0.09,0.18400000000000005,22,,,,,raw,0.125,0.13636363636363635
,2025Q1,6h,Politics,2,0.18400000000000005,0.25,16,,,,,raw,0.20750000000000002,0.25
,2025Q1,6h,Politics,3,0.25,0.35,23,,,,,raw,0.288695652173913,0.34782608695652173
,2025Q1,6h,Politics,4,0.35,0.54,20,,,,,raw,0.442,0.4
,2025Q1,6h,Politics,5,0.54,0.66,21,,,,,raw,0.5985714285714285,0.6666666666666666
,2025Q1,6h,Politics,6,0.66,0.76,19,,,,,raw,0.7052631578947368,0.47368421052631576
,2025Q1,6h,Politics,7,0.76,0.86,20,,,,,raw,0.796,0.8
,2025Q1,6h,Politics,8,0.86,0.91,17,,,,,raw,0.8752941176470589,0.8235294117647058
,2025Q1,6h,Politics,9,0.91,0.95,26,,,,,raw,0.9299999999999999,0.9615384615384616
,2025Q1,6h,Sports,0,0.05,0.08,39,,,,,raw,0.05743589743589743,0.0
,2025Q1,6h,Sports,1,0.08,0.14,48,,,,,raw,0.10229166666666666,0.020833333333333332
,2025Q1,6h,Sports,2,0.14,0.22,44,,,,,raw,0.17454545454545456,0.045454545454545456
,2025Q1,6h,Sports,3,0.22,0.3080000000000001,48,,,,,raw,0.26125,0.1875
,2025Q1,6h,Sports,4,0.3080000000000001,0.39,39,,,,,raw,0.3397435897435898,0.20512820512820512
,2025Q1,6h,Sports,5,0.39,0.5,44,,,,,raw,0.4415909090909091,0.38636363636363635
,2025Q1,6h,Sports,6,0.5,0.6090000000000003,51,,,,,raw,0.5466666666666666,0.45098039215686275
,2025Q1,6h,Sports,7,0.6090000000000003,0.72,44,,,,,raw,0.6636363636363636,0.6818181818181818
,2025Q1,6h,Sports,8,0.72,0.83,43,,,,,raw,0.7627906976744185,0.7674418604651163
,2025Q1,6h,Sports,9,0.83,0.95,48,,,,,raw,0.9002083333333334,0.9583333333333334
,2025Q1,6h,Politics,0,0.05518490749676787,0.09671064199075559,19,,,,,platt,0.07004484876911686,0.0
,2025Q1,6h,Politics,1,0.09671064199075559,0.19114064394149496,22,,,,,platt,0.13209269800975568,0.13636363636363635
,2025Q1,6h,Politics,2,0.19114064394149496,0.25595284081400393,16,,,,,platt,0.21429130694980164,0.25
,2025Q1,6h,Politics,3,0.25595284081400393,0.35287842387387436,23,,,,,platt,0.29354220764004435,0.34782608695652173
,2025Q1,6h,Politics,4,0.35287842387387436,0.5355152217441709,20,,,,,platt,0.44134138474570117,0.4
,2025Q1,6h,Politics,5,0.5355152217441709,0.6514592335070848,21,,,,,platt,0.592018602844004,0.6666666666666666
,2025Q1,6h,Politics,6,0.6514592335070848,0.7494321996362278,19,,,,,platt,0.695647232466378,0.47368421052631576
,2025Q1,6h,Politics,7,0.7494321996362278,0.8496835557307435,20,,,,,platt,0.7852946504283673,0.8
,2025Q1,6h,Politics,8,0.8496835557307435,0.9012200727793871,17,,,,,platt,0.8653689037590743,0.8235294117647058
,2025Q1,6h,Politics,9,0.9012200727793871,0.9435788213407658,26,,,,,platt,0.9223345561685504,0.9615384615384616
,2025Q1,6h,Sports,0,0.05518490749676787,0.08643463695497848,39,,,,,platt,0.06297542998439407,0.0
,2025Q1,6h,Sports,1,0.08643463695497848,0.1473440591483188,48,,,,,platt,0.10918913753292554,0.020833333333333332
,2025Q1,6h,Sports,2,0.1473440591483188,0.22660328754811307,44,,,,,platt,0.18169396155135817,0.045454545454545456
,2025Q1,6h,Sports,3,0.22660328754811307,0.3123046057826064,48,,,,,platt,0.2668736314369872,0.1875
,2025Q1,6h,Sports,4,0.3123046057826064,0.3913975385916619,39,,,,,platt,0.34296503453526667,0.20512820512820512
,2025Q1,6h,Sports,5,0.3913975385916619,0.4970669797097894,44,,,,,platt,0.4409668697329068,0.38636363636363635
,2025Q1,6h,Sports,6,0.4970669797097894,0.6020328518970353,51,,,,,platt,0.5419525152729732,0.45098039215686275
,2025Q1,6h,Sports,7,0.6020328518970353,0.7100367075600694,44,,,,,platt,0.6550597875815896,0.6818181818181818
,2025Q1,6h,Sports,8,0.7100367075600694,0.8192828709148433,43,,,,,platt,0.7523016306836005,0.7674418604651163
,2025Q1,6h,Sports,9,0.8192828709148433,0.9435788213407658,48,,,,,platt,0.8915319536384209,0.9583333333333334
,2025Q1,6h,Politics,0,0.05168539325842697,0.11677282377919321,19,,,,,venn_abers,0.0683375104427736,0.0
,2025Q1,6h,Politics,1,0.11677282377919321,0.18153266331658297,22,,,,,venn_abers,0.13989974560866117,0.13636363636363635
,2025Q1,6h,Politics,2,0.18153266331658297,0.26666666666666666,16,,,,,venn_abers,0.204885901518758,0.25
,2025Q1,6h,Politics,3,0.26666666666666666,0.346573024866226,23,,,,,venn_abers,0.28827329055426915,0.34782608695652173
,2025Q1,6h,Politics,4,0.346573024866226,0.5194805194805194,14,,,,,venn_abers,0.4039773978887698,0.42857142857142855
,2025Q1,6h,Politics,5,0.5194805194805194,0.6194242087813484,17,,,,,venn_abers,0.5516120314610086,0.5294117647058824
,2025Q1,6h,Politics,6,0.6194242087813484,0.7515923566878981,25,,,,,venn_abers,0.6716419200511113,0.6
,2025Q1,6h,Politics,7,0.7515923566878981,0.8457108470324901,24,,,,,venn_abers,0.786781424584395,0.7083333333333334
,2025Q1,6h,Politics,8,0.8457108470324901,0.8820960698689955,14,,,,,venn_abers,0.845766410196105,0.7857142857142857
,2025Q1,6h,Politics,9,0.8820960698689955,0.9230769230769231,29,,,,,venn_abers,0.9077077517673815,0.9655172413793104
,2025Q1,6h,Sports,0,0.05168539325842697,0.09841269841269841,39,,,,,venn_abers,0.0565254969749352,0.0
,2025Q1,6h,Sports,1,0.09841269841269841,0.16370808678500987,48,,,,,venn_abers,0.11796764942149585,0.020833333333333332
,2025Q1,6h,Sports,2,0.16370808678500987,0.21839080459770116,40,,,,,venn_abers,0.1796755504009572,0.05
,2025Q1,6h,Sports,3,0.21839080459770116,0.2965851214828424,52,,,,,venn_abers,0.25287218242302884,0.17307692307692307
,2025Q1,6h,Sports,4,0.2965851214828424,0.346573024866226,21,,,,,venn_abers,0.3227540115473482,0.2857142857142857
,2025Q1,6h,Sports,5,0.346573024866226,0.5194805194805194,62,,,,,venn_abers,0.4127308581053243,0.3064516129032258
,2025Q1,6h,Sports,6,0.5194805194805194,0.6177262535371238,45,,,,,venn_abers,0.5462962962962964,0.4444444444444444
,2025Q1,6h,Sports,7,0.6177262535371238,0.7277667329357189,48,,,,,venn_abers,0.6578743558151743,0.6666666666666666
,2025Q1,6h,Sports,8,0.7277667329357189,0.8376963350785341,43,,,,,venn_abers,0.7598426234323313,0.7441860465116279
,2025Q1,6h,Sports,9,0.8376963350785341,0.9230769230769231,50,,,,,venn_abers,0.883057603973971,0.96
binning_cal,2025Q1,6h,Crypto,0,0.05,0.08,310,15.0,0.04838709677419355,0.02733139037850796,0.07855222286664823,,,
binning_cal,2025Q1,6h,Crypto,1,0.08,0.12,418,52.0,0.12440191387559808,0.09432167118864404,0.15991940976682315,,,
binning_cal,2025Q1,6h,Crypto,2,0.12,0.16,346,61.0,0.17630057803468208,0.13762277809928677,0.220623029011938,,,
binning_cal,2025Q1,6h,Crypto,3,0.16,0.22,381,65.0,0.17060367454068243,0.1342060779203982,0.21221176895658855,,,
binning_cal,2025Q1,6h,Crypto,4,0.22,0.28,342,81.0,0.23684210526315788,0.19277229541626886,0.2855344216449596,,,
binning_cal,2025Q1,6h,Crypto,5,0.28,0.4,385,113.0,0.2935064935064935,0.24846237644882868,0.3417588527586618,,,
binning_cal,2025Q1,6h,Crypto,6,0.4,0.56,367,143.0,0.3896457765667575,0.3394584017965146,0.4416287032927587,,,
binning_cal,2025Q1,6h,Crypto,7,0.56,0.72,373,235.0,0.6300268096514745,0.578812520354312,0.6791592225761883,,,
binning_cal,2025Q1,6h,Crypto,8,0.72,0.86,369,282.0,0.7642276422764228,0.7175367466967725,0.8066216036575407,,,
binning_cal,2025Q1,6h,Crypto,9,0.86,0.95,386,338.0,0.8756476683937824,0.8385259071643949,0.9068714627648828,,,
binning_cal,2025Q1,6h,Finance,0,0.05,0.07,450,28.0,0.06222222222222222,0.04174077847372361,0.0886754756187812,,,
binning_cal,2025Q1,6h,Finance,1,0.07,0.1,534,54.0,0.10112359550561797,0.0768832044931976,0.1298808342831291,,,
binning_cal,2025Q1,6h,Finance,2,0.1,0.15,680,95.0,0.13970588235294118,0.11452289081368015,0.1680620746197751,,,
binning_cal,2025Q1,6h,Finance,3,0.15,0.19,471,84.0,0.17834394904458598,0.1448224540736647,0.21596406864607404,,,
binning_cal,2025Q1,6h,Finance,4,0.19,0.25,577,134.0,0.2322357019064125,0.19836005987365307,0.26887900506238815,,,
binning_cal,2025Q1,6h,Finance,5,0.25,0.33,636,185.0,0.2908805031446541,0.25583769619565233,0.3278777140812824,,,
binning_cal,2025Q1,6h,Finance,6,0.33,0.45,544,219.0,0.4025735294117647,0.36106996331686664,0.4451412508720093,,,
binning_cal,2025Q1,6h,Finance,7,0.45,0.64,563,318.0,0.5648312611012434,0.5227402904454279,0.6062384680073496,,,
binning_cal,2025Q1,6h,Finance,8,0.64,0.83,575,430.0,0.7478260869565218,0.7102435378722052,0.782840258339589,,,
binning_cal,2025Q1,6h,Finance,9,0.83,0.95,560,497.0,0.8875,0.8583661171050332,0.9124616755620271,,,
binning_cal,2025Q1,6h,Weather,0,0.05,0.07,154,4.0,0.025974025974025976,0.007121413829478186,0.06516643280288,,,
binning_cal,2025Q1,6h,Weather,1,0.07,0.1,142,11.0,0.07746478873239436,0.039303789265820226,0.13437789409780532,,,
binning_cal,2025Q1,6h,Weather,2,0.1,0.15,153,12.0,0.0784313725490196,0.041182778121515495,0.13299568500081746,,,
binning_cal,2025Q1,6h,Weather,3,0.15,0.21,176,25.0,0.14204545454545456,0.0940812572128472,0.20250738973377644,,,
binning_cal,2025Q1,6h,Weather,4,0.21,0.3,156,31.0,0.1987179487179487,0.1391925961902623,0.27004575200737746,,,
binning_cal,2025Q1,6h,Weather,5,0.3,0.41,163,50.0,0.3067484662576687,0.23700739065669,0.3836718629666257,,,
binning_cal,2025Q1,6h,Weather,6,0.41,0.51,158,87.0,0.5506329113924051,0.46958381994487614,0.6297469840925862,,,
binning_cal,2025Q1,6h,Weather,7,0.51,0.64,156,98.0,0.6282051282051282,0.5472990389034003,0.70414082417497,,,
binning_cal,2025Q1,6h,Weather,8,0.64,0.83,161,119.0,0.7391304347826086,0.6641685927134782,0.8050694769250826,,,
binning_cal,2025Q1,6h,Weather,9,0.83,0.95,162,143.0,0.8827160493827161,0.8229173121556671,0.9278903247956697,,,
binning_cal,2025Q1,6h,Entertainment,0,0.05,0.05,0,0.0,0.4111111111111111,0.0,1.0,,,
binning_cal,2025Q1,6h,Entertainment,1,0.05,0.06,35,2.0,0.05714285714285714,0.006996763628309519,0.19157140634523914,,,
binning_cal,2025Q1,6h,Entertainment,2,0.06,0.09,40,0.0,0.0,0.0,0.08809730287880237,,,
binning_cal,2025Q1,6h,Entertainment,3,0.09,0.15,30,0.0,0.0,0.0,0.11570330822202778,,,
binning_cal,2025Q1,6h,Entertainment,4,0.15,0.3,25,2.0,0.08,0.00983959001879751,0.2603058421052142,,,
binning_cal,2025Q1,6h,Entertainment,5,0.3,0.6040000000000003,32,10.0,0.3125,0.16118472408820053,0.5000775816321696,,,
binning_cal,2025Q1,6h,Entertainment,6,0.6040000000000003,0.7660000000000002,27,21.0,0.7777777777777778,0.5774169399556212,0.9137830600524333,,,
binning_cal,2025Q1,6h,Entertainment,7,0.7660000000000002,0.89,26,26.0,1.0,0.8677253955022458,1.0,,,
binning_cal,2025Q1,6h,Entertainment,8,0.89,0.93,19,17.0,0.8947368421052632,0.668623335543234,0.9869878356282226,,,
binning_cal,2025Q1,6h,Entertainment,9,0.93,0.95,36,33.0,0.9166666666666666,0.7753102394430269,0.9824735040760654,,,
,2025Q2,6h,Politics,0,0.05,0.11,42,,,,,raw,0.06904761904761905,0.09523809523809523
,2025Q2,6h,Politics,1,0.11,0.21,43,,,,,raw,0.15604651162790695,0.023255813953488372
,2025Q2,6h,Politics,2,0.21,0.28,44,,,,,raw,0.24136363636363634,0.25
,2025Q2,6h,Politics,3,0.28,0.38,43,,,,,raw,0.32372093023255816,0.3023255813953488
,2025Q2,6h,Politics,4,0.38,0.48,41,,,,,raw,0.4202439024390244,0.4146341463414634
,2025Q2,6h,Politics,5,0.48,0.58,46,,,,,raw,0.528695652173913,0.43478260869565216
,2025Q2,6h,Politics,6,0.58,0.6540000000000004,44,,,,,raw,0.6218181818181819,0.5681818181818182
,2025Q2,6h,Politics,7,0.6540000000000004,0.74,40,,,,,raw,0.69825,0.6
,2025Q2,6h,Politics,8,0.74,0.86,45,,,,,raw,0.7926666666666667,0.8444444444444444
,2025Q2,6h,Politics,9,0.86,0.95,45,,,,,raw,0.9051111111111112,0.9333333333333333
,2025Q2,6h,Sports,0,0.05,0.22,431,,,,,raw,0.1275406032482599,0.13225058004640372
,2025Q2,6h,Sports,1,0.22,0.3140000000000009,435,,,,,raw,0.2652413793103448,0.26436781609195403
,2025Q2,6h,Sports,2,0.3140000000000009,0.39,383,,,,,raw,0.3527154046997389,0.35509138381201044
,2025Q2,6h,Sports,3,0.39,0.44,413,,,,,raw,0.41113801452784504,0.37530266343825663
,2025Q2,6h,Sports,4,0.44,0.49,471,,,,,raw,0.46046709129511676,0.46284501061571126
,2025Q2,6h,Sports,5,0.49,0.53,383,,,,,raw,0.5046997389033943,0.4960835509138381
,2025Q2,6h,Sports,6,0.53,0.58,462,,,,,raw,0.548961038961039,0.5216450216450217
,2025Q2,6h,Sports,7,0.58,0.63,441,,,,,raw,0.5992063492063492,0.5895691609977324
,2025Q2,6h,Sports,8,0.63,0.72,446,,,,,raw,0.667421524663677,0.647982062780269
,2025Q2,6h,Sports,9,0.72,0.95,463,,,,,raw,0.8166306695464363,0.8056155507559395
,2025Q2,6h,Politics,0,0.05627724003852285,0.1166680735243375,42,,,,,platt,0.07566468368758986,0.09523809523809523
,2025Q2,6h,Politics,1,0.1166680735243375,0.21231093127572112,43,,,,,platt,0.1610324209605264,0.023255813953488372
,2025Q2,6h,Politics,2,0.21231093127572112,0.27754545355726973,44,,,,,platt,0.2416040903773206,0.25
,2025Q2,6h,Politics,3,0.27754545355726973,0.36983093077002127,43,,,,,platt,0.31793838469267316,0.3023255813953488
,2025Q2,6h,Politics,4,0.36983093077002127,0.46219489099117445,41,,,,,platt,0.4069565465254317,0.4146341463414634
,2025Q2,6h,Politics,5,0.46219489099117445,0.5556910089678904,46,,,,,platt,0.5075782768741194,0.43478260869565216
,2025Q2,6h,Politics,6,0.5556910089678904,0.626231797334162,44,,,,,platt,0.5954398587245204,0.5681818181818182
,2025Q2,6h,Politics,7,0.626231797334162,0.7103963831052733,40,,,,,platt,0.6692819620399666,0.6
,2025Q2,6h,Politics,8,0.7103963831052733,0.8339510235119382,45,,,,,platt,0.7638977876084009,0.8444444444444444
,2025Q2,6h,Politics,9,0.8339510235119382,0.9349680754654484,45,,,,,platt,0.8837300211213116,0.9333333333333333
,2025Q2,6h,Sports,0,0.05627724003852285,0.2216882682383246,431,,,,,platt,0.13302506549341606,0.13225058004640372
,2025Q2,6h,Sports,1,0.2216882682383246,0.3089849004937535,435,,,,,platt,0.26379866262235635,0.26436781609195403
,2025Q2,6h,Sports,2,0.3089849004937535,0.37904549110332914,383,,,,,platt,0.3446865948100636,0.35509138381201044
,2025Q2,6h,Sports,3,0.37904549110332914,0.4251703811733111,413,,,,,platt,0.3985355145017496,0.37530266343825663
,2025Q2,6h,Sports,4,0.4251703811733111,0.47147677212688366,471,,,,,platt,0.44410568700240133,0.46284501061571126
,2025Q2,6h,Sports,5,0.47147677212688366,0.5087375985399832,383,,,,,platt,0.4851517111723957,0.4960835509138381
,2025Q2,6h,Sports,6,0.5087375985399832,0.5556910089678904,462,,,,,platt,0.5265068448547677,0.5216450216450217
,2025Q2,6h,Sports,7,0.5556910089678904,0.6031906918527291,441,,,,,platt,0.5738877580696504,0.5895691609977324
,2025Q2,6h,Sports,8,0.6031906918527291,0.690564911201061,446,,,,,platt,0.6392943268603988,0.647982062780269
,2025Q2,6h,Sports,9,0.690564911201061,0.9349680754654484,463,,,,,platt,0.7900989950787805,0.8056155507559395
,2025Q2,6h,Politics,0,0.05820610687022901,0.11158432708688246,31,,,,,venn_abers,0.06640012242090948,0.03225806451612903
,2025Q2,6h,Politics,1,0.11158432708688246,0.22058823529411764,54,,,,,venn_abers,0.14927147156718204,0.07407407407407407
,2025Q2,6h,Politics,2,0.22058823529411764,0.2584745762711864,39,,,,,venn_abers,0.23818630979909586,0.23076923076923078
,2025Q2,6h,Politics,3,0.2584745762711864,0.33944954128440363,36,,,,,venn_abers,0.29001159571316193,0.2777777777777778
,2025Q2,6h,Politics,4,0.33944954128440363,0.4765506807866869,53,,,,,venn_abers,0.38408982411426407,0.41509433962264153
,2025Q2,6h,Politics,5,0.4765506807866869,0.5942622950819672,42,,,,,venn_abers,0.5057899875339269,0.42857142857142855
,2025Q2,6h,Politics,6,0.5942622950819672,0.6075268817204301,21,,,,,venn_abers,0.594262295081967,0.6190476190476191
,2025Q2,6h,Politics,7,0.6075268817204301,0.7248062015503876,60,,,,,venn_abers,0.6442114695340504,0.55
,2025Q2,6h,Politics,8,0.7248062015503876,0.8250989383755262,52,,,,,venn_abers,0.7664676045009304,0.8269230769230769
,2025Q2,6h,Politics,9,0.8250989383755262,0.915682967959528,45,,,,,venn_abers,0.875199965370329,0.9333333333333333
,2025Q2,6h,Sports,0,0.05820610687022901,0.22058823529411764,404,,,,,venn_abers,0.12863058089978294,0.12871287128712872
,2025Q2,6h,Sports,1,0.22058823529411764,0.3125,415,,,,,venn_abers,0.2459187305909493,0.26265060240963856
,2025Q2,6h,Sports,2,0.3125,0.33944954128440363,187,,,,,venn_abers,0.31464858670741025,0.32620320855614976
,2025Q2,6h,Sports,3,0.33944954128440363,0.41533546325878595,386,,,,,venn_abers,0.3504026739854341,0.36528497409326427
,2025Q2,6h,Sports,4,0.41533546325878595,0.4765506807866869,642,,,,,venn_abers,0.42037344395492077,0.42834890965732086
,2025Q2,6h,Sports,6,0.4765506807866869,0.5942622950819672,859,,,,,venn_abers,0.5005063196016319,0.5005820721769499
,2025Q2,6h,Sports,7,0.5942622950819672,0.6075268817204301,445,,,,,venn_abers,0.5942622950819672,0.5752808988764045
,2025Q2,6h,Sports,8,0.6075268817204301,0.6857142857142858,389,,,,,venn_abers,0.6226193437819609,0.6298200514138818
,2025Q2,6h,Sports,9,0.6857142857142858,0.915682967959528,601,,,,,venn_abers,0.7685609787562131,0.7737104825291181
binning_cal,2025Q2,6h,Sports,0,0.05,0.08,46,0.0,0.0,0.0,0.07706182705190072,,,
binning_cal,2025Q2,6h,Sports,1,0.08,0.13,50,1.0,0.02,0.000506227983040829,0.1064695457114999,,,
binning_cal,2025Q2,6h,Sports,2,0.13,0.2050000000000003,53,3.0,0.05660377358490566,0.011828718859133633,0.15662946217237497,,,
binning_cal,2025Q2,6h,Sports,3,0.2050000000000003,0.29,46,8.0,0.17391304347826086,0.07820342380635298,0.31419065007529945,,,
binning_cal,2025Q2,6h,Sports,4,0.29,0.39,51,11.0,0.21568627450980393,0.11289059974974343,0.3532140635095191,,,
binning_cal,2025Q2,6h,Sports,5,0.39,0.5,44,17.0,0.38636363636363635,0.243571642440721,0.5450446953365582,,,
binning_cal,2025Q2,6h,Sports,6,0.5,0.6150000000000005,57,26.0,0.45614035087719296,0.3235541763724248,0.5934402539954737,,,
binning_cal,2025Q2,6h,Sports,7,0.6150000000000005,0.73,49,33.0,0.673469387755102,0.5245992945096805,0.8005146619538979,,,
binning_cal,2025Q2,6h,Sports,8,0.73,0.85,49,39.0,0.7959183673469388,0.6565700069535181,0.897550614504752,,,
binning_cal,2025Q2,6h,Sports,9,0.85,0.95,51,50.0,0.9803921568627451,0.8955251036044829,0.9995036955922623,,,
binning_cal,2025Q2,6h,Crypto,0,0.05,0.08,510,37.0,0.07254901960784314,0.051592542471830045,0.0986150667241863,,,
binning_cal,2025Q2,6h,Crypto,1,0.08,0.11,521,70.0,0.1343570057581574,0.10625689737407122,0.16668096696140616,,,
binning_cal,2025Q2,6h,Crypto,2,0.11,0.15,633,86.0,0.1358609794628752,0.11012787470724567,0.1650445540871198,,,
binning_cal,2025Q2,6h,Crypto,3,0.15,0.21,637,104.0,0.16326530612244897,0.1353927974491805,0.19429986289777892,,,
binning_cal,2025Q2,6h,Crypto,4,0.21,0.28,603,144.0,0.23880597014925373,0.2052960085463463,0.27489703173417984,,,
binning_cal,2025Q2,6h,Crypto,5,0.28,0.39,571,167.0,0.29246935201401053,0.2554383148713889,0.3316634101453081,,,
binning_cal,2025Q2,6h,Crypto,6,0.39,0.55,608,244.0,0.40131578947368424,0.36209299789337873,0.44150183441002905,,,
binning_cal,2025Q2,6h,Crypto,7,0.55,0.71,563,347.0,0.6163410301953819,0.5747595259436589,0.656694854170168,,,
binning_cal,2025Q2,6h,Crypto,8,0.71,0.86,618,472.0,0.7637540453074434,0.7282396369194827,0.7967258296675064,,,
binning_cal,2025Q2,6h,Crypto,9,0.86,0.95,594,520.0,0.8754208754208754,0.8461424570369875,0.9008991539629526,,,
binning_cal,2025Q2,6h,Politics,0,0.05,0.07,15,0.0,0.0,0.0,0.218019360910534,,,
binning_cal,2025Q2,6h,Politics,1,0.07,0.16200000000000003,36,3.0,0.08333333333333333,0.01752649592393462,0.2246897605569731,,,
binning_cal,2025Q2,6h,Politics,2,0.16200000000000003,0.25,21,5.0,0.23809523809523808,0.08217587559302258,0.4716598276546214,,,
binning_cal,2025Q2,6h,Politics,3,0.25,0.36,27,10.0,0.37037037037037035,0.1940071587151351,0.5763204274957041,,,
binning_cal,2025Q2,6h,Politics,4,0.36,0.54,25,9.0,0.36,0.17971682058365537,0.5747936504461505,,,
binning_cal,2025Q2,6h,Politics,5,0.54,0.6660000000000003,27,18.0,0.6666666666666666,0.46039271390774283,0.8348118203126843,,,
binning_cal,2025Q2,6h,Politics,6,0.6660000000000003,0.7670000000000002,25,15.0,0.6,0.38665349625683987,0.788745193534858,,,
binning_cal,2025Q2,6h,Politics,7,0.7670000000000002,0.8680000000000001,25,21.0,0.84,0.6391715455407279,0.9546205476282904,,,
binning_cal,2025Q2,6h,Politics,8,0.8680000000000001,0.9290000000000002,25,23.0,0.92,0.7396941578947858,0.9901604099812025,,,
binning_cal,2025Q2,6h,Politics,9,0.9290000000000002,0.95,26,24.0,0.9230769230769231,0.7486970833046261,0.9905446089962873,,,
binning_cal,2025Q2,6h,Finance,0,0.05,0.07,368,24.0,0.06521739130434782,0.042229498148394454,0.09548658773303831,,,
binning_cal,2025Q2,6h,Finance,1,0.07,0.11,619,74.0,0.11954765751211632,0.09504669708344332,0.1477441059766806,,,
binning_cal,2025Q2,6h,Finance,2,0.11,0.15,478,61.0,0.12761506276150628,0.09903915692182438,0.16089102257640714,,,
binning_cal,2025Q2,6h,Finance,3,0.15,0.2,546,93.0,0.17032967032967034,0.1397369381478162,0.20454025237001208,,,
binning_cal,2025Q2,6h,Finance,4,0.2,0.26,527,131.0,0.24857685009487665,0.21222684085367835,0.2877734866925634,,,
binning_cal,2025Q2,6h,Finance,5,0.26,0.34,519,154.0,0.29672447013487474,0.25771394225774946,0.338068391888594,,,
binning_cal,2025Q2,6h,Finance,6,0.34,0.48,501,204.0,0.40718562874251496,0.36382462632379176,0.4516484042076815,,,
binning_cal,2025Q2,6h,Finance,7,0.48,0.65,495,272.0,0.5494949494949495,0.504469335024825,0.5939260356021618,,,
binning_cal,2025Q2,6h,Finance,8,0.65,0.82,527,380.0,0.7210626185958254,0.6806557056934275,0.7589695501229561,,,
binning_cal,2025Q2,6h,Finance,9,0.82,0.95,537,461.0,0.8584729981378026,0.8260885807055186,0.8868452579663523,,,
binning_cal,2025Q2,6h,Weather,0,0.05,0.06,108,0.0,0.0,0.0,0.033579550218654476,,,
binning_cal,2025Q2,6h,Weather,1,0.06,0.08,107,9.0,0.08411214953271028,0.039184440626252565,0.15367206789956414,,,
binning_cal,2025Q2,6h,Weather,2,0.08,0.12,150,12.0,0.08,0.04202026470017239,0.1355738902126391,,,
binning_cal,2025Q2,6h,Weather,3,0.12,0.18,129,19.0,0.14728682170542637,0.09106672554763313,0.22041414962559627,,,
binning_cal,2025Q2,6h,Weather,4,0.18,0.27,127,26.0,0.2047244094488189,0.1383053134275059,0.2854014548730945,,,
binning_cal,2025Q2,6h,Weather,5,0.27,0.4,116,39.0,0.33620689655172414,0.25116412841174435,0.42984071222869913,,,
binning_cal,2025Q2,6h,Weather,6,0.4,0.5320000000000005,136,78.0,0.5735294117647058,0.4859015227859284,0.657884299945903,,,
binning_cal,2025Q2,6h,Weather,7,0.5320000000000005,0.74,122,79.0,0.6475409836065574,0.5558857047153835,0.7318489458686348,,,
binning_cal,2025Q2,6h,Weather,8,0.74,0.89,108,80.0,0.7407407407407407,0.647537216724162,0.8203033614919487,,,
binning_cal,2025Q2,6h,Weather,9,0.89,0.95,144,132.0,0.9166666666666666,0.8589580594157762,0.9561982121301738,,,
binning_cal,2025Q2,6h,Entertainment,0,0.05,0.06,75,5.0,0.06666666666666667,0.02199925246979556,0.1487604791577823,,,
binning_cal,2025Q2,6h,Entertainment,1,0.06,0.08,77,3.0,0.03896103896103896,0.00810791726669391,0.1096653666745221,,,
binning_cal,2025Q2,6h,Entertainment,2,0.08,0.12,98,8.0,0.08163265306122448,0.03590299952979804,0.15452505051843288,,,
binning_cal,2025Q2,6h,Entertainment,3,0.12,0.2,87,6.0,0.06896551724137931,0.02572816223179624,0.1440865938618586,,,
binning_cal,2025Q2,6h,Entertainment,4,0.2,0.3,79,15.0,0.189873417721519,0.11034752443700825,0.29375845961872643,,,
binning_cal,2025Q2,6h,Entertainment,5,0.3,0.48,97,25.0,0.25773195876288657,0.17424820534300334,0.3565316404235184,,,
binning_cal,2025Q2,6h,Entertainment,6,0.48,0.68,85,39.0,0.4588235294117647,0.35017013901782995,0.570429015655785,,,
binning_cal,2025Q2,6h,Entertainment,7,0.68,0.84,82,68.0,0.8292682926829268,0.7301638101289181,0.9033947197420452,,,
binning_cal,2025Q2,6h,Entertainment,8,0.84,0.92,92,79.0,0.8586956521739131,0.7704926249090878,0.9225608216349676,,,
binning_cal,2025Q2,6h,Entertainment,9,0.92,0.95,87,81.0,0.9310344827586207,0.8559134061381414,0.9742718377682038,,,
,2025Q3,6h,Politics,0,0.05,0.08600000000000001,46,,,,,raw,0.06326086956521738,0.043478260869565216
,2025Q3,6h,Politics,1,0.08600000000000001,0.17,45,,,,,raw,0.12355555555555557,0.022222222222222223
,2025Q3,6h,Politics,2,0.17,0.26,43,,,,,raw,0.21162790697674422,0.06976744186046512
,2025Q3,6h,Politics,3,0.26,0.34,41,,,,,raw,0.29536585365853657,0.17073170731707318
,2025Q3,6h,Politics,4,0.34,0.44,52,,,,,raw,0.37730769230769234,0.23076923076923078
,2025Q3,6h,Politics,5,0.44,0.5660000000000002,47,,,,,raw,0.49000000000000005,0.3829787234042553
,2025Q3,6h,Politics,6,0.5660000000000002,0.65,45,,,,,raw,0.6055555555555556,0.4222222222222222
,2025Q3,6h,Politics,7,0.65,0.74,41,,,,,raw,0.6834146341463414,0.5853658536585366
,2025Q3,6h,Politics,8,0.74,0.84,47,,,,,raw,0.7825531914893618,0.8085106382978723
,2025Q3,6h,Politics,9,0.84,0.95,50,,,,,raw,0.8914000000000002,0.86
,2025Q3,6h,Sports,0,0.05,0.16,1058,,,,,raw,0.09632325141776937,0.08412098298676748
,2025Q3,6h,Sports,1,0.16,0.26,1162,,,,,raw,0.207960413080895,0.2314974182444062
,2025Q3,6h,Sports,2,0.26,0.33,1077,,,,,raw,0.2889136490250696,0.2999071494893222
,2025Q3,6h,Sports,3,0.33,0.4,1085,,,,,raw,0.36205529953917054,0.3861751152073733
,2025Q3,6h,Sports,4,0.4,0.45,1057,,,,,raw,0.4215042573320719,0.445600756859035
,2025Q3,6h,Sports,5,0.45,0.5,1248,,,,,raw,0.4703125,0.4831730769230769
,2025Q3,6h,Sports,6,0.5,0.55,1166,,,,,raw,0.5198885077186964,0.49056603773584906
,2025Q3,6h,Sports,7,0.55,0.61,1154,,,,,raw,0.5726689774696708,0.5433275563258232
,2025Q3,6h,Sports,8,0.61,0.71,1189,,,,,raw,0.6495626576955424,0.6282590412111018
,2025Q3,6h,Sports,9,0.71,0.95,1148,,,,,raw,0.8034407665505227,0.7735191637630662
,2025Q3,6h,Politics,0,0.05749305792188282,0.09529918261737196,46,,,,,platt,0.0715014692488301,0.043478260869565216
,2025Q3,6h,Politics,1,0.09529918261737196,0.17963149773106662,45,,,,,platt,0.13331611504901952,0.022222222222222223
,2025Q3,6h,Politics,2,0.17963149773106662,0.2667315626769887,43,,,,,platt,0.22010556598018433,0.06976744186046512
,2025Q3,6h,Politics,3,0.2667315626769887,0.34268673361593327,41,,,,,platt,0.300385800089068,0.17073170731707318
,2025Q3,6h,Politics,4,0.34268673361593327,0.43676373690398845,52,,,,,platt,0.37781989589504644,0.23076923076923078
,2025Q3,6h,Politics,5,0.43676373690398845,0.5553440427912611,47,,,,,platt,0.4837577813130799,0.3829787234042553
,2025Q3,6h,Politics,6,0.5553440427912611,0.6352385821807378,45,,,,,platt,0.59287758507931,0.4222222222222222
,2025Q3,6h,Politics,7,0.6352385821807378,0.7223816703484265,41,,,,,platt,0.667446355393712,0.5853658536585366
,2025Q3,6h,Politics,8,0.7223816703484265,0.8223233319311953,47,,,,,platt,0.7645614758327631,0.8085106382978723
,2025Q3,6h,Politics,9,0.8223233319311953,0.9394551897929965,50,,,,,platt,0.8762807143485977,0.86
,2025Q3,6h,Sports,0,0.05749305792188282,0.1697879353785079,1058,,,,,platt,0.10553236307108611,0.08412098298676748
,2025Q3,6h,Sports,1,0.1697879353785079,0.2667315626769887,1162,,,,,platt,0.21652594638458816,0.2314974182444062
,2025Q3,6h,Sports,2,0.2667315626769887,0.33324023163351685,1077,,,,,platt,0.29426551665487793,0.2999071494893222
,2025Q3,6h,Sports,3,0.33324023163351685,0.3991897390299562,1085,,,,,platt,0.3634708971773942,0.3861751152073733
,2025Q3,6h,Sports,4,0.3991897390299562,0.4461539812313895,1057,,,,,platt,0.41939182762242516,0.445600756859035
,2025Q3,6h,Sports,5,0.4461539812313895,0.49313009363994453,1248,,,,,platt,0.46523252380220054,0.4831730769230769
,2025Q3,6h,Sports,6,0.49313009363994453,0.5402278246085436,1166,,,,,platt,0.5118503073972783,0.49056603773584906
,2025Q3,6h,Sports,7,0.5402278246085436,0.597062180894957,1154,,,,,platt,0.561666973614186,0.5433275563258232
,2025Q3,6h,Sports,8,0.597062180894957,0.6931045729189536,1189,,,,,platt,0.6349022632341774,0.6282590412111018
,2025Q3,6h,Sports,9,0.6931045729189536,0.9394551897929965,1148,,,,,platt,0.7865686060893579,0.7735191637630662
,2025Q3,6h,Politics,0,0.05781391147244805,0.11326191577695137,46,,,,,venn_abers,0.07343763005674242,0.043478260869565216
,2025Q3,6h,Politics,1,0.11326191577695137,0.1667844522968198,30,,,,,venn_abers,0.13117843063395387,0.03333333333333333
,2025Q3,6h,Politics,2,0.1667844522968198,0.25691699604743085,50,,,,,venn_abers,0.19483804736750548,0.04
,2025Q3,6h,Politics,3,0.25691699604743085,0.33286908077994426,39,,,,,venn_abers,0.2894071753314157,0.15384615384615385
,2025Q3,6h,Politics,4,0.33286908077994426,0.46804220052627693,62,,,,,venn_abers,0.36355418550233326,0.22580645161290322
,2025Q3,6h,Politics,5,0.46804220052627693,0.5830239902487674,45,,,,,venn_abers,0.47748678774176817,0.35555555555555557
,2025Q3,6h,Politics,6,0.5830239902487674,0.595224797542586,36,,,,,venn_abers,0.5849939007612392,0.4166666666666667
,2025Q3,6h,Politics,7,0.595224797542586,0.7530364372469637,48,,,,,venn_abers,0.6363494450505339,0.5625
,2025Q3,6h,Politics,8,0.7530364372469637,0.8162917718917014,51,,,,,venn_abers,0.7752013797961279,0.803921568627451
,2025Q3,6h,Politics,9,0.8162917718917014,0.9310774957430799,50,,,,,venn_abers,0.8793369487174472,0.86
,2025Q3,6h,Sports,0,0.05781391147244805,0.1667844522968198,969,,,,,venn_abers,0.10733456011842246,0.0784313725490196
,2025Q3,6h,Sports,1,0.1667844522968198,0.25691699604743085,1104,,,,,venn_abers,0.20230882854072982,0.223731884057971
,2025Q3,6h,Sports,2,0.25691699604743085,0.33286908077994426,1081,,,,,venn_abers,0.2899940737561678,0.2895467160037003
,2025Q3,6h,Sports,3,0.33286908077994426,0.4008559201141227,1228,,,,,venn_abers,0.3543278412123253,0.3778501628664495
,2025Q3,6h,Sports,4,0.4008559201141227,0.46862996158770803,1057,,,,,venn_abers,0.417509473063966,0.445600756859035
,2025Q3,6h,Sports,6,0.46862996158770803,0.5410628019323671,2414,,,,,venn_abers,0.4746597274205426,0.4867439933719967
,2025Q3,6h,Sports,7,0.5410628019323671,0.5835906589930615,994,,,,,venn_abers,0.573487453748995,0.5311871227364185
,2025Q3,6h,Sports,8,0.5835906589930615,0.669626998223801,1155,,,,,venn_abers,0.6074196945872659,0.6233766233766234
,2025Q3,6h,Sports,9,0.669626998223801,0.9310774957430799,1342,,,,,venn_abers,0.7759213032738539,0.7555886736214605
binning_cal,2025Q3,6h,Sports,0,0.05,0.19,477,45.0,0.09433962264150944,0.0696454799669544,0.12419532088869456,,,
binning_cal,2025Q3,6h,Sports,1,0.19,0.29,444,96.0,0.21621621621621623,0.17879854014983282,0.25746302451583,,,
binning_cal,2025Q3,6h,Sports,2,0.29,0.38,497,158.0,0.317907444668008,0.2771505483735747,0.36084699822758587,,,
binning_cal,2025Q3,6h,Sports,3,0.38,0.44,504,192.0,0.38095238095238093,0.3383704450230348,0.42493946373357966,,,
binning_cal,2025Q3,6h,Sports,4,0.44,0.48,388,184.0,0.4742268041237113,0.42361530315223805,0.5252343714408829,,,
binning_cal,2025Q3,6h,Sports,5,0.48,0.53,507,243.0,0.47928994082840237,0.4350491319930101,0.5237735341823037,,,
binning_cal,2025Q3,6h,Sports,6,0.53,0.58,491,255.0,0.5193482688391039,0.4741346107420067,0.5643276304610187,,,
binning_cal,2025Q3,6h,Sports,7,0.58,0.64,513,305.0,0.594541910331384,0.5506362043344422,0.6373518674116401,,,
binning_cal,2025Q3,6h,Sports,8,0.64,0.74,504,330.0,0.6547619047619048,0.6114472990265418,0.6962486777888943,,,
binning_cal,2025Q3,6h,Sports,9,0.74,0.95,494,413.0,0.8360323886639676,0.8003792391806104,0.8676010338352085,,,
binning_cal,2025Q3,6h,Crypto,0,0.05,0.08,528,46.0,0.08712121212121213,0.06448883305700003,0.11449759719549604,,,
binning_cal,2025Q3,6h,Crypto,1,0.08,0.12,754,97.0,0.1286472148541114,0.10557610677341268,0.15466683698347874,,,
binning_cal,2025Q3,6h,Crypto,2,0.12,0.16,669,109.0,0.16292974588938713,0.13573509713525517,0.19313613632689375,,,
binning_cal,2025Q3,6h,Crypto,3,0.16,0.21,623,110.0,0.17656500802568217,0.14741217153862904,0.20882101528233163,,,
binning_cal,2025Q3,6h,Crypto,4,0.21,0.28,677,180.0,0.2658788774002954,0.23294208368604552,0.3008712990891533,,,
binning_cal,2025Q3,6h,Crypto,5,0.28,0.38,619,193.0,0.31179321486268174,0.2754657978131318,0.3499274717650293,,,
binning_cal,2025Q3,6h,Crypto,6,0.38,0.53,693,307.0,0.443001443001443,0.4056068947066593,0.4808832714975883,,,
binning_cal,2025Q3,6h,Crypto,7,0.53,0.7,607,367.0,0.6046128500823723,0.5644612722271616,0.643741536374734,,,
binning_cal,2025Q3,6h,Crypto,8,0.7,0.85,661,496.0,0.7503782148260212,0.7155543407559007,0.7829485527103306,,,
binning_cal,2025Q3,6h,Crypto,9,0.85,0.95,696,622.0,0.8936781609195402,0.8683669404621397,0.9155885749985205,,,
binning_cal,2025Q3,6h,Politics,0,0.05,0.1,67,3.0,0.04477611940298507,0.009330843412756905,0.12532703599394152,,,
binning_cal,2025Q3,6h,Politics,1,0.1,0.19,61,5.0,0.08196721311475409,0.027151360395555945,0.1810119111097984,,,
binning_cal,2025Q3,6h,Politics,2,0.19,0.27,73,15.0,0.2054794520547945,0.1198130983354363,0.31616159919704134,,,
binning_cal,2025Q3,6h,Politics,3,0.27,0.36,64,22.0,0.34375,0.22946324249933903,0.4730230387783165,,,
binning_cal,2025Q3,6h,Politics,4,0.36,0.5,67,27.0,0.40298507462686567,0.2848738956241814,0.529958654211971,,,
binning_cal,2025Q3,6h,Politics,5,0.5,0.61,69,34.0,0.4927536231884058,0.37020721841968224,0.6159417111403209,,,
binning_cal,2025Q3,6h,Politics,6,0.61,0.6900000000000005,69,42.0,0.6086956521739131,0.4837164379636161,0.724033677777496,,,
binning_cal,2025Q3,6h,Politics,7,0.6900000000000005,0.78,59,38.0,0.6440677966101694,0.5086841402983387,0.7644553349814692,,,
binning_cal,2025Q3,6h,Politics,8,0.78,0.89,68,59.0,0.8676470588235294,0.7635644456904789,0.9376516859365619,,,
binning_cal,2025Q3,6h,Politics,9,0.89,0.95,74,69.0,0.9324324324324325,0.8493212714569215,0.9776984876707647,,,
binning_cal,2025Q3,6h,Finance,0,0.05,0.08,361,33.0,0.09141274238227147,0.06376094781396574,0.12598100370099966,,,
binning_cal,2025Q3,6h,Finance,1,0.08,0.13,498,71.0,0.142570281124498,0.11305668505209579,0.17640259388339422,,,
binning_cal,2025Q3,6h,Finance,2,0.13,0.17,412,65.0,0.15776699029126215,0.12392112173877248,0.19661890045920363,,,
binning_cal,2025Q3,6h,Finance,3,0.17,0.23,486,97.0,0.19958847736625515,0.16494371028323945,0.23793539346485448,,,
binning_cal,2025Q3,6h,Finance,4,0.23,0.29,413,109.0,0.2639225181598063,0.22202727043116968,0.3092375469174625,,,
binning_cal,2025Q3,6h,Finance,5,0.29,0.4,483,177.0,0.36645962732919257,0.32338575724634916,0.411179450305771,,,
binning_cal,2025Q3,6h,Finance,6,0.4,0.55,462,214.0,0.46320346320346323,0.41701424574449997,0.5098665970272285,,,
binning_cal,2025Q3,6h,Finance,7,0.55,0.7,425,268.0,0.6305882352941177,0.5827429035357337,0.6766015627016407,,,
binning_cal,2025Q3,6h,Finance,8,0.7,0.84,452,347.0,0.7676991150442478,0.7259783181822197,0.8058758803924004,,,
binning_cal,2025Q3,6h,Finance,9,0.84,0.95,466,412.0,0.8841201716738197,0.8515178622264694,0.9117381516985199,,,
binning_cal,2025Q3,6h,Weather,0,0.05,0.05,0,0.0,0.3690944881889764,0.0,1.0,,,
binning_cal,2025Q3,6h,Weather,1,0.05,0.07,185,3.0,0.016216216216216217,0.0033567402275233096,0.046656974112677774,,,
binning_cal,2025Q3,6h,Weather,2,0.07,0.09,81,3.0,0.037037037037037035,0.007704037268873344,0.1044437124256791,,,
binning_cal,2025Q3,6h,Weather,3,0.09,0.14,135,10.0,0.07407407407407407,0.036091651305967025,0.13200593512222886,,,
binning_cal,2025Q3,6h,Weather,4,0.14,0.21,103,9.0,0.08737864077669903,0.0407364266467046,0.15939919045550538,,,
binning_cal,2025Q3,6h,Weather,5,0.21,0.3900000000000011,106,35.0,0.330188679245283,0.24189877107967064,0.42824256310676456,,,
binning_cal,2025Q3,6h,Weather,6,0.3900000000000011,0.65,100,54.0,0.54,0.4374115798664713,0.640156647020588,,,
binning_cal,2025Q3,6h,Weather,7,0.65,0.84,97,69.0,0.711340206185567,0.610483479581775,0.7988670362864558,,,
binning_cal,2025Q3,6h,Weather,8,0.84,0.92,97,86.0,0.8865979381443299,0.8061461403570753,0.9420113033549623,,,
binning_cal,2025Q3,6h,Weather,9,0.92,0.95,112,106.0,0.9464285714285714,0.8870403407956796,0.9800890546058889,,,
binning_cal,2025Q3,6h,Entertainment,0,0.05,0.06,104,5.0,0.04807692307692308,0.015792448153985273,0.10863596001490054,,,
binning_cal,2025Q3,6h,Entertainment,1,0.06,0.08,120,5.0,0.041666666666666664,0.013665384116789567,0.09455879997593716,,,
binning_cal,2025Q3,6h,Entertainment,2,0.08,0.13,177,20.0,0.11299435028248588,0.07040189100432581,0.16910631464660672,,,
binning_cal,2025Q3,6h,Entertainment,3,0.13,0.22,134,21.0,0.15671641791044777,0.0997050872809701,0.22952726577520513,,,
binning_cal,2025Q3,6h,Entertainment,4,0.22,0.33,134,28.0,0.208955223880597,0.14356637178880174,0.28764292328038854,,,
binning_cal,2025Q3,6h,Entertainment,5,0.33,0.51,134,47.0,0.35074626865671643,0.27036335022455227,0.43788637208028147,,,
binning_cal,2025Q3,6h,Entertainment,6,0.51,0.7,135,67.0,0.4962962962962963,0.4091647550043961,0.5835938460089833,,,
binning_cal,2025Q3,6h,Entertainment,7,0.7,0.85,127,101.0,0.7952755905511811,0.7145985451269055,0.8616946865724942,,,
binning_cal,2025Q3,6h,Entertainment,8,0.85,0.93,140,122.0,0.8714285714285714,0.8044311292163182,0.921987287666335,,,
binning_cal,2025Q3,6h,Entertainment,9,0.93,0.95,137,127.0,0.927007299270073,0.8698606530850659,0.9644436895023731,,,
,2025Q2,1mo,Politics,0,0.05,0.069,12,,,,,raw,0.05250000000000001,0.08333333333333333
,2025Q2,1mo,Politics,1,0.069,0.08,9,,,,,raw,0.07,0.0
,2025Q2,1mo,Politics,2,0.08,0.13,14,,,,,raw,0.10214285714285716,0.0
,2025Q2,1mo,Politics,3,0.13,0.202,13,,,,,raw,0.15692307692307692,0.3076923076923077
,2025Q2,1mo,Politics,4,0.202,0.275,12,,,,,raw,0.2316666666666667,0.16666666666666666
,2025Q2,1mo,Politics,5,0.275,0.5,11,,,,,raw,0.36727272727272725,0.45454545454545453
,2025Q2,1mo,Politics,6,0.5,0.71,12,,,,,raw,0.5866666666666668,0.6666666666666666
,2025Q2,1mo,Politics,7,0.71,0.79,12,,,,,raw,0.745,0.4166666666666667
,2025Q2,1mo,Politics,8,0.79,0.8610000000000001,13,,,,,raw,0.8253846153846154,0.7692307692307693
,2025Q2,1mo,Politics,9,0.8610000000000001,0.95,12,,,,,raw,0.9,1.0
,2025Q2,1mo,Sports,1,0.05,0.07,23,,,,,raw,0.05260869565217393,0.043478260869565216
,2025Q2,1mo,Sports,2,0.07,0.09,10,,,,,raw,0.073,0.0
,2025Q2,1mo,Sports,3,0.09,0.13,12,,,,,raw,0.10416666666666669,0.25
,2025Q2,1mo,Sports,4,0.13,0.165,13,,,,,raw,0.1423076923076923,0.23076923076923078
,2025Q2,1mo,Sports,5,0.165,0.2,11,,,,,raw,0.1818181818181818,0.09090909090909091
,2025Q2,1mo,Sports,6,0.2,0.24500000000000013,12,,,,,raw,0.21750000000000003,0.08333333333333333
,2025Q2,1mo,Sports,7,0.24500000000000013,0.33,10,,,,,raw,0.29100000000000004,0.3
,2025Q2,1mo,Sports,8,0.33,0.725,13,,,,,raw,0.47692307692307695,0.5384615384615384
,2025Q2,1mo,Sports,9,0.725,0.95,12,,,,,raw,0.8541666666666669,1.0
,2025Q2,1mo,Politics,0,0.031960109218385505,0.04593772988398412,12,,,,,platt,0.03377826800090556,0.08333333333333333
,2025Q2,1mo,Politics,1,0.04593772988398412,0.05429390150496277,9,,,,,platt,0.04668272827681949,0.0
,2025Q2,1mo,Politics,2,0.05429390150496277,0.09440879818816722,14,,,,,platt,0.07184162782612202,0.0
,2025Q2,1mo,Politics,3,0.09440879818816722,0.1571238052110141,13,,,,,platt,0.11744737801754207,0.3076923076923077
,2025Q2,1mo,Politics,4,0.1571238052110141,0.22541260845147032,12,,,,,platt,0.1844323831622268,0.16666666666666666
,2025Q2,1mo,Politics,5,0.22541260845147032,0.45853284250305965,11,,,,,platt,0.31886488506747407,0.45454545454545453
,2025Q2,1mo,Politics,6,0.45853284250305965,0.6943192274273341,12,,,,,platt,0.5551187574810212,0.6666666666666666
,2025Q2,1mo,Politics,7,0.6943192274273341,0.7847745587484566,12,,,,,platt,0.7339982236857403,0.4166666666666667
,2025Q2,1mo,Politics,8,0.7847745587484566,0.8633272290668039,13,,,,,platt,0.8241141266994064,0.7692307692307693
,2025Q2,1mo,Politics,9,0.8633272290668039,0.9559880308268557,12,,,,,platt,0.9047523634990609,1.0
,2025Q2,1mo,Sports,1,0.031960109218385505,0.04668272827681949,23,,,,,platt,0.03385731838275426,0.043478260869565216
,2025Q2,1mo,Sports,2,0.04668272827681949,0.062053873732336895,10,,,,,platt,0.04896608024526248,0.0
,2025Q2,1mo,Sports,3,0.062053873732336895,0.09440879818816722,12,,,,,platt,0.0733519469260101,0.25
,2025Q2,1mo,Sports,4,0.09440879818816722,0.12423935817498591,13,,,,,platt,0.10480443936319948,0.23076923076923078
,2025Q2,1mo,Sports,5,0.12423935817498591,0.15527215732604807,11,,,,,platt,0.13903280840147697,0.09090909090909091
,2025Q2,1mo,Sports,6,0.15527215732604807,0.19681000957501338,12,,,,,platt,0.17127442517747912,0.08333333333333333
,2025Q2,1mo,Sports,7,0.19681000957501338,0.27956642296962236,10,,,,,platt,0.2411380019450208,0.3
,2025Q2,1mo,Sports,8,0.27956642296962236,0.7113400803514989,13,,,,,platt,0.43689172009658883,0.5384615384615384
,2025Q2,1mo,Sports,9,0.7113400803514989,0.9559880308268557,12,,,,,platt,0.8543211810072662,1.0
,2025Q2,1mo,Politics,0,0.013422818791946308,0.018348623853211007,9,,,,,venn_abers,0.013422818791946308,0.1111111111111111
,2025Q2,1mo,Politics,1,0.018348623853211007,0.036036036036036036,12,,,,,venn_abers,0.018348623853211007,0.0
,2025Q2,1mo,Politics,2,0.036036036036036036,0.11386189258312021,9,,,,,venn_abers,0.07258167994514582,0.0
,2025Q2,1mo,Politics,3,0.11386189258312021,0.2328016489614715,18,,,,,venn_abers,0.12271471337791312,0.2222222222222222
,2025Q2,1mo,Politics,5,0.27731092436974786,0.37012987012987014,18,,,,,venn_abers,0.28793443303247224,0.2222222222222222
,2025Q2,1mo,Politics,6,0.37012987012987014,0.6524822695035462,14,,,,,venn_abers,0.42629473404010254,0.5714285714285714
,2025Q2,1mo,Politics,7,0.6524822695035462,0.7826086956521741,11,,,,,venn_abers,0.652482269503546,0.7272727272727273
,2025Q2,1mo,Politics,8,0.7826086956521741,0.8358362699918681,17,,,,,venn_abers,0.7884115282941823,0.5882352941176471
,2025Q2,1mo,Politics,9,0.8358362699918681,0.9652777777777777,12,,,,,venn_abers,0.9406283101774872,1.0
,2025Q2,1mo,Sports,1,0.013422818791946308,0.018348623853211007,17,,,,,venn_abers,0.013422818791946308,0.058823529411764705
,2025Q2,1mo,Sports,2,0.018348623853211007,0.0784313725490196,16,,,,,venn_abers,0.0216650136374907,0.0
,2025Q2,1mo,Sports,3,0.0784313725490196,0.11386189258312021,10,,,,,venn_abers,0.09935987928027423,0.3
,2025Q2,1mo,Sports,4,0.11386189258312021,0.1234334093457473,15,,,,,venn_abers,0.11386189258312025,0.2
,2025Q2,1mo,Sports,5,0.1234334093457473,0.19999999999999998,11,,,,,venn_abers,0.15080191207589533,0.09090909090909091
,2025Q2,1mo,Sports,6,0.19999999999999998,0.27731092436974786,2,,,,,venn_abers,0.19999999999999998,0.0
,2025Q2,1mo,Sports,7,0.27731092436974786,0.3111111111111111,14,,,,,venn_abers,0.27731092436974786,0.07142857142857142
,2025Q2,1mo,Sports,8,0.3111111111111111,0.6524822695035462,16,,,,,venn_abers,0.3579041004939602,0.5625
,2025Q2,1mo,Sports,9,0.6524822695035462,0.9652777777777777,15,,,,,venn_abers,0.817131302414716,0.8666666666666667
binning_cal,2025Q2,1mo,Politics,0,0.05,0.06,18,0.0,0.0,0.0,0.1853019681378522,,,
binning_cal,2025Q2,1mo,Politics,1,0.06,0.11,44,2.0,0.045454545454545456,0.005552951995370494,0.15473157765898934,,,
binning_cal,2025Q2,1mo,Politics,2,0.11,0.17000000000000015,32,4.0,0.125,0.03513065310331141,0.2899484201907557,,,
binning_cal,2025Q2,1mo,Politics,3,0.17000000000000015,0.27,27,10.0,0.37037037037037035,0.1940071587151351,0.5763204274957041,,,
binning_cal,2025Q2,1mo,Politics,4,0.27,0.38,32,12.0,0.375,0.21100031642399283,0.5630775449030734,,,
binning_cal,2025Q2,1mo,Politics,5,0.38,0.5900000000000003,34,18.0,0.5294117647058824,0.351292837051412,0.7022133335818035,,,
binning_cal,2025Q2,1mo,Politics,6,0.5900000000000003,0.72,30,20.0,0.6666666666666666,0.47187995521011944,0.8271257784739607,,,
binning_cal,2025Q2,1mo,Politics,7,0.72,0.83,25,20.0,0.8,0.5929625677213226,0.931688535987516,,,
binning_cal,2025Q2,1mo,Politics,8,0.83,0.89,30,26.0,0.8666666666666667,0.6927816497238732,0.9624465036616366,,,
binning_cal,2025Q2,1mo,Politics,9,0.89,0.95,39,37.0,0.9487179487179487,0.8267552186263942,0.9937280279043096,,,
binning_cal,2025Q2,1mo,Finance,0,0.05,0.11,27,1.0,0.037037037037037035,0.000937257091944707,0.1897056174130446,,,
binning_cal,2025Q2,1mo,Finance,1,0.11,0.19800000000000006,31,4.0,0.12903225806451613,0.03630166197920904,0.29833582900779726,,,
binning_cal,2025Q2,1mo,Finance,2,0.19800000000000006,0.29,28,8.0,0.2857142857142857,0.13223651257112512,0.4866683154489406,,,
binning_cal,2025Q2,1mo,Finance,3,0.29,0.43,27,9.0,0.3333333333333333,0.16518817968731567,0.5396072860922572,,,
binning_cal,2025Q2,1mo,Finance,4,0.43,0.555,32,12.0,0.375,0.21100031642399283,0.5630775449030734,,,
binning_cal,2025Q2,1mo,Finance,5,0.555,0.6940000000000003,29,18.0,0.6206896551724138,0.4226046406644011,0.7931313005134929,,,
binning_cal,2025Q2,1mo,Finance,6,0.6940000000000003,0.79,26,17.0,0.6538461538461539,0.4433280739576097,0.8278558619943336,,,
binning_cal,2025Q2,1mo,Finance,7,0.79,0.86,31,26.0,0.8387096774193549,0.6627284150268207,0.9454756737849165,,,
binning_cal,2025Q2,1mo,Finance,8,0.86,0.9110000000000003,30,30.0,1.0,0.8842966917779722,1.0,,,
binning_cal,2025Q2,1mo,Finance,9,0.9110000000000003,0.95,29,29.0,1.0,0.8805551309304973,1.0,,,
binning_cal,2025Q2,1mo,Weather,0,0.05,0.11,14,0.0,0.0,0.0,0.23163576165011646,,,
binning_cal,2025Q2,1mo,Weather,1,0.11,0.18,22,1.0,0.045454545454545456,0.0011501475265735751,0.22844439766763341,,,
binning_cal,2025Q2,1mo,Weather,2,0.18,0.26,18,6.0,0.3333333333333333,0.13342740250612353,0.5900747618279255,,,
binning_cal,2025Q2,1mo,Weather,3,0.26,0.3340000000000001,19,4.0,0.21052631578947367,0.060524537709289755,0.45565308189150555,,,
binning_cal,2025Q2,1mo,Weather,4,0.3340000000000001,0.41,16,4.0,0.25,0.07266203825288216,0.5237708198961273,,,
binning_cal,2025Q2,1mo,Weather,5,0.41,0.5,19,11.0,0.5789473684210527,0.3349978440117354,0.7974785610228372,,,
binning_cal,2025Q2,1mo,Weather,6,0.5,0.6270000000000002,19,8.0,0.42105263157894735,0.2025214389771628,0.6650021559882646,,,
binning_cal,2025Q2,1mo,Weather,7,0.6270000000000002,0.7580000000000001,18,12.0,0.6666666666666666,0.40992523817207444,0.8665725974938765,,,
binning_cal,2025Q2,1mo,Weather,8,0.7580000000000001,0.84,17,14.0,0.8235294117647058,0.5656821271557161,0.962014931929374,,,
binning_cal,2025Q2,1mo,Weather,9,0.84,0.95,20,18.0,0.9,0.6830172859809177,0.9876514728297052,,,
binning_cal,2025Q2,1mo,Entertainment,0,0.05,0.08,39,0.0,0.0,0.0,0.09025110096033431,,,
binning_cal,2025Q2,1mo,Entertainment,1,0.08,0.12,46,2.0,0.043478260869565216,0.005309482849429967,0.14838677592011587,,,
binning_cal,2025Q2,1mo,Entertainment,2,0.12,0.18,60,5.0,0.08333333333333333,0.027613310337426412,0.18385778337658576,,,
binning_cal,2025Q2,1mo,Entertainment,3,0.18,0.29,49,9.0,0.1836734693877551,0.08759033531284728,0.32022121442886853,,,
binning_cal,2025Q2,1mo,Entertainment,4,0.29,0.425,49,11.0,0.22448979591836735,0.1177434205541909,0.3662430188592764,,,
binning_cal,2025Q2,1mo,Entertainment,5,0.425,0.54,43,17.0,0.3953488372093023,0.2497677886475911,0.5559004755343042,,,
binning_cal,2025Q2,1mo,Entertainment,6,0.54,0.66,52,23.0,0.4423076923076923,0.30469562471174694,0.5867244393276559,,,
binning_cal,2025Q2,1mo,Entertainment,7,0.66,0.77,50,32.0,0.64,0.49193135228560114,0.7708429331794127,,,
binning_cal,2025Q2,1mo,Entertainment,8,0.77,0.87,44,30.0,0.6818181818181818,0.5242185785027911,0.81390116282513,,,
binning_cal,2025Q2,1mo,Entertainment,9,0.87,0.95,54,52.0,0.9629629629629629,0.8725282277690526,0.9954827437055395,,,
,2025Q3,1mo,Politics,0,0.05,0.11,10,,,,,raw,0.081,0.0
,2025Q3,1mo,Politics,1,0.11,0.17,11,,,,,raw,0.13,0.0
,2025Q3,1mo,Politics,2,0.17,0.23600000000000007,11,,,,,raw,0.19272727272727275,0.45454545454545453
,2025Q3,1mo,Politics,3,0.23600000000000007,0.36400000000000005,11,,,,,raw,0.28909090909090907,0.36363636363636365
,2025Q3,1mo,Politics,4,0.36400000000000005,0.54,10,,,,,raw,0.422,0.3
,2025Q3,1mo,Politics,5,0.54,0.686,11,,,,,raw,0.5927272727272727,0.8181818181818182
,2025Q3,1mo,Politics,6,0.686,0.792,11,,,,,raw,0.7272727272727273,0.9090909090909091
,2025Q3,1mo,Politics,7,0.792,0.85,9,,,,,raw,0.8133333333333334,0.8888888888888888
,2025Q3,1mo,Politics,8,0.85,0.9,11,,,,,raw,0.870909090909091,1.0
,2025Q3,1mo,Politics,9,0.9,0.95,12,,,,,raw,0.9266666666666666,1.0
,2025Q3,1mo,Sports,0,0.05,0.09,22,,,,,raw,0.06772727272727275,0.0
,2025Q3,1mo,Sports,1,0.09,0.16600000000000004,26,,,,,raw,0.12692307692307694,0.15384615384615385
,2025Q3,1mo,Sports,2,0.16600000000000004,0.26,22,,,,,raw,0.2077272727272728,0.18181818181818182
,2025Q3,1mo,Sports,3,0.26,0.37200000000000005,26,,,,,raw,0.31230769230769234,0.2692307692307692
,2025Q3,1mo,Sports,4,0.37200000000000005,0.46,23,,,,,raw,0.41695652173913045,0.4782608695652174
,2025Q3,1mo,Sports,5,0.46,0.52,21,,,,,raw,0.48714285714285716,0.47619047619047616
,2025Q3,1mo,Sports,6,0.52,0.6060000000000002,27,,,,,raw,0.5607407407407408,0.5925925925925926
,2025Q3,1mo,Sports,7,0.6060000000000002,0.7340000000000001,24,,,,,raw,0.66125,0.7083333333333334
,2025Q3,1mo,Sports,8,0.7340000000000001,0.82,21,,,,,raw,0.7852380952380952,1.0
,2025Q3,1mo,Sports,9,0.82,0.95,27,,,,,raw,0.8918518518518518,0.8518518518518519
,2025Q3,1mo,Politics,0,0.03481660659313667,0.08267894969360368,10,,,,,platt,0.059235216133414315,0.0
,2025Q3,1mo,Politics,1,0.08267894969360368,0.13415907756931844,11,,,,,platt,0.09959370779185063,0.0
,2025Q3,1mo,Politics,2,0.13415907756931844,0.1940681436434109,11,,,,,platt,0.1545339481367827,0.45454545454545453
,2025Q3,1mo,Politics,3,0.1940681436434109,0.31812638953985134,11,,,,,platt,0.24481475940218395,0.36363636363636365
,2025Q3,1mo,Politics,4,0.31812638953985134,0.5020411093943712,10,,,,,platt,0.37776776275248675,0.3
,2025Q3,1mo,Politics,5,0.5020411093943712,0.6624983838936854,11,,,,,platt,0.5595580475659817,0.8181818181818182
,2025Q3,1mo,Politics,6,0.6624983838936854,0.780801219158917,11,,,,,platt,0.7085457913731524,0.9090909090909091
,2025Q3,1mo,Politics,7,0.780801219158917,0.8451183151369104,9,,,,,platt,0.8045246972125341,0.8888888888888888
,2025Q3,1mo,Politics,8,0.8451183151369104,0.8996240962019315,11,,,,,platt,0.8680197393078072,1.0
,2025Q3,1mo,Politics,9,0.8996240962019315,0.9523279857383894,12,,,,,platt,0.9278833581998911,1.0
,2025Q3,1mo,Sports,0,0.03481660659313667,0.0662617883239054,22,,,,,platt,0.04855248845670248,0.0
,2025Q3,1mo,Sports,1,0.0662617883239054,0.13064258351979047,26,,,,,platt,0.09714146882718569,0.15384615384615385
,2025Q3,1mo,Sports,2,0.13064258351979047,0.21656414988503997,22,,,,,platt,0.16820862233220085,0.18181818181818182
,2025Q3,1mo,Sports,3,0.21656414988503997,0.32618130707908755,26,,,,,platt,0.26730383045664696,0.2692307692307692
,2025Q3,1mo,Sports,4,0.32618130707908755,0.41682443648474216,23,,,,,platt,0.3721197742464462,0.4782608695652174
,2025Q3,1mo,Sports,5,0.41682443648474216,0.4805172713843265,21,,,,,platt,0.4455161106256765,0.47619047619047616
,2025Q3,1mo,Sports,6,0.4805172713843265,0.5739525211580818,27,,,,,platt,0.5246184159675172,0.5925925925925926
,2025Q3,1mo,Sports,7,0.5739525211580818,0.7160475768658744,24,,,,,platt,0.6350886494216278,0.7083333333333334
,2025Q3,1mo,Sports,8,0.7160475768658744,0.8119456433773885,21,,,,,platt,0.7732579345879025,1.0
,2025Q3,1mo,Sports,9,0.8119456433773885,0.9523279857383894,27,,,,,platt,0.8901486285100632,0.8518518518518519
,2025Q3,1mo,Politics,0,0.025846823561420217,0.12149532710280372,10,,,,,venn_abers,0.07141441605219989,0.0
,2025Q3,1mo,Politics,1,0.12149532710280372,0.1515151515151515,11,,,,,venn_abers,0.12277418250553725,0.0
,2025Q3,1mo,Politics,2,0.1515151515151515,0.23636363636363636,8,,,,,venn_abers,0.15646700873379732,0.25
,2025Q3,1mo,Politics,3,0.23636363636363636,0.34842765663420555,14,,,,,venn_abers,0.26848008587748906,0.5
,2025Q3,1mo,Politics,4,0.34842765663420555,0.4585561497326203,10,,,,,venn_abers,0.383861208257344,0.3
,2025Q3,1mo,Politics,5,0.4585561497326203,0.6436667329488963,10,,,,,venn_abers,0.48242696248633476,0.8
,2025Q3,1mo,Politics,6,0.6436667329488963,0.7625,10,,,,,venn_abers,0.6436667329488962,0.9
,2025Q3,1mo,Politics,7,0.7625,0.7999999999999999,11,,,,,venn_abers,0.7686640444539031,0.9090909090909091
,2025Q3,1mo,Politics,8,0.7999999999999999,0.95625,11,,,,,venn_abers,0.8616608294429305,1.0
,2025Q3,1mo,Politics,9,0.95625,0.9645390070921986,12,,,,,venn_abers,0.9627949751407474,1.0
,2025Q3,1mo,Sports,0,0.025846823561420217,0.0909090909090909,22,,,,,venn_abers,0.029604060715157764,0.0
,2025Q3,1mo,Sports,1,0.0909090909090909,0.14497000461467469,26,,,,,venn_abers,0.11961769945177747,0.15384615384615385
,2025Q3,1mo,Sports,2,0.14497000461467469,0.23636363636363636,11,,,,,venn_abers,0.1561415518704636,0.36363636363636365
,2025Q3,1mo,Sports,3,0.23636363636363636,0.3497775425364784,37,,,,,venn_abers,0.27736982423686013,0.1891891891891892
,2025Q3,1mo,Sports,4,0.3497775425364784,0.43333333333333335,18,,,,,venn_abers,0.3539632679922417,0.5555555555555556
,2025Q3,1mo,Sports,5,0.43333333333333335,0.4585561497326203,26,,,,,venn_abers,0.43333333333333335,0.4230769230769231
,2025Q3,1mo,Sports,6,0.4585561497326203,0.47058823529411764,18,,,,,venn_abers,0.45911981050928724,0.5555555555555556
,2025Q3,1mo,Sports,7,0.47058823529411764,0.6436667329488963,25,,,,,venn_abers,0.5471335677212561,0.64
,2025Q3,1mo,Sports,8,0.6436667329488963,0.7729149463253508,29,,,,,venn_abers,0.7253765018343591,0.9655172413793104
,2025Q3,1mo,Sports,9,0.7729149463253508,0.9645390070921986,27,,,,,venn_abers,0.8952104748961784,0.8518518518518519
binning_cal,2025Q3,1mo,Sports,0,0.05,0.05,0,0.0,0.25748502994011974,0.0,1.0,,,
binning_cal,2025Q3,1mo,Sports,1,0.05,0.07,29,1.0,0.034482758620689655,0.000872646883579922,0.1776442954887229,,,
binning_cal,2025Q3,1mo,Sports,2,0.07,0.1,17,1.0,0.058823529411764705,0.0014881743912666346,0.2868893966672207,,,
binning_cal,2025Q3,1mo,Sports,3,0.1,0.13400000000000006,21,3.0,0.14285714285714285,0.03048896762151555,0.36342398701698103,,,
binning_cal,2025Q3,1mo,Sports,4,0.13400000000000006,0.18,16,2.0,0.125,0.015513603815413885,0.38347623684926346,,,
binning_cal,2025Q3,1mo,Sports,5,0.18,0.21,14,1.0,0.07142857142857142,0.0018067806591253865,0.3386844899318212,,,
binning_cal,2025Q3,1mo,Sports,6,0.21,0.3,19,1.0,0.05263157894736842,0.0013316288041794228,0.2602806541952142,,,
binning_cal,2025Q3,1mo,Sports,7,0.3,0.39,15,8.0,0.5333333333333333,0.26586134727739663,0.7873332704806921,,,
binning_cal,2025Q3,1mo,Sports,8,0.39,0.7740000000000001,19,11.0,0.5789473684210527,0.3349978440117354,0.7974785610228372,,,
binning_cal,2025Q3,1mo,Sports,9,0.7740000000000001,0.95,17,15.0,0.8823529411764706,0.6355908378987497,0.9854206831596976,,,
binning_cal,2025Q3,1mo,Politics,0,0.05,0.06,25,1.0,0.04,0.0010121996993108446,0.203516913922414,,,
binning_cal,2025Q3,1mo,Politics,1,0.06,0.1,55,2.0,0.03636363636363636,0.004434547318590694,0.12526425709715003,,,
binning_cal,2025Q3,1mo,Politics,2,0.1,0.15,41,6.0,0.14634146341463414,0.055657363712436646,0.29173048801749385,,,
binning_cal,2025Q3,1mo,Politics,3,0.15,0.23600000000000024,43,8.0,0.18604651162790697,0.08391239977559439,0.3340144672424134,,,
binning_cal,2025Q3,1mo,Politics,4,0.23600000000000024,0.35,39,13.0,0.3333333333333333,0.19088097904634604,0.5021722646989095,,,
binning_cal,2025Q3,1mo,Politics,5,0.35,0.5640000000000004,43,23.0,0.5348837209302325,0.3765472601100756,0.6882381209776504,,,
binning_cal,2025Q3,1mo,Politics,6,0.5640000000000004,0.7,39,25.0,0.6410256410256411,0.47179511362541193,0.7879628144392001,,,
binning_cal,2025Q3,1mo,Politics,7,0.7,0.82,39,26.0,0.6666666666666666,0.49782773530109037,0.809119020953654,,,
binning_cal,2025Q3,1mo,Politics,8,0.82,0.89,44,37.0,0.8409090909090909,0.6993467862283121,0.9335565387971044,,,
binning_cal,2025Q3,1mo,Politics,9,0.89,0.95,42,40.0,0.9523809523809523,0.838358040308346,0.99418017516449,,,
binning_cal,2025Q3,1mo,Finance,0,0.05,0.08,29,0.0,0.0,0.0,0.11944486906950269,,,
binning_cal,2025Q3,1mo,Finance,1,0.08,0.14,49,3.0,0.061224489795918366,0.012808421318278845,0.16865890070230113,,,
binning_cal,2025Q3,1mo,Finance,2,0.14,0.21,39,5.0,0.1282051282051282,0.04296834300178916,0.2742994104447158,,,
binning_cal,2025Q3,1mo,Finance,3,0.21,0.31,41,8.0,0.1951219512195122,0.08820610166285123,0.34866546745137966,,,
binning_cal,2025Q3,1mo,Finance,4,0.31,0.46,41,11.0,0.2682926829268293,0.14221300334087128,0.4294447052660821,,,
binning_cal,2025Q3,1mo,Finance,5,0.46,0.63,39,18.0,0.46153846153846156,0.30094780300750784,0.6281892527934811,,,
binning_cal,2025Q3,1mo,Finance,6,0.63,0.75,42,26.0,0.6190476190476191,0.4563674954978985,0.7642794531367836,,,
binning_cal,2025Q3,1mo,Finance,7,0.75,0.85,40,32.0,0.8,0.6435219813207653,0.9094775906000093,,,
binning_cal,2025Q3,1mo,Finance,8,0.85,0.9,34,30.0,0.8823529411764706,0.7254965128576445,0.9669983196635304,,,
binning_cal,2025Q3,1mo,Finance,9,0.9,0.95,47,47.0,1.0,0.9245142663089414,1.0,,,
binning_cal,2025Q3,1mo,Weather,0,0.05,0.11,17,0.0,0.0,0.0,0.19506432296909318,,,
binning_cal,2025Q3,1mo,Weather,1,0.11,0.16,19,1.0,0.05263157894736842,0.0013316288041794228,0.2602806541952142,,,
binning_cal,2025Q3,1mo,Weather,2,0.16,0.2310000000000001,21,6.0,0.2857142857142857,0.11280940392194076,0.5217511182471137,,,
binning_cal,2025Q3,1mo,Weather,3,0.2310000000000001,0.32,16,1.0,0.0625,0.0015811117227658871,0.3023207384345319,,,
binning_cal,2025Q3,1mo,Weather,4,0.32,0.41,20,10.0,0.5,0.27195784956079183,0.7280421504392081,,,
binning_cal,2025Q3,1mo,Weather,5,0.41,0.5,18,9.0,0.5,0.26019058289509706,0.7398094171049029,,,
binning_cal,2025Q3,1mo,Weather,6,0.5,0.63,18,8.0,0.4444444444444444,0.21530150738729983,0.6924283410012437,,,
binning_cal,2025Q3,1mo,Weather,7,0.63,0.7559999999999999,21,15.0,0.7142857142857143,0.47824888175288627,0.8871905960780592,,,
binning_cal,2025Q3,1mo,Weather,8,0.7559999999999999,0.85,16,14.0,0.875,0.6165237631507364,0.9844863961845861,,,
binning_cal,2025Q3,1mo,Weather,9,0.85,0.95,22,19.0,0.8636363636363636,0.6508779027425919,0.9709441488712534,,,
binning_cal,2025Q3,1mo,Entertainment,0,0.05,0.08,42,1.0,0.023809523809523808,0.0006026233016035741,0.12565855717499214,,,
binning_cal,2025Q3,1mo,Entertainment,1,0.08,0.13,66,6.0,0.09090909090909091,0.03409713277126852,0.18744265118647313,,,
binning_cal,2025Q3,1mo,Entertainment,2,0.13,0.19,55,4.0,0.07272727272727272,0.020170533353229988,0.1758675352839683,,,
binning_cal,2025Q3,1mo,Entertainment,3,0.19,0.29,53,13.0,0.24528301886792453,0.13755117555231636,0.3828246582268734,,,
binning_cal,2025Q3,1mo,Entertainment,4,0.29,0.43,56,10.0,0.17857142857142858,0.08910095321397703,0.30397160694224284,,,
binning_cal,2025Q3,1mo,Entertainment,5,0.43,0.55,54,21.0,0.3888888888888889,0.25919827223308073,0.5312122486789042,,,
binning_cal,2025Q3,1mo,Entertainment,6,0.55,0.67,52,26.0,0.5,0.3581204745925295,0.6418795254074704,,,
binning_cal,2025Q3,1mo,Entertainment,7,0.67,0.77,56,34.0,0.6071428571428571,0.46753692744578695,0.7350087374962713,,,
binning_cal,2025Q3,1mo,Entertainment,8,0.77,0.87,55,39.0,0.7090909090909091,0.5710174174438849,0.8237003426417632,,,
binning_cal,2025Q3,1mo,Entertainment,9,0.87,0.95,58,57.0,0.9827586206896551,0.9076389478576248,0.9995635813275813,,,
